Precinct	total_votes	votes|Karen A. Yarbrough
01001	480	480
01002	468	468
01003	555	555
01004	523	523
01005	511	511
01006	448	448
01007	346	346
01008	419	419
01009	391	391
01010	593	593
01011	526	526
01012	527	527
01013	216	216
01014	498	498
01015	441	441
01016	471	471
01017	428	428
01018	522	522
01019	616	616
01020	409	409
01021	563	563
01022	313	313
01023	658	658
01024	438	438
01025	455	455
01026	339	339
01027	490	490
01028	145	145
01029	482	482
01030	539	539
01031	486	486
01032	448	448
01033	512	512
01034	439	439
01035	576	576
01036	513	513
01037	466	466
01038	473	473
01039	393	393
01040	466	466
01041	263	263
01042	150	150
01043	318	318
01044	433	433
02001	540	540
02002	340	340
02003	563	563
02004	425	425
02005	586	586
02006	510	510
02007	471	471
02008	560	560
02009	391	391
02010	344	344
02011	426	426
02012	450	450
02013	405	405
02014	506	506
02015	451	451
02016	460	460
02017	575	575
02018	454	454
02019	286	286
02020	555	555
02021	488	488
02022	488	488
02023	280	280
02024	469	469
02025	548	548
02026	423	423
02027	411	411
02028	555	555
02029	505	505
02030	415	415
02031	565	565
02032	425	425
02033	688	688
02034	351	351
02035	639	639
02036	384	384
02037	440	440
02038	407	407
02039	307	307
02040	567	567
02041	509	509
02042	523	523
02043	655	655
02044	307	307
02045	470	470
02046	267	267
03001	641	641
03002	600	600
03003	425	425
03004	578	578
03005	379	379
03006	572	572
03007	367	367
03008	540	540
03009	539	539
03010	319	319
03011	553	553
03012	495	495
03013	571	571
03014	555	555
03015	556	556
03016	533	533
03017	638	638
03018	779	779
03019	526	526
03020	572	572
03021	533	533
03022	695	695
03023	493	493
03024	484	484
03025	773	773
03026	544	544
03027	602	602
03028	324	324
03029	597	597
03030	492	492
03031	662	662
03032	594	594
03033	602	602
03034	633	633
03035	271	271
03036	342	342
03037	490	490
03038	435	435
03039	665	665
03040	591	591
03041	412	412
04001	651	651
04002	626	626
04003	504	504
04004	730	730
04005	524	524
04006	613	613
04007	635	635
04008	602	602
04009	582	582
04010	604	604
04011	595	595
04012	611	611
04013	603	603
04014	563	563
04015	650	650
04016	734	734
04017	673	673
04018	469	469
04019	531	531
04020	422	422
04021	712	712
04022	523	523
04023	671	671
04024	492	492
04025	564	564
04026	534	534
04027	622	622
04028	512	512
04029	564	564
04030	750	750
04031	524	524
04032	601	601
04033	580	580
04034	500	500
04035	653	653
04036	613	613
04037	795	795
04038	567	567
05001	502	502
05002	465	465
05003	503	503
05004	624	624
05005	483	483
05006	439	439
05007	482	482
05008	494	494
05009	595	595
05010	451	451
05011	528	528
05012	413	413
05013	446	446
05014	417	417
05015	474	474
05016	528	528
05017	465	465
05018	481	481
05019	465	465
05020	565	565
05021	535	535
05022	542	542
05023	838	838
05024	552	552
05025	474	474
05026	563	563
05027	653	653
05028	527	527
05029	569	569
05030	430	430
05031	441	441
05032	560	560
05033	523	523
05034	590	590
05035	507	507
05036	334	334
05037	496	496
05038	507	507
05039	383	383
05040	400	400
05041	261	261
06001	467	467
06002	457	457
06003	459	459
06004	381	381
06005	342	342
06006	418	418
06007	450	450
06008	448	448
06009	478	478
06010	323	323
06011	412	412
06012	392	392
06013	336	336
06014	453	453
06015	426	426
06016	428	428
06017	366	366
06018	348	348
06019	422	422
06020	322	322
06021	299	299
06022	352	352
06023	278	278
06024	267	267
06025	294	294
06026	383	383
06027	306	306
06028	279	279
06029	463	463
06030	420	420
06031	452	452
06032	440	440
06033	451	451
06034	478	478
06035	412	412
06036	468	468
06037	439	439
06038	466	466
06039	412	412
06040	395	395
06041	460	460
06042	481	481
06043	400	400
06044	487	487
06045	501	501
06046	321	321
06047	355	355
06048	454	454
07001	420	420
07002	470	470
07003	421	421
07004	406	406
07005	372	372
07006	559	559
07007	472	472
07008	344	344
07009	710	710
07010	471	471
07011	528	528
07012	415	415
07013	256	256
07014	486	486
07015	432	432
07016	402	402
07017	379	379
07018	420	420
07019	411	411
07020	335	335
07021	370	370
07022	374	374
07023	412	412
07024	360	360
07025	424	424
07026	350	350
07027	361	361
07028	343	343
07029	370	370
07030	358	358
07031	280	280
07032	561	561
07033	500	500
07034	476	476
07035	442	442
07036	500	500
07037	449	449
07038	392	392
07039	391	391
07040	374	374
07041	411	411
07042	392	392
07043	415	415
07044	394	394
07045	464	464
07046	149	149
08001	361	361
08002	444	444
08003	450	450
08004	459	459
08005	465	465
08006	457	457
08007	501	501
08008	404	404
08009	301	301
08010	507	507
08011	408	408
08012	389	389
08013	515	515
08014	431	431
08015	452	452
08016	163	163
08017	364	364
08018	473	473
08019	462	462
08020	479	479
08021	609	609
08022	411	411
08023	401	401
08024	275	275
08025	456	456
08026	462	462
08027	472	472
08028	471	471
08029	518	518
08030	465	465
08031	347	347
08032	360	360
08033	412	412
08034	400	400
08035	455	455
08036	472	472
08037	353	353
08038	286	286
08039	463	463
08040	347	347
08041	474	474
08042	586	586
08043	244	244
08044	305	305
08045	480	480
08046	374	374
08047	369	369
08048	428	428
08049	400	400
08050	449	449
08051	482	482
08052	567	567
08053	247	247
08054	446	446
08055	340	340
08056	459	459
09001	448	448
09002	414	414
09003	408	408
09004	367	367
09005	368	368
09006	414	414
09007	328	328
09008	488	488
09009	479	479
09010	366	366
09011	355	355
09012	495	495
09013	454	454
09014	524	524
09015	510	510
09016	392	392
09017	397	397
09018	335	335
09019	407	407
09020	427	427
09021	388	388
09022	456	456
09023	458	458
09024	418	418
09025	436	436
09026	615	615
09027	402	402
09028	306	306
09029	409	409
09030	371	371
09031	359	359
09032	409	409
09033	357	357
09034	392	392
09035	425	425
09036	390	390
09037	492	492
09038	438	438
09039	472	472
09040	457	457
09041	370	370
09042	424	424
09043	436	436
09044	362	362
09045	391	391
09046	451	451
09047	458	458
09048	448	448
09049	443	443
09050	540	540
09051	426	426
10001	366	366
10002	320	320
10003	328	328
10004	355	355
10005	287	287
10006	312	312
10007	291	291
10008	328	328
10009	306	306
10010	363	363
10011	472	472
10012	264	264
10013	475	475
10014	465	465
10015	815	815
10016	294	294
10017	431	431
10018	290	290
10019	385	385
10020	370	370
10021	378	378
10022	259	259
10023	366	366
10024	342	342
10025	138	138
10026	314	314
10027	440	440
10028	430	430
10029	368	368
10030	379	379
10031	309	309
10032	360	360
10033	291	291
10034	309	309
10035	345	345
10036	91	91
11001	420	420
11002	72	72
11003	402	402
11004	383	383
11005	562	562
11006	607	607
11007	767	767
11008	395	395
11009	351	351
11010	362	362
11011	456	456
11012	524	524
11013	484	484
11014	196	196
11015	148	148
11016	261	261
11017	491	491
11018	330	330
11019	541	541
11020	279	279
11021	531	531
11022	510	510
11023	235	235
11024	497	497
11025	485	485
11026	461	461
11027	162	162
11028	199	199
11029	443	443
11030	183	183
11031	409	409
11032	196	196
11033	483	483
11034	126	126
11035	82	82
11036	177	177
11037	121	121
11038	209	209
12001	421	421
12002	310	310
12003	490	490
12004	399	399
12005	329	329
12006	391	391
12007	420	420
12008	402	402
12009	323	323
12010	471	471
12011	424	424
12012	401	401
12013	420	420
12014	372	372
12015	353	353
12016	383	383
12017	449	449
12018	343	343
12019	390	390
12020	501	501
12021	426	426
12022	380	380
12023	407	407
13001	278	278
13002	248	248
13003	276	276
13004	347	347
13005	416	416
13006	294	294
13007	295	295
13008	257	257
13009	354	354
13010	259	259
13011	345	345
13012	310	310
13013	330	330
13014	344	344
13015	546	546
13016	267	267
13017	308	308
13018	263	263
13019	427	427
13020	203	203
13021	349	349
13022	337	337
13023	307	307
13024	323	323
13025	350	350
13026	361	361
13027	327	327
13028	280	280
13029	300	300
13030	288	288
13031	335	335
13032	256	256
13033	279	279
13034	386	386
13035	307	307
13036	236	236
13037	407	407
13038	265	265
13039	354	354
13040	287	287
13041	414	414
13042	289	289
13043	351	351
13044	365	365
13045	350	350
13046	446	446
13047	424	424
13048	268	268
14001	367	367
14002	513	513
14003	455	455
14004	321	321
14005	576	576
14006	208	208
14007	501	501
14008	453	453
14009	407	407
14010	266	266
14011	262	262
14012	406	406
14013	324	324
14014	419	419
14015	468	468
14016	282	282
14017	333	333
14018	144	144
14019	419	419
14020	271	271
14021	380	380
14022	460	460
14023	285	285
14024	410	410
14025	251	251
14026	299	299
14027	387	387
14028	303	303
14029	353	353
14030	256	256
14031	240	240
15001	384	384
15002	303	303
15003	319	319
15004	377	377
15005	377	377
15006	411	411
15007	311	311
15008	360	360
15009	484	484
15010	512	512
15011	503	503
15012	494	494
15013	392	392
15014	376	376
15015	344	344
15016	413	413
15017	316	316
15018	339	339
15019	345	345
15020	274	274
15021	283	283
15022	344	344
15023	356	356
15024	333	333
16001	445	445
16002	399	399
16003	337	337
16004	365	365
16005	327	327
16006	363	363
16007	343	343
16008	273	273
16009	401	401
16010	352	352
16011	373	373
16012	332	332
16013	411	411
16014	343	343
16015	392	392
16016	336	336
16017	438	438
16018	342	342
16019	348	348
16020	333	333
16021	322	322
16022	363	363
16023	392	392
16024	213	213
16025	397	397
16026	310	310
16027	324	324
16028	344	344
16029	343	343
16030	339	339
16031	380	380
16032	430	430
16033	332	332
16034	342	342
16035	431	431
16036	279	279
17001	375	375
17002	385	385
17003	435	435
17004	552	552
17005	328	328
17006	396	396
17007	401	401
17008	407	407
17009	346	346
17010	538	538
17011	352	352
17012	539	539
17013	374	374
17014	425	425
17015	476	476
17016	420	420
17017	387	387
17018	438	438
17019	281	281
17020	499	499
17021	466	466
17022	377	377
17023	276	276
17024	442	442
17025	340	340
17026	492	492
17027	408	408
17028	319	319
17029	406	406
17030	348	348
17031	290	290
17032	373	373
17033	320	320
17034	325	325
17035	355	355
17036	429	429
17037	353	353
17038	449	449
17039	413	413
17040	424	424
17041	496	496
18001	391	391
18002	382	382
18003	323	323
18004	435	435
18005	317	317
18006	318	318
18007	424	424
18008	407	407
18009	399	399
18010	530	530
18011	341	341
18012	398	398
18013	440	440
18014	426	426
18015	456	456
18016	389	389
18017	434	434
18018	346	346
18019	402	402
18020	343	343
18021	506	506
18022	446	446
18023	402	402
18024	377	377
18025	403	403
18026	485	485
18027	346	346
18028	349	349
18029	434	434
18030	419	419
18031	452	452
18032	448	448
18033	330	330
18034	473	473
18035	454	454
18036	442	442
18037	462	462
18038	383	383
18039	385	385
18040	466	466
18041	479	479
18042	405	405
18043	308	308
18044	315	315
18045	410	410
18046	417	417
18047	361	361
18048	339	339
18049	291	291
18050	357	357
19001	328	328
19002	535	535
19003	252	252
19004	415	415
19005	413	413
19006	359	359
19007	380	380
19008	388	388
19009	291	291
19010	470	470
19011	334	334
19012	264	264
19013	546	546
19014	426	426
19015	449	449
19016	367	367
19017	337	337
19018	352	352
19019	472	472
19020	369	369
19021	383	383
19022	382	382
19023	369	369
19024	246	246
19025	352	352
19026	373	373
19027	433	433
19028	519	519
19029	365	365
19030	325	325
19031	314	314
19032	331	331
19033	357	357
19034	344	344
19035	347	347
19036	622	622
19037	413	413
19038	392	392
19039	207	207
19040	406	406
19041	316	316
19042	296	296
19043	621	621
19044	389	389
19045	370	370
19046	346	346
19047	609	609
19048	577	577
19049	510	510
19050	312	312
19051	404	404
19052	396	396
19053	349	349
19054	265	265
19055	272	272
19056	428	428
19057	337	337
20001	466	466
20002	193	193
20003	367	367
20004	218	218
20005	451	451
20006	237	237
20007	473	473
20008	417	417
20009	588	588
20010	386	386
20011	573	573
20012	395	395
20013	500	500
20014	247	247
20015	443	443
20016	469	469
20017	279	279
20018	357	357
20019	455	455
20020	371	371
20021	383	383
20022	448	448
20023	525	525
20024	446	446
20025	361	361
20026	438	438
20027	247	247
20028	271	271
20029	516	516
20030	230	230
20031	545	545
20032	438	438
20033	314	314
20034	617	617
20035	417	417
20036	178	178
20037	168	168
20038	190	190
20039	52	52
21001	436	436
21002	354	354
21003	473	473
21004	444	444
21005	472	472
21006	397	397
21007	444	444
21008	465	465
21009	466	466
21010	402	402
21011	410	410
21012	414	414
21013	452	452
21014	496	496
21015	418	418
21016	400	400
21017	402	402
21018	494	494
21019	459	459
21020	406	406
21021	378	378
21022	411	411
21023	407	407
21024	431	431
21025	379	379
21026	464	464
21027	417	417
21028	534	534
21029	482	482
21030	361	361
21031	294	294
21032	423	423
21033	422	422
21034	458	458
21035	446	446
21036	459	459
21037	359	359
21038	462	462
21039	368	368
21040	380	380
21041	402	402
21042	477	477
21043	434	434
21044	433	433
21045	397	397
21046	465	465
21047	432	432
21048	403	403
21049	469	469
21050	371	371
21051	418	418
21052	449	449
21053	333	333
21054	369	369
22001	266	266
22002	431	431
22003	531	531
22004	319	319
22005	381	381
22006	383	383
22007	287	287
22008	486	486
22009	339	339
22010	522	522
22011	323	323
22012	341	341
22013	365	365
22014	302	302
22015	340	340
22016	307	307
22017	406	406
22018	390	390
22019	226	226
22020	375	375
22021	487	487
22022	318	318
22023	502	502
22024	456	456
22025	383	383
23001	309	309
23002	298	298
23003	299	299
23004	382	382
23005	389	389
23006	415	415
23007	375	375
23008	428	428
23009	344	344
23010	449	449
23011	456	456
23012	296	296
23013	338	338
23014	279	279
23015	336	336
23016	293	293
23017	273	273
23018	277	277
23019	345	345
23020	271	271
23021	317	317
23022	341	341
23023	290	290
23024	340	340
23025	380	380
23026	359	359
23027	277	277
23028	329	329
23029	288	288
23030	430	430
23031	300	300
23032	387	387
23033	408	408
23034	390	390
23035	253	253
23036	312	312
23037	296	296
23038	288	288
23039	377	377
24001	349	349
24002	381	381
24003	451	451
24004	319	319
24005	251	251
24006	399	399
24007	237	237
24008	185	185
24009	408	408
24010	194	194
24011	457	457
24012	266	266
24013	257	257
24014	368	368
24015	249	249
24016	398	398
24017	325	325
24018	400	400
24019	478	478
24020	344	344
24021	219	219
24022	537	537
24023	375	375
24024	503	503
24025	305	305
24026	516	516
24027	411	411
24028	285	285
24029	277	277
24030	214	214
24031	435	435
24032	233	233
24033	245	245
24034	369	369
24035	380	380
24036	466	466
24037	263	263
24038	304	304
24039	416	416
24040	418	418
24041	296	296
25001	392	392
25002	446	446
25003	560	560
25004	460	460
25005	443	443
25006	114	114
25007	417	417
25008	495	495
25009	460	460
25010	626	626
25011	474	474
25012	421	421
25013	466	466
25014	230	230
25015	385	385
25016	565	565
25017	439	439
25018	218	218
25019	434	434
25020	349	349
25021	772	772
25022	439	439
25023	489	489
25024	454	454
25025	442	442
25026	434	434
25027	600	600
25028	454	454
25029	424	424
25030	430	430
25031	730	730
25032	363	363
26001	364	364
26002	333	333
26003	397	397
26004	269	269
26005	322	322
26006	286	286
26007	345	345
26008	190	190
26009	314	314
26010	329	329
26011	323	323
26012	353	353
26013	212	212
26014	273	273
26015	201	201
26016	221	221
26017	261	261
26018	284	284
26019	259	259
26020	296	296
26021	456	456
26022	222	222
26023	223	223
26024	329	329
26025	297	297
26026	238	238
26027	350	350
26028	437	437
26029	195	195
26030	278	278
26031	163	163
26032	391	391
26033	329	329
26034	377	377
26035	269	269
26036	339	339
26037	382	382
26038	190	190
26039	362	362
26040	241	241
26041	397	397
26042	256	256
26043	219	219
26044	202	202
26045	188	188
26046	242	242
26047	248	248
26048	337	337
26049	195	195
27001	543	543
27002	441	441
27003	271	271
27004	269	269
27005	339	339
27006	412	412
27007	568	568
27008	395	395
27009	200	200
27010	452	452
27011	454	454
27012	289	289
27013	513	513
27014	282	282
27015	315	315
27016	472	472
27017	473	473
27018	330	330
27019	286	286
27020	400	400
27021	409	409
27022	253	253
27023	339	339
27024	345	345
27025	406	406
27026	348	348
27027	566	566
27028	205	205
27029	348	348
27030	236	236
27031	362	362
27032	371	371
27033	420	420
27034	412	412
27035	430	430
27036	340	340
27037	434	434
27038	620	620
27039	305	305
27040	543	543
27041	401	401
27042	287	287
27043	366	366
27044	351	351
27045	754	754
27046	271	271
27047	311	311
27048	670	670
27049	351	351
27050	436	436
28001	358	358
28002	372	372
28003	363	363
28004	295	295
28005	193	193
28006	173	173
28007	469	469
28008	381	381
28009	405	405
28010	459	459
28011	736	736
28012	426	426
28013	382	382
28014	367	367
28015	132	132
28016	287	287
28017	383	383
28018	299	299
28019	328	328
28020	392	392
28021	346	346
28022	366	366
28023	510	510
28024	362	362
28025	505	505
28026	497	497
28027	343	343
28028	402	402
28029	229	229
28030	59	59
28031	522	522
28032	419	419
28033	484	484
28034	776	776
28035	471	471
28036	236	236
28037	560	560
28038	195	195
28039	318	318
28040	532	532
28041	322	322
28042	473	473
28043	529	529
28044	306	306
28045	378	378
28046	619	619
29001	506	506
29002	680	680
29003	556	556
29004	533	533
29005	462	462
29006	428	428
29007	431	431
29008	471	471
29009	446	446
29010	494	494
29011	302	302
29012	562	562
29013	524	524
29014	463	463
29015	553	553
29016	520	520
29017	463	463
29018	496	496
29019	537	537
29020	597	597
29021	629	629
29022	360	360
29023	423	423
29024	454	454
29025	537	537
29026	451	451
29027	411	411
29028	610	610
29029	362	362
29030	473	473
29031	361	361
29032	342	342
29033	322	322
29034	265	265
29035	373	373
29036	404	404
29037	447	447
29038	387	387
29039	372	372
29040	546	546
29041	423	423
29042	528	528
29043	523	523
29044	590	590
30001	439	439
30002	388	388
30003	303	303
30004	362	362
30005	327	327
30006	329	329
30007	432	432
30008	443	443
30009	318	318
30010	451	451
30011	389	389
30012	378	378
30013	357	357
30014	265	265
30015	316	316
30016	196	196
30017	396	396
30018	465	465
30019	420	420
30020	418	418
30021	295	295
30022	522	522
30023	461	461
30024	470	470
30025	513	513
30026	250	250
30027	268	268
30028	462	462
30029	270	270
30030	189	189
30031	260	260
30032	315	315
31001	272	272
31002	231	231
31003	264	264
31004	368	368
31005	284	284
31006	232	232
31007	450	450
31008	221	221
31009	308	308
31010	290	290
31011	240	240
31012	256	256
31013	305	305
31014	269	269
31015	238	238
31016	339	339
31017	264	264
31018	248	248
31019	238	238
31020	268	268
31021	272	272
31022	270	270
31023	266	266
31024	283	283
31025	264	264
31026	293	293
31027	289	289
31028	279	279
31029	252	252
31030	225	225
31031	241	241
31032	254	254
31033	267	267
31034	287	287
31035	300	300
31036	277	277
31037	253	253
31038	295	295
31039	294	294
31040	309	309
31041	265	265
32001	581	581
32002	535	535
32003	528	528
32004	462	462
32005	515	515
32006	562	562
32007	528	528
32008	583	583
32009	513	513
32010	496	496
32011	480	480
32012	362	362
32013	516	516
32014	525	525
32015	497	497
32016	491	491
32017	507	507
32018	423	423
32019	475	475
32020	503	503
32021	532	532
32022	674	674
32023	470	470
32024	400	400
32025	477	477
32026	543	543
32027	474	474
32028	498	498
32029	530	530
32030	472	472
32031	484	484
32032	480	480
32033	480	480
32034	516	516
32035	453	453
32036	494	494
32037	509	509
32038	475	475
32039	501	501
32040	501	501
32041	496	496
32042	462	462
32043	442	442
33001	524	524
33002	600	600
33003	598	598
33004	664	664
33005	471	471
33006	485	485
33007	569	569
33008	642	642
33009	577	577
33010	469	469
33011	570	570
33012	537	537
33013	513	513
33014	263	263
33015	570	570
33016	685	685
33017	577	577
33018	647	647
33019	539	539
33020	601	601
33021	570	570
33022	490	490
33023	559	559
33024	635	635
33025	622	622
33026	410	410
33027	547	547
33028	507	507
34001	464	464
34002	335	335
34003	483	483
34004	373	373
34005	400	400
34006	497	497
34007	481	481
34008	361	361
34009	394	394
34010	433	433
34011	399	399
34012	474	474
34013	457	457
34014	371	371
34015	433	433
34016	399	399
34017	565	565
34018	345	345
34019	552	552
34020	485	485
34021	495	495
34022	406	406
34023	366	366
34024	421	421
34025	468	468
34026	482	482
34027	391	391
34028	330	330
34029	363	363
34030	383	383
34031	392	392
34032	432	432
34033	414	414
34034	464	464
34035	498	498
34036	386	386
34037	321	321
34038	260	260
34039	343	343
34040	499	499
34041	323	323
34042	407	407
34043	389	389
34044	419	419
34045	455	455
34046	290	290
34047	455	455
34048	454	454
34049	538	538
34050	399	399
34051	462	462
34052	330	330
34053	337	337
35001	446	446
35002	437	437
35003	450	450
35004	422	422
35005	403	403
35006	427	427
35007	440	440
35008	458	458
35009	417	417
35010	579	579
35011	473	473
35012	319	319
35013	318	318
35014	346	346
35015	515	515
35016	305	305
35017	503	503
35018	337	337
35019	284	284
35020	428	428
35021	391	391
35022	535	535
35023	427	427
35024	400	400
35025	561	561
35026	389	389
35027	426	426
35028	426	426
35029	448	448
35030	450	450
35031	477	477
36001	411	411
36002	393	393
36003	336	336
36004	416	416
36005	384	384
36006	330	330
36007	385	385
36008	331	331
36009	367	367
36010	421	421
36011	308	308
36012	259	259
36013	263	263
36014	385	385
36015	394	394
36016	386	386
36017	377	377
36018	338	338
36019	467	467
36020	358	358
36021	334	334
36022	360	360
36023	350	350
36024	379	379
36025	404	404
36026	297	297
36027	340	340
36028	331	331
36029	379	379
36030	382	382
37001	342	342
37002	342	342
37003	357	357
37004	373	373
37005	446	446
37006	446	446
37007	301	301
37008	343	343
37009	482	482
37010	497	497
37011	369	369
37012	324	324
37013	344	344
37014	482	482
37015	469	469
37016	478	478
37017	402	402
37018	427	427
37019	388	388
37020	374	374
37021	373	373
37022	381	381
37023	428	428
37024	456	456
37025	431	431
37026	521	521
37027	460	460
37028	390	390
37029	435	435
37030	431	431
37031	463	463
37032	400	400
37033	507	507
37034	420	420
37035	460	460
37036	450	450
37037	522	522
37038	467	467
37039	424	424
37040	475	475
37041	412	412
38001	348	348
38002	308	308
38003	380	380
38004	337	337
38005	348	348
38006	371	371
38007	324	324
38008	335	335
38009	368	368
38010	341	341
38011	339	339
38012	306	306
38013	328	328
38014	394	394
38015	344	344
38016	351	351
38017	380	380
38018	363	363
38019	409	409
38020	360	360
38021	326	326
38022	341	341
38023	403	403
38024	373	373
38025	317	317
38026	351	351
38027	358	358
38028	420	420
38029	358	358
38030	339	339
38031	390	390
38032	361	361
38033	352	352
38034	352	352
38035	370	370
38036	350	350
38037	369	369
38038	335	335
38039	417	417
38040	367	367
38041	371	371
39001	354	354
39002	303	303
39003	426	426
39004	335	335
39005	420	420
39006	411	411
39007	365	365
39008	430	430
39009	410	410
39010	215	215
39011	380	380
39012	551	551
39013	337	337
39014	379	379
39015	404	404
39016	376	376
39017	395	395
39018	384	384
39019	387	387
39020	442	442
39021	358	358
39022	360	360
39023	361	361
39024	404	404
39025	362	362
39026	364	364
39027	58	58
39028	464	464
39029	249	249
39030	527	527
39031	381	381
39032	323	323
39033	480	480
39034	440	440
39035	379	379
39036	132	132
39037	342	342
39038	216	216
39039	232	232
39040	321	321
39041	406	406
39042	354	354
39043	364	364
39044	261	261
39045	322	322
40001	424	424
40002	415	415
40003	584	584
40004	261	261
40005	484	484
40006	564	564
40007	455	455
40008	603	603
40009	396	396
40010	491	491
40011	481	481
40012	364	364
40013	738	738
40014	387	387
40015	409	409
40016	594	594
40017	369	369
40018	425	425
40019	547	547
40020	460	460
40021	546	546
40022	465	465
40023	545	545
40024	405	405
40025	604	604
40026	486	486
40027	626	626
40028	546	546
40029	417	417
40030	356	356
40031	555	555
40032	539	539
40033	474	474
40034	394	394
40035	340	340
40036	436	436
40037	486	486
40038	576	576
40039	171	171
41001	336	336
41002	360	360
41003	359	359
41004	364	364
41005	422	422
41006	385	385
41007	390	390
41008	352	352
41009	374	374
41010	370	370
41011	392	392
41012	385	385
41013	405	405
41014	406	406
41015	465	465
41016	363	363
41017	383	383
41018	318	318
41019	368	368
41020	299	299
41021	369	369
41022	376	376
41023	357	357
41024	315	315
41025	349	349
41026	352	352
41027	330	330
41028	448	448
41029	334	334
41030	373	373
41031	384	384
41032	311	311
41033	335	335
41034	302	302
41035	413	413
41036	357	357
41037	417	417
41038	333	333
41039	391	391
41040	363	363
41041	363	363
41042	357	357
41043	375	375
41044	360	360
41045	348	348
41046	360	360
41047	363	363
42001	414	414
42002	562	562
42003	562	562
42004	878	878
42005	418	418
42006	468	468
42007	552	552
42008	432	432
42009	585	585
42010	637	637
42011	293	293
42012	393	393
42013	381	381
42014	600	600
42015	408	408
42016	526	526
42017	687	687
42018	630	630
42019	597	597
42020	524	524
42021	543	543
42022	268	268
42023	483	483
42024	448	448
42025	526	526
42026	560	560
42027	355	355
42028	558	558
42029	500	500
42030	361	361
42031	604	604
42032	520	520
42033	605	605
42034	392	392
42035	711	711
42036	810	810
42037	380	380
42038	461	461
42039	577	577
42040	696	696
42041	532	532
42042	843	843
43001	277	277
43002	496	496
43003	449	449
43004	626	626
43005	425	425
43006	412	412
43007	312	312
43008	378	378
43009	512	512
43010	519	519
43011	466	466
43012	362	362
43013	516	516
43014	464	464
43015	549	549
43016	574	574
43017	418	418
43018	522	522
43019	543	543
43020	520	520
43021	537	537
43022	376	376
43023	372	372
43024	411	411
43025	400	400
43026	320	320
43027	477	477
43028	640	640
43029	508	508
43030	664	664
43031	492	492
43032	575	575
43033	459	459
43034	359	359
43035	498	498
43036	312	312
43037	642	642
43038	361	361
43039	562	562
43040	402	402
43041	669	669
43042	478	478
43043	480	480
43044	471	471
43045	312	312
43046	309	309
44001	911	911
44002	527	527
44003	323	323
44004	488	488
44005	623	623
44006	702	702
44007	366	366
44008	742	742
44009	489	489
44010	542	542
44011	590	590
44012	616	616
44013	469	469
44014	519	519
44015	523	523
44016	592	592
44017	720	720
44018	554	554
44019	664	664
44020	606	606
44021	663	663
44022	580	580
44023	590	590
44024	407	407
44025	518	518
44026	656	656
44027	593	593
44028	597	597
44029	609	609
44030	621	621
44031	512	512
44032	649	649
44033	591	591
44034	598	598
44035	625	625
44036	580	580
44037	634	634
44038	556	556
44039	527	527
44040	512	512
44041	720	720
45001	347	347
45002	369	369
45003	364	364
45004	491	491
45005	389	389
45006	475	475
45007	572	572
45008	429	429
45009	425	425
45010	439	439
45011	322	322
45012	374	374
45013	340	340
45014	543	543
45015	516	516
45016	342	342
45017	450	450
45018	415	415
45019	220	220
45020	286	286
45021	330	330
45022	368	368
45023	355	355
45024	291	291
45025	236	236
45026	205	205
45027	345	345
45028	309	309
45029	246	246
45030	392	392
45031	301	301
45032	332	332
45033	267	267
45034	420	420
45035	367	367
45036	379	379
45037	372	372
45038	345	345
45039	363	363
45040	368	368
45041	319	319
45042	369	369
45043	353	353
45044	350	350
45045	236	236
45046	280	280
45047	277	277
45048	297	297
46001	384	384
46002	458	458
46003	602	602
46004	484	484
46005	641	641
46006	470	470
46007	548	548
46008	391	391
46009	571	571
46010	878	878
46011	494	494
46012	568	568
46013	543	543
46014	580	580
46015	571	571
46016	580	580
46017	577	577
46018	568	568
46019	351	351
46020	452	452
46021	372	372
46022	385	385
46023	410	410
46024	574	574
46025	509	509
46026	547	547
46027	653	653
46028	509	509
46029	457	457
46030	577	577
46031	565	565
46032	510	510
46033	601	601
46034	634	634
46035	659	659
46036	507	507
46037	355	355
46038	589	589
46039	500	500
46040	443	443
47001	327	327
47002	476	476
47003	495	495
47004	503	503
47005	565	565
47006	584	584
47007	480	480
47008	511	511
47009	466	466
47010	671	671
47011	526	526
47012	556	556
47013	499	499
47014	475	475
47015	649	649
47016	508	508
47017	476	476
47018	535	535
47019	683	683
47020	478	478
47021	492	492
47022	575	575
47023	552	552
47024	542	542
47025	606	606
47026	706	706
47027	471	471
47028	470	470
47029	543	543
47030	679	679
47031	522	522
47032	620	620
47033	530	530
47034	542	542
47035	495	495
47036	609	609
47037	565	565
47038	521	521
47039	519	519
47040	501	501
47041	593	593
47042	523	523
47043	495	495
47044	488	488
47045	481	481
47046	445	445
47047	618	618
47048	42	42
48001	472	472
48002	219	219
48003	642	642
48004	509	509
48005	258	258
48006	646	646
48007	525	525
48008	267	267
48009	349	349
48010	706	706
48011	400	400
48012	597	597
48013	626	626
48014	261	261
48015	360	360
48016	546	546
48017	469	469
48018	361	361
48019	333	333
48020	567	567
48021	652	652
48022	401	401
48023	539	539
48024	562	562
48025	445	445
48026	279	279
48027	999	999
48028	585	585
48029	231	231
48030	448	448
48031	772	772
48032	551	551
48033	273	273
48034	450	450
48035	303	303
48036	299	299
48037	538	538
48038	481	481
48039	391	391
48040	440	440
48041	666	666
48042	637	637
48043	546	546
48044	633	633
48045	400	400
48046	330	330
49001	388	388
49002	349	349
49003	582	582
49004	644	644
49005	529	529
49006	519	519
49007	560	560
49008	443	443
49009	549	549
49010	509	509
49011	636	636
49012	745	745
49013	616	616
49014	442	442
49015	447	447
49016	487	487
49017	330	330
49018	676	676
49019	524	524
49020	801	801
49021	341	341
49022	541	541
49023	664	664
49024	480	480
49025	715	715
49026	567	567
49027	667	667
49028	693	693
49029	618	618
49030	588	588
49031	429	429
49032	577	577
49033	476	476
50001	309	309
50002	224	224
50003	281	281
50004	394	394
50005	203	203
50006	419	419
50007	445	445
50008	440	440
50009	322	322
50010	364	364
50011	200	200
50012	158	158
50013	498	498
50014	103	103
50015	418	418
50016	107	107
50017	366	366
50018	62	62
50019	265	265
50020	398	398
50021	332	332
50022	300	300
50023	234	234
50024	258	258
50025	296	296
50026	448	448
50027	99	99
50028	430	430
50029	457	457
50030	289	289
50031	500	500
50032	505	505
50033	226	226
50034	463	463
50035	486	486
50036	331	331
50037	404	404
50038	154	154
50039	271	271
50040	275	275
Barrington 1	407	407
Barrington 2	434	434
Barrington 3	464	464
Barrington 4	596	596
Barrington 5	382	382
Barrington 6	569	569
Barrington 7	149	149
Barrington 8	648	648
Barrington 9	326	326
Barrington 10	698	698
Barrington 11	359	359
Berwyn Ward 1 Precinct 1	351	351
Berwyn Ward 1 Precinct 2	445	445
Berwyn Ward 1 Precinct 3	632	632
Berwyn Ward 1 Precinct 4	361	361
Berwyn Ward 1 Precinct 5	355	355
Berwyn Ward 2 Precinct 1	272	272
Berwyn Ward 2 Precinct 2	477	477
Berwyn Ward 2 Precinct 3	557	557
Berwyn Ward 2 Precinct 4	798	798
Berwyn Ward 3 Precinct 1	477	477
Berwyn Ward 3 Precinct 2	325	325
Berwyn Ward 3 Precinct 3	357	357
Berwyn Ward 3 Precinct 4	495	495
Berwyn Ward 3 Precinct 5	559	559
Berwyn Ward 4 Precinct 1	337	337
Berwyn Ward 4 Precinct 2	524	524
Berwyn Ward 4 Precinct 3	648	648
Berwyn Ward 4 Precinct 4	353	353
Berwyn Ward 5 Precinct 1	795	795
Berwyn Ward 5 Precinct 2	469	469
Berwyn Ward 5 Precinct 3	409	409
Berwyn Ward 6 Precinct 1	270	270
Berwyn Ward 6 Precinct 2	370	370
Berwyn Ward 6 Precinct 3	501	501
Berwyn Ward 6 Precinct 4	572	572
Berwyn Ward 7 Precinct 1	454	454
Berwyn Ward 7 Precinct 2	447	447
Berwyn Ward 7 Precinct 3	567	567
Berwyn Ward 7 Precinct 4	590	590
Berwyn Ward 8 Precinct 1	790	790
Berwyn Ward 8 Precinct 2	500	500
Berwyn Ward 8 Precinct 3	312	312
Bloom 1	491	491
Bloom 2	541	541
Bloom 3	429	429
Bloom 4	539	539
Bloom 5	337	337
Bloom 6	320	320
Bloom 7	524	524
Bloom 8	455	455
Bloom 9	432	432
Bloom 10	291	291
Bloom 11	306	306
Bloom 12	569	569
Bloom 13	872	872
Bloom 14	652	652
Bloom 15	426	426
Bloom 16	535	535
Bloom 17	447	447
Bloom 18	428	428
Bloom 19	501	501
Bloom 20	445	445
Bloom 21	165	165
Bloom 22	477	477
Bloom 23	618	618
Bloom 24	996	996
Bloom 25	440	440
Bloom 26	422	422
Bloom 27	561	561
Bloom 28	433	433
Bloom 29	296	296
Bloom 30	630	630
Bloom 31	421	421
Bloom 32	409	409
Bloom 33	471	471
Bloom 34	317	317
Bloom 35	291	291
Bloom 36	724	724
Bloom 37	334	334
Bloom 38	1241	1241
Bloom 39	469	469
Bloom 40	325	325
Bloom 41	674	674
Bloom 42	458	458
Bloom 43	519	519
Bloom 44	569	569
Bloom 45	794	794
Bloom 46	458	458
Bloom 47	581	581
Bloom 48	396	396
Bloom 49	562	562
Bloom 50	441	441
Bloom 51	293	293
Bloom 52	505	505
Bloom 53	284	284
Bloom 54	494	494
Bloom 55	501	501
Bloom 56	359	359
Bloom 57	478	478
Bloom 58	376	376
Bloom 59	412	412
Bloom 60	498	498
Bloom 61	429	429
Bremen 1	543	543
Bremen 2	473	473
Bremen 3	401	401
Bremen 4	433	433
Bremen 5	345	345
Bremen 6	345	345
Bremen 7	377	377
Bremen 8	466	466
Bremen 9	328	328
Bremen 10	510	510
Bremen 11	503	503
Bremen 12	455	455
Bremen 13	488	488
Bremen 14	421	421
Bremen 15	376	376
Bremen 16	401	401
Bremen 17	494	494
Bremen 18	650	650
Bremen 19	199	199
Bremen 20	325	325
Bremen 21	613	613
Bremen 22	338	338
Bremen 23	239	239
Bremen 24	310	310
Bremen 25	605	605
Bremen 26	456	456
Bremen 27	516	516
Bremen 28	359	359
Bremen 29	789	789
Bremen 30	444	444
Bremen 31	561	561
Bremen 32	513	513
Bremen 33	414	414
Bremen 34	538	538
Bremen 35	379	379
Bremen 36	264	264
Bremen 37	359	359
Bremen 38	503	503
Bremen 39	393	393
Bremen 40	800	800
Bremen 41	299	299
Bremen 42	553	553
Bremen 43	407	407
Bremen 44	434	434
Bremen 45	338	338
Bremen 46	402	402
Bremen 47	469	469
Bremen 48	482	482
Bremen 49	454	454
Bremen 50	445	445
Bremen 51	700	700
Bremen 52	400	400
Bremen 53	302	302
Bremen 54	330	330
Bremen 55	437	437
Bremen 56	617	617
Bremen 57	424	424
Bremen 58	535	535
Bremen 59	385	385
Bremen 60	350	350
Bremen 61	423	423
Bremen 62	499	499
Bremen 63	726	726
Bremen 64	498	498
Bremen 65	280	280
Bremen 66	425	425
Bremen 67	562	562
Bremen 68	255	255
Bremen 69	432	432
Bremen 70	391	391
Bremen 71	407	407
Bremen 72	271	271
Bremen 73	470	470
Bremen 74	529	529
Bremen 75	567	567
Bremen 76	333	333
Bremen 77	688	688
Bremen 78	496	496
Bremen 79	408	408
Bremen 80	513	513
Calumet 1	588	588
Calumet 2	530	530
Calumet 3	582	582
Calumet 4	591	591
Calumet 5	456	456
Calumet 6	765	765
Calumet 7	607	607
Calumet 8	403	403
Calumet 9	447	447
Calumet 10	623	623
Calumet 11	794	794
Calumet 12	423	423
Cicero 1	645	645
Cicero 2	311	311
Cicero 3	420	420
Cicero 4	514	514
Cicero 5	566	566
Cicero 6	494	494
Cicero 7	389	389
Cicero 8	285	285
Cicero 9	580	580
Cicero 10	617	617
Cicero 11	484	484
Cicero 12	389	389
Cicero 13	421	421
Cicero 14	430	430
Cicero 15	519	519
Cicero 16	400	400
Cicero 17	620	620
Cicero 18	356	356
Cicero 19	677	677
Cicero 20	388	388
Cicero 21	520	520
Cicero 22	404	404
Cicero 23	655	655
Cicero 24	597	597
Cicero 25	472	472
Cicero 26	379	379
Cicero 27	548	548
Cicero 28	554	554
Cicero 29	491	491
Cicero 30	444	444
Cicero 31	384	384
Cicero 32	406	406
Elk Grove 1	395	395
Elk Grove 2	430	430
Elk Grove 3	536	536
Elk Grove 4	519	519
Elk Grove 5	648	648
Elk Grove 6	355	355
Elk Grove 7	500	500
Elk Grove 8	403	403
Elk Grove 9	428	428
Elk Grove 10	607	607
Elk Grove 11	500	500
Elk Grove 12	284	284
Elk Grove 13	456	456
Elk Grove 14	502	502
Elk Grove 15	369	369
Elk Grove 16	499	499
Elk Grove 17	442	442
Elk Grove 18	614	614
Elk Grove 19	534	534
Elk Grove 20	469	469
Elk Grove 21	396	396
Elk Grove 22	499	499
Elk Grove 23	677	677
Elk Grove 24	428	428
Elk Grove 25	384	384
Elk Grove 26	376	376
Elk Grove 27	510	510
Elk Grove 28	473	473
Elk Grove 29	401	401
Elk Grove 30	415	415
Elk Grove 31	319	319
Elk Grove 32	336	336
Elk Grove 33	282	282
Elk Grove 34	773	773
Elk Grove 35	413	413
Elk Grove 36	338	338
Elk Grove 37	579	579
Elk Grove 38	393	393
Elk Grove 39	657	657
Elk Grove 40	474	474
Elk Grove 41	322	322
Elk Grove 42	472	472
Elk Grove 43	377	377
Elk Grove 44	361	361
Elk Grove 45	353	353
Elk Grove 46	304	304
Elk Grove 47	521	521
Elk Grove 48	298	298
Elk Grove 49	575	575
Elk Grove 50	283	283
Elk Grove 51	570	570
Elk Grove 52	250	250
Evanston Ward 1 Precinct 1	594	594
Evanston Ward 1 Precinct 2	631	631
Evanston Ward 1 Precinct 3	593	593
Evanston Ward 1 Precinct 4	827	827
Evanston Ward 2 Precinct 1	1147	1147
Evanston Ward 2 Precinct 2	483	483
Evanston Ward 2 Precinct 3	676	676
Evanston Ward 2 Precinct 4	817	817
Evanston Ward 2 Precinct 5	558	558
Evanston Ward 3 Precinct 1	636	636
Evanston Ward 3 Precinct 2	753	753
Evanston Ward 3 Precinct 3	685	685
Evanston Ward 3 Precinct 4	359	359
Evanston Ward 3 Precinct 5	675	675
Evanston Ward 3 Precinct 6	622	622
Evanston Ward 3 Precinct 7	568	568
Evanston Ward 4 Precinct 1	369	369
Evanston Ward 4 Precinct 2	578	578
Evanston Ward 4 Precinct 3	434	434
Evanston Ward 4 Precinct 4	894	894
Evanston Ward 4 Precinct 5	358	358
Evanston Ward 4 Precinct 6	818	818
Evanston Ward 5 Precinct 1	644	644
Evanston Ward 5 Precinct 2	857	857
Evanston Ward 5 Precinct 3	660	660
Evanston Ward 5 Precinct 4	406	406
Evanston Ward 6 Precinct 1	916	916
Evanston Ward 6 Precinct 2	467	467
Evanston Ward 6 Precinct 3	489	489
Evanston Ward 6 Precinct 4	654	654
Evanston Ward 6 Precinct 5	773	773
Evanston Ward 6 Precinct 6	407	407
Evanston Ward 6 Precinct 7	731	731
Evanston Ward 7 Precinct 1	906	906
Evanston Ward 7 Precinct 2	950	950
Evanston Ward 7 Precinct 3	396	396
Evanston Ward 7 Precinct 4	454	454
Evanston Ward 7 Precinct 5	800	800
Evanston Ward 7 Precinct 6	136	136
Evanston Ward 8 Precinct 1	763	763
Evanston Ward 8 Precinct 2	593	593
Evanston Ward 8 Precinct 3	528	528
Evanston Ward 8 Precinct 4	647	647
Evanston Ward 8 Precinct 5	829	829
Evanston Ward 9 Precinct 1	518	518
Evanston Ward 9 Precinct 2	575	575
Evanston Ward 9 Precinct 3	855	855
Evanston Ward 9 Precinct 4	721	721
Evanston Ward 9 Precinct 5	440	440
Evanston Ward 9 Precinct 6	629	629
Hanover 1	728	728
Hanover 2	567	567
Hanover 3	261	261
Hanover 4	552	552
Hanover 5	536	536
Hanover 6	469	469
Hanover 7	553	553
Hanover 8	461	461
Hanover 9	482	482
Hanover 10	314	314
Hanover 11	554	554
Hanover 12	443	443
Hanover 13	368	368
Hanover 14	578	578
Hanover 15	451	451
Hanover 16	630	630
Hanover 17	421	421
Hanover 18	543	543
Hanover 19	415	415
Hanover 20	779	779
Hanover 21	316	316
Hanover 22	468	468
Hanover 23	527	527
Hanover 24	572	572
Hanover 25	409	409
Hanover 26	711	711
Hanover 27	1360	1360
Hanover 28	675	675
Hanover 29	379	379
Hanover 30	560	560
Hanover 31	372	372
Hanover 32	418	418
Hanover 33	526	526
Hanover 34	659	659
Hanover 35	576	576
Hanover 36	381	381
Hanover 37	711	711
Hanover 38	566	566
Hanover 39	591	591
Hanover 40	585	585
Hanover 41	720	720
Hanover 42	500	500
Hanover 43	537	537
Hanover 44	635	635
Lemont 1	396	396
Lemont 2	333	333
Lemont 3	466	466
Lemont 4	451	451
Lemont 5	477	477
Lemont 6	485	485
Lemont 7	360	360
Lemont 8	496	496
Lemont 9	260	260
Lemont 10	354	354
Lemont 11	568	568
Lemont 12	709	709
Lemont 13	576	576
Lemont 14	413	413
Leyden 1	320	320
Leyden 2	261	261
Leyden 3	575	575
Leyden 4	473	473
Leyden 5	456	456
Leyden 6	575	575
Leyden 7	265	265
Leyden 8	548	548
Leyden 9	535	535
Leyden 10	588	588
Leyden 11	468	468
Leyden 12	355	355
Leyden 13	516	516
Leyden 14	367	367
Leyden 15	522	522
Leyden 16	547	547
Leyden 17	408	408
Leyden 18	312	312
Leyden 19	473	473
Leyden 20	250	250
Leyden 21	386	386
Leyden 22	317	317
Leyden 23	703	703
Leyden 24	598	598
Leyden 25	323	323
Leyden 26	675	675
Leyden 27	114	114
Leyden 28	256	256
Leyden 29	358	358
Leyden 30	527	527
Leyden 31	554	554
Leyden 32	558	558
Leyden 33	565	565
Leyden 34	350	350
Leyden 35	252	252
Leyden 36	466	466
Leyden 37	332	332
Leyden 38	156	156
Leyden 39	338	338
Leyden 40	494	494
Leyden 41	297	297
Leyden 42	441	441
Leyden 43	363	363
Leyden 44	419	419
Leyden 45	405	405
Leyden 46	410	410
Leyden 47	457	457
Leyden 48	576	576
Leyden 49	639	639
Leyden 50	599	599
Lyons 1	51	51
Lyons 2	399	399
Lyons 3	445	445
Lyons 4	706	706
Lyons 5	501	501
Lyons 6	334	334
Lyons 7	495	495
Lyons 8	303	303
Lyons 9	557	557
Lyons 10	430	430
Lyons 11	314	314
Lyons 12	268	268
Lyons 13	259	259
Lyons 14	509	509
Lyons 15	464	464
Lyons 16	768	768
Lyons 17	286	286
Lyons 18	373	373
Lyons 19	543	543
Lyons 20	681	681
Lyons 21	717	717
Lyons 22	361	361
Lyons 23	497	497
Lyons 24	367	367
Lyons 25	460	460
Lyons 26	263	263
Lyons 27	333	333
Lyons 28	506	506
Lyons 29	418	418
Lyons 30	80	80
Lyons 31	401	401
Lyons 32	193	193
Lyons 33	183	183
Lyons 34	244	244
Lyons 35	446	446
Lyons 36	390	390
Lyons 37	373	373
Lyons 38	221	221
Lyons 39	469	469
Lyons 40	353	353
Lyons 41	276	276
Lyons 42	389	389
Lyons 43	368	368
Lyons 44	647	647
Lyons 45	682	682
Lyons 46	365	365
Lyons 47	439	439
Lyons 48	495	495
Lyons 49	252	252
Lyons 50	513	513
Lyons 51	402	402
Lyons 52	463	463
Lyons 53	416	416
Lyons 54	235	235
Lyons 55	458	458
Lyons 56	753	753
Lyons 57	594	594
Lyons 58	383	383
Lyons 59	447	447
Lyons 60	869	869
Lyons 61	433	433
Lyons 62	188	188
Lyons 63	572	572
Lyons 64	484	484
Lyons 65	642	642
Lyons 66	342	342
Lyons 67	557	557
Lyons 68	371	371
Lyons 69	552	552
Lyons 70	543	543
Lyons 71	274	274
Lyons 72	559	559
Lyons 73	393	393
Lyons 74	273	273
Lyons 75	370	370
Lyons 76	344	344
Lyons 77	358	358
Lyons 78	296	296
Maine 1	384	384
Maine 2	421	421
Maine 3	252	252
Maine 4	440	440
Maine 5	670	670
Maine 6	705	705
Maine 7	366	366
Maine 8	535	535
Maine 9	769	769
Maine 10	330	330
Maine 11	308	308
Maine 12	312	312
Maine 13	469	469
Maine 14	570	570
Maine 15	284	284
Maine 16	328	328
Maine 17	465	465
Maine 18	401	401
Maine 19	300	300
Maine 20	241	241
Maine 21	544	544
Maine 22	548	548
Maine 23	456	456
Maine 24	565	565
Maine 25	474	474
Maine 26	390	390
Maine 27	290	290
Maine 28	303	303
Maine 29	590	590
Maine 30	837	837
Maine 31	455	455
Maine 32	245	245
Maine 33	450	450
Maine 34	570	570
Maine 35	421	421
Maine 36	404	404
Maine 37	403	403
Maine 38	382	382
Maine 39	475	475
Maine 40	440	440
Maine 41	394	394
Maine 42	592	592
Maine 43	288	288
Maine 44	296	296
Maine 45	253	253
Maine 46	457	457
Maine 47	501	501
Maine 48	541	541
Maine 49	480	480
Maine 50	370	370
Maine 51	489	489
Maine 52	397	397
Maine 53	445	445
Maine 54	425	425
Maine 55	355	355
Maine 56	639	639
Maine 57	366	366
Maine 58	516	516
Maine 59	422	422
Maine 60	673	673
Maine 61	259	259
Maine 62	271	271
Maine 63	327	327
Maine 64	352	352
Maine 65	301	301
Maine 66	216	216
Maine 67	546	546
Maine 68	338	338
Maine 69	463	463
Maine 70	567	567
Maine 71	229	229
Maine 72	333	333
Maine 73	166	166
Maine 74	352	352
Maine 75	406	406
Maine 76	224	224
Maine 77	670	670
Maine 78	451	451
Maine 79	519	519
Maine 80	364	364
Maine 81	328	328
Maine 82	369	369
Maine 83	270	270
Maine 84	267	267
Maine 85	219	219
Maine 86	426	426
Maine 87	241	241
Maine 88	236	236
Maine 89	341	341
Maine 90	235	235
Maine 91	612	612
Maine 92	363	363
New Trier 1	755	755
New Trier 2	819	819
New Trier 3	530	530
New Trier 4	677	677
New Trier 5	457	457
New Trier 6	392	392
New Trier 7	497	497
New Trier 8	383	383
New Trier 9	468	468
New Trier 10	440	440
New Trier 11	597	597
New Trier 12	547	547
New Trier 13	657	657
New Trier 14	558	558
New Trier 15	605	605
New Trier 16	625	625
New Trier 17	508	508
New Trier 18	365	365
New Trier 19	293	293
New Trier 20	688	688
New Trier 21	597	597
New Trier 22	437	437
New Trier 23	408	408
New Trier 24	700	700
New Trier 25	425	425
New Trier 26	415	415
New Trier 27	527	527
New Trier 28	437	437
New Trier 29	422	422
New Trier 30	618	618
New Trier 31	569	569
New Trier 32	443	443
New Trier 33	634	634
New Trier 34	422	422
New Trier 35	315	315
New Trier 36	693	693
New Trier 37	571	571
New Trier 38	554	554
New Trier 39	380	380
New Trier 40	302	302
New Trier 41	386	386
Niles 1	483	483
Niles 2	578	578
Niles 3	704	704
Niles 4	432	432
Niles 5	291	291
Niles 6	413	413
Niles 7	769	769
Niles 8	228	228
Niles 9	316	316
Niles 10	555	555
Niles 11	265	265
Niles 12	409	409
Niles 13	529	529
Niles 14	664	664
Niles 15	615	615
Niles 16	743	743
Niles 17	624	624
Niles 18	334	334
Niles 19	519	519
Niles 20	462	462
Niles 21	769	769
Niles 22	501	501
Niles 23	558	558
Niles 24	641	641
Niles 25	341	341
Niles 26	581	581
Niles 27	516	516
Niles 28	505	505
Niles 29	321	321
Niles 30	397	397
Niles 31	573	573
Niles 32	245	245
Niles 33	690	690
Niles 34	555	555
Niles 35	574	574
Niles 36	389	389
Niles 37	571	571
Niles 38	816	816
Niles 39	586	586
Niles 40	243	243
Niles 41	616	616
Niles 42	521	521
Niles 43	645	645
Niles 44	640	640
Niles 45	401	401
Niles 46	557	557
Niles 47	312	312
Niles 48	552	552
Niles 49	712	712
Niles 50	563	563
Niles 51	292	292
Niles 52	406	406
Niles 53	715	715
Niles 54	305	305
Niles 55	343	343
Niles 56	585	585
Niles 57	617	617
Niles 58	572	572
Niles 59	751	751
Niles 60	745	745
Niles 61	737	737
Niles 62	364	364
Niles 63	657	657
Niles 64	737	737
Northfield 1	604	604
Northfield 2	441	441
Northfield 3	355	355
Northfield 4	466	466
Northfield 5	356	356
Northfield 6	433	433
Northfield 7	652	652
Northfield 8	485	485
Northfield 9	328	328
Northfield 10	444	444
Northfield 11	257	257
Northfield 12	748	748
Northfield 13	412	412
Northfield 14	383	383
Northfield 15	401	401
Northfield 16	586	586
Northfield 17	456	456
Northfield 18	685	685
Northfield 19	483	483
Northfield 20	494	494
Northfield 21	708	708
Northfield 22	544	544
Northfield 23	318	318
Northfield 24	406	406
Northfield 25	459	459
Northfield 26	437	437
Northfield 27	485	485
Northfield 28	793	793
Northfield 29	418	418
Northfield 30	477	477
Northfield 31	587	587
Northfield 32	706	706
Northfield 33	333	333
Northfield 34	331	331
Northfield 35	462	462
Northfield 36	336	336
Northfield 37	521	521
Northfield 38	403	403
Northfield 39	275	275
Northfield 40	309	309
Northfield 41	462	462
Northfield 42	388	388
Northfield 43	535	535
Northfield 44	387	387
Northfield 45	618	618
Northfield 46	666	666
Northfield 47	703	703
Northfield 48	482	482
Northfield 49	411	411
Northfield 50	571	571
Northfield 51	1071	1071
Northfield 52	430	430
Northfield 53	524	524
Northfield 54	432	432
Northfield 55	483	483
Northfield 56	636	636
Northfield 57	341	341
Northfield 58	284	284
Northfield 59	505	505
Northfield 60	579	579
Northfield 61	329	329
Northfield 62	531	531
Norwood Park 1	491	491
Norwood Park 2	489	489
Norwood Park 3	479	479
Norwood Park 4	495	495
Norwood Park 5	378	378
Norwood Park 6	559	559
Norwood Park 7	370	370
Norwood Park 8	308	308
Norwood Park 9	309	309
Norwood Park 10	283	283
Norwood Park 11	590	590
Norwood Park 12	357	357
Norwood Park 13	373	373
Norwood Park 14	380	380
Norwood Park 15	346	346
Norwood Park 16	320	320
Norwood Park 17	444	444
Oak Park 1	532	532
Oak Park 2	782	782
Oak Park 3	882	882
Oak Park 4	731	731
Oak Park 5	743	743
Oak Park 6	888	888
Oak Park 7	525	525
Oak Park 8	706	706
Oak Park 9	470	470
Oak Park 10	658	658
Oak Park 11	652	652
Oak Park 12	354	354
Oak Park 13	726	726
Oak Park 14	686	686
Oak Park 15	909	909
Oak Park 16	959	959
Oak Park 17	954	954
Oak Park 18	549	549
Oak Park 19	698	698
Oak Park 20	924	924
Oak Park 21	542	542
Oak Park 22	477	477
Oak Park 23	642	642
Oak Park 24	468	468
Oak Park 25	646	646
Oak Park 26	601	601
Oak Park 27	217	217
Oak Park 28	906	906
Oak Park 29	605	605
Oak Park 30	837	837
Oak Park 31	1038	1038
Oak Park 32	499	499
Oak Park 33	659	659
Oak Park 34	598	598
Oak Park 35	830	830
Oak Park 36	765	765
Oak Park 37	447	447
Orland 1	589	589
Orland 2	537	537
Orland 3	325	325
Orland 4	316	316
Orland 5	331	331
Orland 6	294	294
Orland 7	304	304
Orland 8	412	412
Orland 9	523	523
Orland 10	432	432
Orland 11	309	309
Orland 12	236	236
Orland 13	582	582
Orland 14	525	525
Orland 15	506	506
Orland 16	380	380
Orland 17	336	336
Orland 18	537	537
Orland 19	301	301
Orland 20	239	239
Orland 21	504	504
Orland 22	440	440
Orland 23	348	348
Orland 24	383	383
Orland 25	739	739
Orland 26	426	426
Orland 27	299	299
Orland 28	272	272
Orland 29	588	588
Orland 30	283	283
Orland 31	354	354
Orland 32	288	288
Orland 33	350	350
Orland 34	473	473
Orland 35	451	451
Orland 36	626	626
Orland 37	492	492
Orland 38	287	287
Orland 39	341	341
Orland 40	513	513
Orland 41	406	406
Orland 42	495	495
Orland 43	421	421
Orland 44	393	393
Orland 45	417	417
Orland 46	398	398
Orland 47	581	581
Orland 48	448	448
Orland 49	346	346
Orland 50	397	397
Orland 51	527	527
Orland 52	392	392
Orland 53	332	332
Orland 54	569	569
Orland 55	361	361
Orland 56	329	329
Orland 57	418	418
Orland 58	473	473
Orland 59	438	438
Orland 60	293	293
Orland 61	357	357
Orland 62	460	460
Orland 63	464	464
Orland 64	505	505
Orland 65	371	371
Orland 66	376	376
Orland 67	309	309
Orland 68	333	333
Orland 69	333	333
Orland 70	570	570
Orland 71	350	350
Orland 72	377	377
Orland 73	587	587
Orland 74	308	308
Orland 75	426	426
Palatine 1	348	348
Palatine 2	577	577
Palatine 3	331	331
Palatine 4	408	408
Palatine 5	656	656
Palatine 6	544	544
Palatine 7	491	491
Palatine 8	526	526
Palatine 9	397	397
Palatine 10	479	479
Palatine 11	424	424
Palatine 12	368	368
Palatine 13	407	407
Palatine 14	413	413
Palatine 15	516	516
Palatine 16	457	457
Palatine 17	442	442
Palatine 18	335	335
Palatine 19	465	465
Palatine 20	486	486
Palatine 21	646	646
Palatine 22	492	492
Palatine 23	257	257
Palatine 24	564	564
Palatine 25	367	367
Palatine 26	620	620
Palatine 27	397	397
Palatine 28	319	319
Palatine 29	611	611
Palatine 30	365	365
Palatine 31	323	323
Palatine 32	405	405
Palatine 33	334	334
Palatine 34	577	577
Palatine 35	405	405
Palatine 36	419	419
Palatine 37	557	557
Palatine 38	392	392
Palatine 39	671	671
Palatine 40	657	657
Palatine 41	637	637
Palatine 42	577	577
Palatine 43	404	404
Palatine 44	459	459
Palatine 45	339	339
Palatine 46	529	529
Palatine 47	472	472
Palatine 48	376	376
Palatine 49	323	323
Palatine 50	713	713
Palatine 51	287	287
Palatine 52	421	421
Palatine 53	375	375
Palatine 54	590	590
Palatine 55	349	349
Palatine 56	543	543
Palatine 57	679	679
Palatine 58	498	498
Palatine 59	666	666
Palatine 60	533	533
Palatine 61	337	337
Palatine 62	419	419
Palatine 63	484	484
Palatine 64	514	514
Palatine 65	405	405
Palatine 66	665	665
Palatine 67	357	357
Palatine 68	382	382
Palatine 69	452	452
Palos 1	265	265
Palos 2	286	286
Palos 3	330	330
Palos 4	364	364
Palos 5	314	314
Palos 6	297	297
Palos 7	451	451
Palos 8	199	199
Palos 9	247	247
Palos 10	436	436
Palos 11	407	407
Palos 12	416	416
Palos 13	398	398
Palos 14	281	281
Palos 15	360	360
Palos 16	494	494
Palos 17	579	579
Palos 18	480	480
Palos 19	548	548
Palos 20	493	493
Palos 21	286	286
Palos 22	73	73
Palos 23	324	324
Palos 24	236	236
Palos 25	397	397
Palos 26	290	290
Palos 27	520	520
Palos 28	491	491
Palos 29	399	399
Palos 30	470	470
Palos 31	496	496
Palos 32	239	239
Palos 33	402	402
Palos 34	331	331
Palos 35	619	619
Palos 36	525	525
Palos 37	467	467
Palos 38	402	402
Palos 39	463	463
Proviso 1	475	475
Proviso 2	490	490
Proviso 3	613	613
Proviso 4	655	655
Proviso 5	633	633
Proviso 6	364	364
Proviso 7	116	116
Proviso 8	368	368
Proviso 9	507	507
Proviso 10	479	479
Proviso 11	470	470
Proviso 12	615	615
Proviso 13	572	572
Proviso 14	411	411
Proviso 15	503	503
Proviso 16	501	501
Proviso 17	393	393
Proviso 18	783	783
Proviso 19	669	669
Proviso 20	524	524
Proviso 21	385	385
Proviso 22	477	477
Proviso 23	207	207
Proviso 24	616	616
Proviso 25	553	553
Proviso 26	528	528
Proviso 27	537	537
Proviso 28	507	507
Proviso 29	639	639
Proviso 30	595	595
Proviso 31	369	369
Proviso 32	582	582
Proviso 33	680	680
Proviso 34	969	969
Proviso 35	544	544
Proviso 36	658	658
Proviso 37	419	419
Proviso 38	567	567
Proviso 39	690	690
Proviso 40	573	573
Proviso 41	530	530
Proviso 42	388	388
Proviso 43	415	415
Proviso 44	451	451
Proviso 45	603	603
Proviso 46	116	116
Proviso 47	357	357
Proviso 48	692	692
Proviso 49	435	435
Proviso 50	809	809
Proviso 51	555	555
Proviso 52	477	477
Proviso 53	629	629
Proviso 54	744	744
Proviso 55	412	412
Proviso 56	455	455
Proviso 57	430	430
Proviso 58	381	381
Proviso 59	451	451
Proviso 60	413	413
Proviso 61	622	622
Proviso 62	643	643
Proviso 63	539	539
Proviso 64	590	590
Proviso 65	451	451
Proviso 66	617	617
Proviso 67	725	725
Proviso 68	297	297
Proviso 69	525	525
Proviso 70	382	382
Proviso 71	893	893
Proviso 72	473	473
Proviso 73	484	484
Proviso 74	495	495
Proviso 75	526	526
Proviso 76	613	613
Proviso 77	320	320
Proviso 78	223	223
Proviso 79	476	476
Proviso 80	421	421
Proviso 81	440	440
Proviso 82	835	835
Proviso 83	713	713
Proviso 84	315	315
Proviso 85	574	574
Proviso 86	612	612
Proviso 87	570	570
Proviso 88	319	319
Proviso 89	376	376
Proviso 90	788	788
Proviso 91	472	472
Proviso 92	629	629
Proviso 93	374	374
Proviso 94	495	495
Proviso 95	421	421
Proviso 96	294	294
Proviso 97	634	634
Proviso 98	514	514
Proviso 99	612	612
Proviso 100	628	628
Proviso 101	459	459
Proviso 102	610	610
Rich 1	2016	2016
Rich 2	568	568
Rich 3	763	763
Rich 4	539	539
Rich 5	723	723
Rich 6	806	806
Rich 7	510	510
Rich 8	1018	1018
Rich 9	809	809
Rich 10	469	469
Rich 11	541	541
Rich 12	723	723
Rich 13	392	392
Rich 14	514	514
Rich 15	937	937
Rich 16	492	492
Rich 17	535	535
Rich 18	683	683
Rich 19	356	356
Rich 20	720	720
Rich 21	820	820
Rich 22	598	598
Rich 23	873	873
Rich 24	653	653
Rich 25	928	928
Rich 26	714	714
Rich 27	700	700
Rich 28	540	540
Rich 29	515	515
Rich 30	868	868
Rich 31	431	431
Rich 32	815	815
Rich 33	413	413
Rich 34	541	541
Rich 35	449	449
Rich 36	1262	1262
Rich 37	481	481
Rich 38	647	647
Rich 39	623	623
Rich 40	583	583
Rich 41	426	426
Rich 42	596	596
Rich 43	763	763
Rich 44	507	507
Rich 45	710	710
Rich 46	962	962
Rich 47	1002	1002
Rich 48	693	693
Rich 49	615	615
Rich 50	296	296
Rich 51	645	645
River Forest 1	654	654
River Forest 2	413	413
River Forest 3	534	534
River Forest 4	618	618
River Forest 5	395	395
River Forest 6	349	349
River Forest 7	535	535
River Forest 8	690	690
Riverside 1	487	487
Riverside 2	48	48
Riverside 3	307	307
Riverside 4	626	626
Riverside 5	373	373
Riverside 6	414	414
Riverside 7	342	342
Riverside 8	556	556
Riverside 9	400	400
Riverside 10	520	520
Riverside 11	634	634
Riverside 12	362	362
Riverside 13	566	566
Schaumburg 1	876	876
Schaumburg 2	811	811
Schaumburg 3	503	503
Schaumburg 4	344	344
Schaumburg 5	269	269
Schaumburg 6	469	469
Schaumburg 7	434	434
Schaumburg 8	409	409
Schaumburg 9	402	402
Schaumburg 10	358	358
Schaumburg 11	413	413
Schaumburg 12	531	531
Schaumburg 13	348	348
Schaumburg 14	478	478
Schaumburg 15	438	438
Schaumburg 16	631	631
Schaumburg 17	475	475
Schaumburg 18	446	446
Schaumburg 19	404	404
Schaumburg 20	359	359
Schaumburg 21	652	652
Schaumburg 22	633	633
Schaumburg 23	554	554
Schaumburg 24	542	542
Schaumburg 25	532	532
Schaumburg 26	593	593
Schaumburg 27	384	384
Schaumburg 28	605	605
Schaumburg 29	547	547
Schaumburg 30	429	429
Schaumburg 31	669	669
Schaumburg 32	599	599
Schaumburg 33	394	394
Schaumburg 34	681	681
Schaumburg 35	366	366
Schaumburg 36	367	367
Schaumburg 37	330	330
Schaumburg 38	471	471
Schaumburg 39	696	696
Schaumburg 40	426	426
Schaumburg 41	455	455
Schaumburg 42	595	595
Schaumburg 43	485	485
Schaumburg 44	695	695
Schaumburg 45	524	524
Schaumburg 46	360	360
Schaumburg 47	430	430
Schaumburg 48	393	393
Schaumburg 49	366	366
Schaumburg 50	331	331
Schaumburg 51	451	451
Schaumburg 52	619	619
Schaumburg 53	468	468
Schaumburg 54	561	561
Schaumburg 55	433	433
Schaumburg 56	496	496
Schaumburg 57	606	606
Schaumburg 58	319	319
Schaumburg 59	536	536
Schaumburg 60	392	392
Schaumburg 61	687	687
Schaumburg 62	609	609
Schaumburg 63	407	407
Schaumburg 64	417	417
Schaumburg 65	393	393
Schaumburg 66	412	412
Schaumburg 67	487	487
Schaumburg 68	390	390
Schaumburg 69	372	372
Schaumburg 70	347	347
Schaumburg 71	502	502
Schaumburg 72	487	487
Schaumburg 73	558	558
Schaumburg 74	378	378
Schaumburg 75	390	390
Schaumburg 76	423	423
Schaumburg 77	658	658
Schaumburg 78	460	460
Stickney 1	238	238
Stickney 2	420	420
Stickney 3	720	720
Stickney 4	586	586
Stickney 5	612	612
Stickney 6	753	753
Stickney 7	322	322
Stickney 8	487	487
Stickney 9	465	465
Stickney 10	650	650
Stickney 11	551	551
Stickney 12	542	542
Stickney 13	446	446
Stickney 14	616	616
Stickney 15	591	591
Stickney 16	584	584
Stickney 17	385	385
Stickney 18	292	292
Stickney 19	445	445
Stickney 20	425	425
Thornton 1	304	304
Thornton 2	283	283
Thornton 3	570	570
Thornton 4	720	720
Thornton 5	503	503
Thornton 6	698	698
Thornton 7	502	502
Thornton 8	657	657
Thornton 9	304	304
Thornton 10	544	544
Thornton 11	354	354
Thornton 12	426	426
Thornton 13	458	458
Thornton 14	510	510
Thornton 15	516	516
Thornton 16	462	462
Thornton 17	603	603
Thornton 18	696	696
Thornton 19	662	662
Thornton 20	310	310
Thornton 21	728	728
Thornton 22	565	565
Thornton 23	475	475
Thornton 24	520	520
Thornton 25	447	447
Thornton 26	538	538
Thornton 27	706	706
Thornton 28	477	477
Thornton 29	352	352
Thornton 30	379	379
Thornton 31	210	210
Thornton 32	499	499
Thornton 33	541	541
Thornton 34	827	827
Thornton 35	724	724
Thornton 36	352	352
Thornton 37	607	607
Thornton 38	761	761
Thornton 39	421	421
Thornton 40	426	426
Thornton 41	362	362
Thornton 42	385	385
Thornton 43	361	361
Thornton 44	414	414
Thornton 45	480	480
Thornton 46	652	652
Thornton 47	385	385
Thornton 48	499	499
Thornton 49	330	330
Thornton 50	439	439
Thornton 51	351	351
Thornton 52	594	594
Thornton 53	389	389
Thornton 54	783	783
Thornton 55	381	381
Thornton 56	529	529
Thornton 57	327	327
Thornton 58	613	613
Thornton 59	452	452
Thornton 60	361	361
Thornton 61	367	367
Thornton 62	173	173
Thornton 63	317	317
Thornton 64	468	468
Thornton 65	616	616
Thornton 66	774	774
Thornton 67	564	564
Thornton 68	507	507
Thornton 69	443	443
Thornton 70	319	319
Thornton 71	349	349
Thornton 72	571	571
Thornton 73	818	818
Thornton 74	651	651
Thornton 75	546	546
Thornton 76	609	609
Thornton 77	892	892
Thornton 78	619	619
Thornton 79	730	730
Thornton 80	471	471
Thornton 81	527	527
Thornton 82	413	413
Thornton 83	765	765
Thornton 84	735	735
Thornton 85	467	467
Thornton 86	428	428
Thornton 87	772	772
Thornton 88	537	537
Thornton 89	771	771
Thornton 90	557	557
Thornton 91	526	526
Thornton 92	616	616
Thornton 93	397	397
Thornton 94	624	624
Thornton 95	467	467
Thornton 96	483	483
Thornton 97	301	301
Thornton 98	233	233
Thornton 99	491	491
Thornton 100	397	397
Thornton 101	534	534
Thornton 102	375	375
Thornton 103	356	356
Thornton 104	267	267
Thornton 105	522	522
Thornton 106	441	441
Thornton 107	725	725
Thornton 108	363	363
Thornton 109	498	498
Thornton 110	402	402
Thornton 111	439	439
Thornton 112	349	349
Thornton 113	318	318
Thornton 114	495	495
Thornton 115	550	550
Thornton 116	669	669
Thornton 117	542	542
Thornton 118	460	460
Thornton 119	636	636
Thornton 120	823	823
Thornton 121	452	452
Thornton 122	734	734
Thornton 123	391	391
Wheeling 1	473	473
Wheeling 2	319	319
Wheeling 3	450	450
Wheeling 4	383	383
Wheeling 5	435	435
Wheeling 6	301	301
Wheeling 7	607	607
Wheeling 8	297	297
Wheeling 9	452	452
Wheeling 10	553	553
Wheeling 11	657	657
Wheeling 12	658	658
Wheeling 13	393	393
Wheeling 14	339	339
Wheeling 15	371	371
Wheeling 16	212	212
Wheeling 17	483	483
Wheeling 18	431	431
Wheeling 19	604	604
Wheeling 20	511	511
Wheeling 21	290	290
Wheeling 22	522	522
Wheeling 23	374	374
Wheeling 24	350	350
Wheeling 25	597	597
Wheeling 26	663	663
Wheeling 27	758	758
Wheeling 28	593	593
Wheeling 29	281	281
Wheeling 30	614	614
Wheeling 31	350	350
Wheeling 32	285	285
Wheeling 33	324	324
Wheeling 34	572	572
Wheeling 35	450	450
Wheeling 36	627	627
Wheeling 37	677	677
Wheeling 38	538	538
Wheeling 39	533	533
Wheeling 40	457	457
Wheeling 41	708	708
Wheeling 42	618	618
Wheeling 43	464	464
Wheeling 44	533	533
Wheeling 45	372	372
Wheeling 46	770	770
Wheeling 47	416	416
Wheeling 48	410	410
Wheeling 49	662	662
Wheeling 50	416	416
Wheeling 51	556	556
Wheeling 52	397	397
Wheeling 53	461	461
Wheeling 54	464	464
Wheeling 55	465	465
Wheeling 56	416	416
Wheeling 57	470	470
Wheeling 58	388	388
Wheeling 59	547	547
Wheeling 60	364	364
Wheeling 61	518	518
Wheeling 62	514	514
Wheeling 63	377	377
Wheeling 64	697	697
Wheeling 65	590	590
Wheeling 66	596	596
Wheeling 67	287	287
Wheeling 68	259	259
Wheeling 69	448	448
Wheeling 70	646	646
Wheeling 71	718	718
Wheeling 72	490	490
Wheeling 73	498	498
Wheeling 74	362	362
Wheeling 75	474	474
Wheeling 76	685	685
Wheeling 77	245	245
Wheeling 78	678	678
Wheeling 79	441	441
Wheeling 80	471	471
Wheeling 81	360	360
Wheeling 82	595	595
Wheeling 83	700	700
Wheeling 84	678	678
Wheeling 85	396	396
Wheeling 86	516	516
Wheeling 87	442	442
Wheeling 88	555	555
Wheeling 89	317	317
Wheeling 90	441	441
Wheeling 91	588	588
Wheeling 92	724	724
Worth 1	284	284
Worth 2	532	532
Worth 3	489	489
Worth 4	774	774
Worth 5	522	522
Worth 6	539	539
Worth 7	398	398
Worth 8	606	606
Worth 9	580	580
Worth 10	599	599
Worth 11	503	503
Worth 12	341	341
Worth 13	558	558
Worth 14	502	502
Worth 15	748	748
Worth 16	628	628
Worth 17	599	599
Worth 18	289	289
Worth 19	499	499
Worth 20	362	362
Worth 21	729	729
Worth 22	372	372
Worth 23	448	448
Worth 24	316	316
Worth 25	573	573
Worth 26	377	377
Worth 27	381	381
Worth 28	343	343
Worth 29	455	455
Worth 30	496	496
Worth 31	671	671
Worth 32	311	311
Worth 33	489	489
Worth 34	519	519
Worth 35	530	530
Worth 36	533	533
Worth 37	452	452
Worth 38	536	536
Worth 39	473	473
Worth 40	581	581
Worth 41	262	262
Worth 42	415	415
Worth 43	419	419
Worth 44	334	334
Worth 45	387	387
Worth 46	585	585
Worth 47	275	275
Worth 48	340	340
Worth 49	299	299
Worth 50	496	496
Worth 51	356	356
Worth 52	314	314
Worth 53	492	492
Worth 54	558	558
Worth 55	321	321
Worth 56	470	470
Worth 57	515	515
Worth 58	540	540
Worth 59	692	692
Worth 60	306	306
Worth 61	417	417
Worth 62	261	261
Worth 63	533	533
Worth 64	549	549
Worth 65	550	550
Worth 66	317	317
Worth 67	306	306
Worth 68	424	424
Worth 69	629	629
Worth 70	565	565
Worth 71	376	376
Worth 72	575	575
Worth 73	329	329
Worth 74	228	228
Worth 75	593	593
Worth 76	251	251
Worth 77	510	510
Worth 78	613	613
Worth 79	273	273
Worth 80	627	627
Worth 81	324	324
Worth 82	466	466
Worth 83	249	249
Worth 84	478	478
Worth 85	485	485
Worth 86	480	480
Worth 87	454	454
Worth 88	296	296
Worth 89	492	492
Worth 90	539	539
Worth 91	280	280
Worth 92	499	499
Worth 93	307	307
Worth 94	574	574
Worth 95	362	362
Worth 96	642	642
Worth 97	423	423
Worth 98	550	550
Worth 99	299	299
Worth 100	515	515
