Precinct	total_votes	votes|Toni Preckwinkle
01001	512	512
01002	425	425
01003	561	561
01004	535	535
01005	573	573
01006	452	452
01007	353	353
01008	411	411
01009	379	379
01010	615	615
01011	573	573
01012	545	545
01013	223	223
01014	447	447
01015	426	426
01016	580	580
01017	429	429
01018	466	466
01019	549	549
01020	394	394
01021	665	665
01022	310	310
01023	679	679
01024	414	414
01025	465	465
01026	303	303
01027	505	505
01028	114	114
01029	577	577
01030	521	521
01031	425	425
01032	453	453
01033	528	528
01034	381	381
01035	565	565
01036	479	479
01037	475	475
01038	437	437
01039	422	422
01040	451	451
01041	282	282
01042	153	153
01043	294	294
01044	434	434
02001	541	541
02002	345	345
02003	550	550
02004	430	430
02005	563	563
02006	475	475
02007	446	446
02008	565	565
02009	395	395
02010	356	356
02011	464	464
02012	437	437
02013	409	409
02014	511	511
02015	466	466
02016	443	443
02017	575	575
02018	452	452
02019	307	307
02020	504	504
02021	514	514
02022	473	473
02023	307	307
02024	425	425
02025	521	521
02026	410	410
02027	383	383
02028	499	499
02029	506	506
02030	374	374
02031	509	509
02032	346	346
02033	639	639
02034	351	351
02035	576	576
02036	495	495
02037	429	429
02038	387	387
02039	283	283
02040	629	629
02041	473	473
02042	516	516
02043	600	600
02044	269	269
02045	534	534
02046	233	233
03001	580	580
03002	544	544
03003	377	377
03004	477	477
03005	273	273
03006	588	588
03007	292	292
03008	375	375
03009	445	445
03010	204	204
03011	461	461
03012	440	440
03013	510	510
03014	516	516
03015	407	407
03016	393	393
03017	621	621
03018	658	658
03019	492	492
03020	472	472
03021	499	499
03022	613	613
03023	386	386
03024	373	373
03025	711	711
03026	496	496
03027	571	571
03028	295	295
03029	433	433
03030	391	391
03031	475	475
03032	551	551
03033	552	552
03034	577	577
03035	212	212
03036	238	238
03037	407	407
03038	367	367
03039	730	730
03040	476	476
03041	304	304
04001	717	717
04002	596	596
04003	384	384
04004	633	633
04005	435	435
04006	550	550
04007	555	555
04008	507	507
04009	527	527
04010	583	583
04011	467	467
04012	530	530
04013	590	590
04014	485	485
04015	582	582
04016	797	797
04017	603	603
04018	449	449
04019	350	350
04020	428	428
04021	667	667
04022	491	491
04023	667	667
04024	455	455
04025	527	527
04026	445	445
04027	629	629
04028	387	387
04029	396	396
04030	640	640
04031	492	492
04032	524	524
04033	476	476
04034	406	406
04035	538	538
04036	540	540
04037	850	850
04038	518	518
05001	372	372
05002	297	297
05003	534	534
05004	625	625
05005	405	405
05006	334	334
05007	490	490
05008	507	507
05009	571	571
05010	346	346
05011	496	496
05012	276	276
05013	379	379
05014	342	342
05015	422	422
05016	411	411
05017	368	368
05018	438	438
05019	448	448
05020	551	551
05021	514	514
05022	535	535
05023	810	810
05024	527	527
05025	405	405
05026	429	429
05027	545	545
05028	471	471
05029	465	465
05030	289	289
05031	342	342
05032	557	557
05033	489	489
05034	548	548
05035	576	576
05036	256	256
05037	536	536
05038	387	387
05039	384	384
05040	304	304
05041	258	258
06001	401	401
06002	374	374
06003	380	380
06004	280	280
06005	250	250
06006	376	376
06007	317	317
06008	340	340
06009	314	314
06010	207	207
06011	319	319
06012	263	263
06013	273	273
06014	321	321
06015	306	306
06016	362	362
06017	236	236
06018	262	262
06019	318	318
06020	212	212
06021	188	188
06022	213	213
06023	195	195
06024	199	199
06025	189	189
06026	260	260
06027	195	195
06028	181	181
06029	364	364
06030	276	276
06031	367	367
06032	327	327
06033	357	357
06034	354	354
06035	321	321
06036	428	428
06037	353	353
06038	359	359
06039	289	289
06040	310	310
06041	352	352
06042	368	368
06043	317	317
06044	352	352
06045	359	359
06046	234	234
06047	248	248
06048	386	386
07001	312	312
07002	324	324
07003	359	359
07004	354	354
07005	282	282
07006	445	445
07007	343	343
07008	274	274
07009	589	589
07010	392	392
07011	361	361
07012	318	318
07013	213	213
07014	354	354
07015	319	319
07016	266	266
07017	293	293
07018	296	296
07019	315	315
07020	264	264
07021	250	250
07022	270	270
07023	321	321
07024	285	285
07025	279	279
07026	267	267
07027	274	274
07028	247	247
07029	284	284
07030	231	231
07031	225	225
07032	426	426
07033	442	442
07034	399	399
07035	361	361
07036	396	396
07037	344	344
07038	286	286
07039	294	294
07040	290	290
07041	334	334
07042	270	270
07043	341	341
07044	286	286
07045	327	327
07046	143	143
08001	310	310
08002	326	326
08003	392	392
08004	404	404
08005	386	386
08006	359	359
08007	403	403
08008	342	342
08009	235	235
08010	446	446
08011	293	293
08012	311	311
08013	395	395
08014	269	269
08015	324	324
08016	105	105
08017	314	314
08018	338	338
08019	374	374
08020	382	382
08021	427	427
08022	333	333
08023	286	286
08024	205	205
08025	335	335
08026	326	326
08027	379	379
08028	375	375
08029	392	392
08030	365	365
08031	261	261
08032	292	292
08033	336	336
08034	322	322
08035	361	361
08036	374	374
08037	283	283
08038	231	231
08039	352	352
08040	264	264
08041	391	391
08042	438	438
08043	182	182
08044	245	245
08045	337	337
08046	283	283
08047	286	286
08048	322	322
08049	315	315
08050	343	343
08051	373	373
08052	416	416
08053	201	201
08054	287	287
08055	274	274
08056	350	350
09001	326	326
09002	297	297
09003	253	253
09004	258	258
09005	315	315
09006	305	305
09007	275	275
09008	314	314
09009	338	338
09010	276	276
09011	220	220
09012	368	368
09013	385	385
09014	402	402
09015	374	374
09016	289	289
09017	214	214
09018	239	239
09019	310	310
09020	318	318
09021	284	284
09022	330	330
09023	374	374
09024	337	337
09025	334	334
09026	375	375
09027	286	286
09028	205	205
09029	293	293
09030	262	262
09031	263	263
09032	322	322
09033	264	264
09034	235	235
09035	335	335
09036	272	272
09037	435	435
09038	360	360
09039	354	354
09040	353	353
09041	265	265
09042	327	327
09043	296	296
09044	285	285
09045	270	270
09046	328	328
09047	329	329
09048	373	373
09049	349	349
09050	429	429
09051	323	323
10001	295	295
10002	257	257
10003	275	275
10004	247	247
10005	213	213
10006	242	242
10007	226	226
10008	206	206
10009	215	215
10010	280	280
10011	350	350
10012	189	189
10013	281	281
10014	362	362
10015	590	590
10016	213	213
10017	354	354
10018	211	211
10019	270	270
10020	296	296
10021	302	302
10022	187	187
10023	266	266
10024	253	253
10025	89	89
10026	230	230
10027	307	307
10028	326	326
10029	282	282
10030	262	262
10031	228	228
10032	294	294
10033	211	211
10034	225	225
10035	304	304
10036	80	80
11001	313	313
11002	27	27
11003	377	377
11004	287	287
11005	471	471
11006	575	575
11007	601	601
11008	342	342
11009	268	268
11010	298	298
11011	365	365
11012	355	355
11013	322	322
11014	162	162
11015	124	124
11016	221	221
11017	438	438
11018	231	231
11019	436	436
11020	223	223
11021	388	388
11022	378	378
11023	195	195
11024	341	341
11025	450	450
11026	377	377
11027	123	123
11028	136	136
11029	342	342
11030	154	154
11031	283	283
11032	145	145
11033	443	443
11034	110	110
11035	86	86
11036	145	145
11037	97	97
11038	189	189
12001	299	299
12002	267	267
12003	414	414
12004	343	343
12005	253	253
12006	311	311
12007	304	304
12008	327	327
12009	255	255
12010	394	394
12011	328	328
12012	312	312
12013	291	291
12014	311	311
12015	248	248
12016	285	285
12017	318	318
12018	283	283
12019	313	313
12020	391	391
12021	306	306
12022	276	276
12023	316	316
13001	210	210
13002	194	194
13003	245	245
13004	229	229
13005	337	337
13006	220	220
13007	214	214
13008	198	198
13009	287	287
13010	190	190
13011	256	256
13012	241	241
13013	270	270
13014	289	289
13015	398	398
13016	198	198
13017	204	204
13018	175	175
13019	328	328
13020	125	125
13021	239	239
13022	245	245
13023	200	200
13024	274	274
13025	268	268
13026	249	249
13027	248	248
13028	224	224
13029	200	200
13030	230	230
13031	244	244
13032	184	184
13033	248	248
13034	315	315
13035	247	247
13036	180	180
13037	309	309
13038	191	191
13039	287	287
13040	274	274
13041	320	320
13042	200	200
13043	266	266
13044	269	269
13045	269	269
13046	338	338
13047	305	305
13048	197	197
14001	241	241
14002	374	374
14003	314	314
14004	241	241
14005	403	403
14006	146	146
14007	355	355
14008	334	334
14009	317	317
14010	201	201
14011	175	175
14012	325	325
14013	259	259
14014	275	275
14015	337	337
14016	208	208
14017	250	250
14018	121	121
14019	272	272
14020	217	217
14021	279	279
14022	387	387
14023	231	231
14024	292	292
14025	170	170
14026	229	229
14027	283	283
14028	234	234
14029	238	238
14030	178	178
14031	183	183
15001	274	274
15002	192	192
15003	198	198
15004	301	301
15005	265	265
15006	285	285
15007	207	207
15008	243	243
15009	362	362
15010	365	365
15011	323	323
15012	337	337
15013	268	268
15014	255	255
15015	215	215
15016	311	311
15017	237	237
15018	196	196
15019	256	256
15020	232	232
15021	196	196
15022	233	233
15023	237	237
15024	185	185
16001	330	330
16002	253	253
16003	215	215
16004	257	257
16005	183	183
16006	247	247
16007	234	234
16008	167	167
16009	254	254
16010	234	234
16011	245	245
16012	211	211
16013	242	242
16014	194	194
16015	259	259
16016	247	247
16017	311	311
16018	283	283
16019	223	223
16020	194	194
16021	228	228
16022	210	210
16023	290	290
16024	141	141
16025	287	287
16026	190	190
16027	208	208
16028	212	212
16029	230	230
16030	203	203
16031	255	255
16032	272	272
16033	236	236
16034	229	229
16035	311	311
16036	188	188
17001	304	304
17002	303	303
17003	314	314
17004	381	381
17005	224	224
17006	256	256
17007	253	253
17008	250	250
17009	248	248
17010	403	403
17011	242	242
17012	403	403
17013	271	271
17014	356	356
17015	331	331
17016	313	313
17017	288	288
17018	335	335
17019	183	183
17020	405	405
17021	404	404
17022	267	267
17023	204	204
17024	325	325
17025	222	222
17026	338	338
17027	289	289
17028	247	247
17029	306	306
17030	228	228
17031	190	190
17032	244	244
17033	199	199
17034	231	231
17035	212	212
17036	296	296
17037	248	248
17038	310	310
17039	283	283
17040	312	312
17041	372	372
18001	300	300
18002	291	291
18003	263	263
18004	350	350
18005	214	214
18006	233	233
18007	306	306
18008	335	335
18009	322	322
18010	440	440
18011	265	265
18012	324	324
18013	350	350
18014	363	363
18015	356	356
18016	317	317
18017	331	331
18018	280	280
18019	313	313
18020	277	277
18021	391	391
18022	394	394
18023	331	331
18024	302	302
18025	310	310
18026	407	407
18027	275	275
18028	263	263
18029	355	355
18030	344	344
18031	359	359
18032	332	332
18033	263	263
18034	381	381
18035	386	386
18036	349	349
18037	376	376
18038	321	321
18039	262	262
18040	355	355
18041	375	375
18042	288	288
18043	214	214
18044	236	236
18045	308	308
18046	318	318
18047	252	252
18048	283	283
18049	200	200
18050	257	257
19001	226	226
19002	493	493
19003	146	146
19004	245	245
19005	375	375
19006	226	226
19007	247	247
19008	235	235
19009	188	188
19010	417	417
19011	192	192
19012	161	161
19013	457	457
19014	409	409
19015	263	263
19016	229	229
19017	208	208
19018	295	295
19019	448	448
19020	312	312
19021	195	195
19022	330	330
19023	268	268
19024	155	155
19025	307	307
19026	313	313
19027	372	372
19028	435	435
19029	224	224
19030	195	195
19031	267	267
19032	221	221
19033	212	212
19034	280	280
19035	289	289
19036	509	509
19037	355	355
19038	323	323
19039	143	143
19040	336	336
19041	190	190
19042	281	281
19043	523	523
19044	251	251
19045	247	247
19046	263	263
19047	492	492
19048	424	424
19049	431	431
19050	223	223
19051	296	296
19052	234	234
19053	273	273
19054	169	169
19055	182	182
19056	355	355
19057	284	284
20001	323	323
20002	142	142
20003	286	286
20004	153	153
20005	390	390
20006	147	147
20007	357	357
20008	320	320
20009	493	493
20010	233	233
20011	456	456
20012	271	271
20013	373	373
20014	160	160
20015	274	274
20016	387	387
20017	193	193
20018	226	226
20019	340	340
20020	209	209
20021	235	235
20022	430	430
20023	368	368
20024	380	380
20025	231	231
20026	350	350
20027	179	179
20028	212	212
20029	391	391
20030	155	155
20031	400	400
20032	326	326
20033	194	194
20034	564	564
20035	244	244
20036	111	111
20037	103	103
20038	112	112
20039	22	22
21001	369	369
21002	251	251
21003	368	368
21004	316	316
21005	372	372
21006	300	300
21007	355	355
21008	348	348
21009	387	387
21010	305	305
21011	323	323
21012	312	312
21013	332	332
21014	360	360
21015	298	298
21016	300	300
21017	304	304
21018	375	375
21019	352	352
21020	300	300
21021	292	292
21022	293	293
21023	295	295
21024	336	336
21025	274	274
21026	343	343
21027	345	345
21028	422	422
21029	389	389
21030	271	271
21031	251	251
21032	307	307
21033	300	300
21034	310	310
21035	393	393
21036	312	312
21037	251	251
21038	329	329
21039	297	297
21040	307	307
21041	331	331
21042	366	366
21043	326	326
21044	341	341
21045	320	320
21046	368	368
21047	312	312
21048	334	334
21049	354	354
21050	275	275
21051	309	309
21052	322	322
21053	285	285
21054	286	286
22001	184	184
22002	322	322
22003	402	402
22004	230	230
22005	272	272
22006	272	272
22007	219	219
22008	368	368
22009	234	234
22010	367	367
22011	224	224
22012	260	260
22013	277	277
22014	214	214
22015	240	240
22016	261	261
22017	296	296
22018	248	248
22019	163	163
22020	263	263
22021	315	315
22022	271	271
22023	410	410
22024	312	312
22025	301	301
23001	206	206
23002	239	239
23003	210	210
23004	275	275
23005	304	304
23006	303	303
23007	246	246
23008	319	319
23009	247	247
23010	332	332
23011	306	306
23012	233	233
23013	259	259
23014	203	203
23015	263	263
23016	227	227
23017	197	197
23018	185	185
23019	250	250
23020	167	167
23021	211	211
23022	275	275
23023	208	208
23024	242	242
23025	236	236
23026	291	291
23027	171	171
23028	227	227
23029	198	198
23030	310	310
23031	240	240
23032	284	284
23033	295	295
23034	279	279
23035	155	155
23036	216	216
23037	233	233
23038	212	212
23039	311	311
24001	265	265
24002	281	281
24003	301	301
24004	228	228
24005	156	156
24006	278	278
24007	180	180
24008	134	134
24009	269	269
24010	121	121
24011	319	319
24012	168	168
24013	158	158
24014	266	266
24015	139	139
24016	370	370
24017	229	229
24018	323	323
24019	336	336
24020	250	250
24021	131	131
24022	342	342
24023	229	229
24024	298	298
24025	234	234
24026	395	395
24027	296	296
24028	189	189
24029	223	223
24030	170	170
24031	312	312
24032	154	154
24033	174	174
24034	271	271
24035	267	267
24036	348	348
24037	175	175
24038	227	227
24039	292	292
24040	332	332
24041	203	203
25001	313	313
25002	460	460
25003	625	625
25004	326	326
25005	402	402
25006	108	108
25007	417	417
25008	442	442
25009	370	370
25010	601	601
25011	425	425
25012	389	389
25013	452	452
25014	227	227
25015	335	335
25016	581	581
25017	438	438
25018	200	200
25019	413	413
25020	252	252
25021	743	743
25022	385	385
25023	454	454
25024	399	399
25025	376	376
25026	347	347
25027	496	496
25028	409	409
25029	324	324
25030	367	367
25031	725	725
25032	308	308
26001	361	361
26002	281	281
26003	374	374
26004	207	207
26005	293	293
26006	277	277
26007	348	348
26008	160	160
26009	230	230
26010	277	277
26011	282	282
26012	355	355
26013	162	162
26014	248	248
26015	182	182
26016	179	179
26017	238	238
26018	233	233
26019	191	191
26020	279	279
26021	389	389
26022	149	149
26023	204	204
26024	253	253
26025	300	300
26026	221	221
26027	387	387
26028	449	449
26029	197	197
26030	257	257
26031	132	132
26032	376	376
26033	357	357
26034	408	408
26035	258	258
26036	333	333
26037	352	352
26038	132	132
26039	350	350
26040	221	221
26041	378	378
26042	276	276
26043	163	163
26044	174	174
26045	144	144
26046	211	211
26047	206	206
26048	303	303
26049	180	180
27001	765	765
27002	373	373
27003	214	214
27004	197	197
27005	282	282
27006	420	420
27007	529	529
27008	277	277
27009	181	181
27010	390	390
27011	490	490
27012	277	277
27013	513	513
27014	184	184
27015	187	187
27016	414	414
27017	355	355
27018	257	257
27019	180	180
27020	287	287
27021	383	383
27022	173	173
27023	265	265
27024	266	266
27025	323	323
27026	285	285
27027	442	442
27028	357	357
27029	237	237
27030	177	177
27031	284	284
27032	318	318
27033	391	391
27034	263	263
27035	421	421
27036	308	308
27037	451	451
27038	543	543
27039	258	258
27040	500	500
27041	299	299
27042	252	252
27043	237	237
27044	246	246
27045	783	783
27046	298	298
27047	237	237
27048	719	719
27049	265	265
27050	332	332
28001	196	196
28002	271	271
28003	249	249
28004	267	267
28005	199	199
28006	175	175
28007	272	272
28008	358	358
28009	280	280
28010	377	377
28011	597	597
28012	289	289
28013	342	342
28014	229	229
28015	63	63
28016	189	189
28017	259	259
28018	257	257
28019	251	251
28020	269	269
28021	235	235
28022	264	264
28023	324	324
28024	245	245
28025	394	394
28026	277	277
28027	287	287
28028	347	347
28029	156	156
28030	50	50
28031	389	389
28032	272	272
28033	307	307
28034	506	506
28035	346	346
28036	160	160
28037	373	373
28038	131	131
28039	211	211
28040	393	393
28041	222	222
28042	287	287
28043	359	359
28044	215	215
28045	374	374
28046	556	556
29001	450	450
29002	483	483
29003	381	381
29004	394	394
29005	303	303
29006	313	313
29007	348	348
29008	312	312
29009	366	366
29010	462	462
29011	215	215
29012	432	432
29013	378	378
29014	336	336
29015	403	403
29016	328	328
29017	326	326
29018	350	350
29019	353	353
29020	429	429
29021	461	461
29022	247	247
29023	366	366
29024	328	328
29025	428	428
29026	343	343
29027	315	315
29028	428	428
29029	287	287
29030	470	470
29031	293	293
29032	269	269
29033	261	261
29034	254	254
29035	277	277
29036	314	314
29037	346	346
29038	350	350
29039	294	294
29040	417	417
29041	279	279
29042	404	404
29043	425	425
29044	465	465
30001	393	393
30002	325	325
30003	305	305
30004	328	328
30005	240	240
30006	286	286
30007	374	374
30008	454	454
30009	269	269
30010	348	348
30011	329	329
30012	300	300
30013	330	330
30014	225	225
30015	342	342
30016	157	157
30017	337	337
30018	464	464
30019	318	318
30020	370	370
30021	255	255
30022	491	491
30023	389	389
30024	474	474
30025	523	523
30026	206	206
30027	234	234
30028	361	361
30029	196	196
30030	158	158
30031	222	222
30032	280	280
31001	207	207
31002	193	193
31003	182	182
31004	342	342
31005	246	246
31006	173	173
31007	399	399
31008	192	192
31009	215	215
31010	213	213
31011	175	175
31012	210	210
31013	249	249
31014	210	210
31015	206	206
31016	304	304
31017	207	207
31018	211	211
31019	218	218
31020	205	205
31021	217	217
31022	209	209
31023	223	223
31024	222	222
31025	222	222
31026	254	254
31027	253	253
31028	182	182
31029	243	243
31030	181	181
31031	179	179
31032	181	181
31033	187	187
31034	208	208
31035	262	262
31036	250	250
31037	225	225
31038	184	184
31039	279	279
31040	262	262
31041	205	205
32001	514	514
32002	502	502
32003	554	554
32004	447	447
32005	486	486
32006	582	582
32007	500	500
32008	568	568
32009	433	433
32010	476	476
32011	461	461
32012	370	370
32013	484	484
32014	516	516
32015	458	458
32016	490	490
32017	499	499
32018	426	426
32019	487	487
32020	489	489
32021	492	492
32022	630	630
32023	530	530
32024	342	342
32025	478	478
32026	560	560
32027	448	448
32028	517	517
32029	548	548
32030	452	452
32031	507	507
32032	527	527
32033	476	476
32034	549	549
32035	502	502
32036	508	508
32037	490	490
32038	448	448
32039	493	493
32040	520	520
32041	498	498
32042	422	422
32043	473	473
33001	479	479
33002	591	591
33003	665	665
33004	627	627
33005	422	422
33006	406	406
33007	536	536
33008	635	635
33009	516	516
33010	445	445
33011	507	507
33012	444	444
33013	464	464
33014	242	242
33015	466	466
33016	594	594
33017	523	523
33018	646	646
33019	516	516
33020	577	577
33021	508	508
33022	408	408
33023	519	519
33024	624	624
33025	585	585
33026	416	416
33027	539	539
33028	487	487
34001	359	359
34002	283	283
34003	356	356
34004	258	258
34005	297	297
34006	395	395
34007	386	386
34008	277	277
34009	238	238
34010	322	322
34011	300	300
34012	374	374
34013	320	320
34014	264	264
34015	309	309
34016	278	278
34017	440	440
34018	263	263
34019	364	364
34020	395	395
34021	389	389
34022	341	341
34023	279	279
34024	317	317
34025	513	513
34026	375	375
34027	299	299
34028	231	231
34029	261	261
34030	333	333
34031	292	292
34032	342	342
34033	286	286
34034	359	359
34035	360	360
34036	287	287
34037	209	209
34038	163	163
34039	246	246
34040	370	370
34041	209	209
34042	335	335
34043	316	316
34044	347	347
34045	349	349
34046	240	240
34047	338	338
34048	346	346
34049	310	310
34050	281	281
34051	344	344
34052	271	271
34053	213	213
35001	421	421
35002	472	472
35003	399	399
35004	387	387
35005	386	386
35006	387	387
35007	440	440
35008	446	446
35009	343	343
35010	570	570
35011	465	465
35012	270	270
35013	276	276
35014	276	276
35015	510	510
35016	229	229
35017	482	482
35018	266	266
35019	219	219
35020	365	365
35021	354	354
35022	523	523
35023	411	411
35024	359	359
35025	475	475
35026	336	336
35027	349	349
35028	382	382
35029	350	350
35030	374	374
35031	408	408
36001	291	291
36002	291	291
36003	283	283
36004	301	301
36005	296	296
36006	259	259
36007	339	339
36008	238	238
36009	290	290
36010	361	361
36011	220	220
36012	207	207
36013	228	228
36014	315	315
36015	299	299
36016	307	307
36017	339	339
36018	296	296
36019	350	350
36020	330	330
36021	255	255
36022	253	253
36023	265	265
36024	284	284
36025	314	314
36026	279	279
36027	305	305
36028	262	262
36029	305	305
36030	311	311
37001	217	217
37002	262	262
37003	234	234
37004	239	239
37005	345	345
37006	353	353
37007	230	230
37008	220	220
37009	339	339
37010	362	362
37011	216	216
37012	249	249
37013	228	228
37014	332	332
37015	324	324
37016	341	341
37017	259	259
37018	280	280
37019	223	223
37020	263	263
37021	284	284
37022	275	275
37023	298	298
37024	344	344
37025	279	279
37026	390	390
37027	285	285
37028	278	278
37029	274	274
37030	320	320
37031	325	325
37032	278	278
37033	310	310
37034	302	302
37035	331	331
37036	298	298
37037	347	347
37038	308	308
37039	288	288
37040	321	321
37041	306	306
38001	326	326
38002	209	209
38003	290	290
38004	259	259
38005	287	287
38006	274	274
38007	261	261
38008	258	258
38009	300	300
38010	236	236
38011	271	271
38012	234	234
38013	272	272
38014	332	332
38015	278	278
38016	280	280
38017	318	318
38018	324	324
38019	358	358
38020	256	256
38021	275	275
38022	291	291
38023	319	319
38024	284	284
38025	275	275
38026	327	327
38027	276	276
38028	314	314
38029	289	289
38030	265	265
38031	311	311
38032	312	312
38033	315	315
38034	327	327
38035	328	328
38036	295	295
38037	300	300
38038	280	280
38039	333	333
38040	321	321
38041	315	315
39001	318	318
39002	281	281
39003	389	389
39004	272	272
39005	343	343
39006	337	337
39007	338	338
39008	374	374
39009	335	335
39010	200	200
39011	321	321
39012	502	502
39013	294	294
39014	378	378
39015	324	324
39016	293	293
39017	374	374
39018	350	350
39019	364	364
39020	374	374
39021	278	278
39022	307	307
39023	312	312
39024	362	362
39025	337	337
39026	289	289
39027	56	56
39028	470	470
39029	227	227
39030	466	466
39031	321	321
39032	281	281
39033	405	405
39034	385	385
39035	371	371
39036	111	111
39037	312	312
39038	196	196
39039	221	221
39040	284	284
39041	329	329
39042	317	317
39043	314	314
39044	243	243
39045	295	295
40001	339	339
40002	362	362
40003	563	563
40004	234	234
40005	447	447
40006	565	565
40007	445	445
40008	602	602
40009	352	352
40010	380	380
40011	457	457
40012	390	390
40013	757	757
40014	339	339
40015	360	360
40016	626	626
40017	350	350
40018	340	340
40019	477	477
40020	430	430
40021	503	503
40022	517	517
40023	553	553
40024	334	334
40025	559	559
40026	498	498
40027	585	585
40028	499	499
40029	386	386
40030	334	334
40031	529	529
40032	518	518
40033	482	482
40034	351	351
40035	278	278
40036	397	397
40037	408	408
40038	562	562
40039	168	168
41001	256	256
41002	242	242
41003	295	295
41004	292	292
41005	352	352
41006	347	347
41007	298	298
41008	264	264
41009	289	289
41010	305	305
41011	301	301
41012	315	315
41013	325	325
41014	359	359
41015	363	363
41016	251	251
41017	302	302
41018	262	262
41019	345	345
41020	207	207
41021	327	327
41022	299	299
41023	272	272
41024	236	236
41025	225	225
41026	286	286
41027	248	248
41028	335	335
41029	236	236
41030	306	306
41031	356	356
41032	246	246
41033	282	282
41034	252	252
41035	326	326
41036	287	287
41037	341	341
41038	274	274
41039	307	307
41040	249	249
41041	288	288
41042	259	259
41043	293	293
41044	245	245
41045	261	261
41046	305	305
41047	293	293
42001	394	394
42002	547	547
42003	504	504
42004	930	930
42005	419	419
42006	430	430
42007	562	562
42008	415	415
42009	586	586
42010	647	647
42011	287	287
42012	399	399
42013	388	388
42014	632	632
42015	508	508
42016	502	502
42017	639	639
42018	528	528
42019	583	583
42020	519	519
42021	530	530
42022	233	233
42023	493	493
42024	469	469
42025	449	449
42026	627	627
42027	327	327
42028	505	505
42029	504	504
42030	376	376
42031	539	539
42032	473	473
42033	574	574
42034	381	381
42035	612	612
42036	827	827
42037	358	358
42038	438	438
42039	688	688
42040	682	682
42041	516	516
42042	828	828
43001	253	253
43002	504	504
43003	458	458
43004	554	554
43005	433	433
43006	372	372
43007	309	309
43008	353	353
43009	475	475
43010	556	556
43011	423	423
43012	357	357
43013	465	465
43014	444	444
43015	462	462
43016	552	552
43017	362	362
43018	542	542
43019	534	534
43020	544	544
43021	529	529
43022	338	338
43023	350	350
43024	365	365
43025	374	374
43026	321	321
43027	455	455
43028	611	611
43029	467	467
43030	522	522
43031	472	472
43032	504	504
43033	448	448
43034	351	351
43035	482	482
43036	277	277
43037	541	541
43038	365	365
43039	453	453
43040	360	360
43041	651	651
43042	467	467
43043	423	423
43044	453	453
43045	281	281
43046	279	279
44001	810	810
44002	508	508
44003	322	322
44004	469	469
44005	630	630
44006	667	667
44007	339	339
44008	746	746
44009	517	517
44010	535	535
44011	552	552
44012	561	561
44013	419	419
44014	495	495
44015	479	479
44016	589	589
44017	710	710
44018	587	587
44019	651	651
44020	592	592
44021	689	689
44022	545	545
44023	553	553
44024	394	394
44025	520	520
44026	648	648
44027	624	624
44028	520	520
44029	552	552
44030	645	645
44031	444	444
44032	567	567
44033	608	608
44034	578	578
44035	628	628
44036	573	573
44037	594	594
44038	507	507
44039	552	552
44040	475	475
44041	689	689
45001	332	332
45002	408	408
45003	361	361
45004	465	465
45005	378	378
45006	514	514
45007	547	547
45008	382	382
45009	334	334
45010	351	351
45011	266	266
45012	334	334
45013	314	314
45014	453	453
45015	452	452
45016	317	317
45017	418	418
45018	350	350
45019	188	188
45020	263	263
45021	277	277
45022	304	304
45023	284	284
45024	236	236
45025	189	189
45026	144	144
45027	272	272
45028	265	265
45029	215	215
45030	314	314
45031	276	276
45032	296	296
45033	252	252
45034	344	344
45035	334	334
45036	332	332
45037	328	328
45038	283	283
45039	313	313
45040	310	310
45041	258	258
45042	279	279
45043	268	268
45044	278	278
45045	194	194
45046	212	212
45047	207	207
45048	230	230
46001	353	353
46002	466	466
46003	595	595
46004	482	482
46005	654	654
46006	432	432
46007	510	510
46008	332	332
46009	562	562
46010	802	802
46011	468	468
46012	563	563
46013	488	488
46014	480	480
46015	491	491
46016	603	603
46017	563	563
46018	556	556
46019	348	348
46020	401	401
46021	321	321
46022	382	382
46023	417	417
46024	594	594
46025	502	502
46026	575	575
46027	634	634
46028	482	482
46029	420	420
46030	532	532
46031	525	525
46032	497	497
46033	597	597
46034	592	592
46035	576	576
46036	478	478
46037	447	447
46038	556	556
46039	491	491
46040	436	436
47001	341	341
47002	490	490
47003	464	464
47004	537	537
47005	568	568
47006	613	613
47007	456	456
47008	482	482
47009	478	478
47010	672	672
47011	491	491
47012	542	542
47013	516	516
47014	455	455
47015	660	660
47016	496	496
47017	484	484
47018	480	480
47019	671	671
47020	496	496
47021	492	492
47022	522	522
47023	598	598
47024	529	529
47025	607	607
47026	694	694
47027	478	478
47028	479	479
47029	570	570
47030	649	649
47031	528	528
47032	656	656
47033	464	464
47034	550	550
47035	491	491
47036	600	600
47037	507	507
47038	525	525
47039	515	515
47040	515	515
47041	586	586
47042	550	550
47043	461	461
47044	478	478
47045	502	502
47046	468	468
47047	571	571
47048	41	41
48001	479	479
48002	234	234
48003	546	546
48004	497	497
48005	293	293
48006	606	606
48007	515	515
48008	240	240
48009	285	285
48010	724	724
48011	443	443
48012	616	616
48013	584	584
48014	240	240
48015	337	337
48016	518	518
48017	455	455
48018	328	328
48019	345	345
48020	572	572
48021	619	619
48022	419	419
48023	528	528
48024	519	519
48025	443	443
48026	234	234
48027	727	727
48028	489	489
48029	257	257
48030	443	443
48031	613	613
48032	517	517
48033	265	265
48034	438	438
48035	310	310
48036	284	284
48037	514	514
48038	496	496
48039	393	393
48040	428	428
48041	637	637
48042	602	602
48043	537	537
48044	643	643
48045	391	391
48046	319	319
49001	312	312
49002	343	343
49003	542	542
49004	599	599
49005	506	506
49006	480	480
49007	531	531
49008	394	394
49009	540	540
49010	479	479
49011	560	560
49012	697	697
49013	570	570
49014	420	420
49015	367	367
49016	475	475
49017	336	336
49018	679	679
49019	462	462
49020	745	745
49021	291	291
49022	473	473
49023	681	681
49024	426	426
49025	671	671
49026	551	551
49027	565	565
49028	678	678
49029	622	622
49030	578	578
49031	377	377
49032	482	482
49033	410	410
50001	259	259
50002	179	179
50003	250	250
50004	332	332
50005	174	174
50006	382	382
50007	398	398
50008	347	347
50009	288	288
50010	258	258
50011	132	132
50012	139	139
50013	403	403
50014	97	97
50015	401	401
50016	91	91
50017	295	295
50018	68	68
50019	215	215
50020	323	323
50021	289	289
50022	225	225
50023	198	198
50024	186	186
50025	257	257
50026	305	305
50027	83	83
50028	356	356
50029	304	304
50030	233	233
50031	445	445
50032	392	392
50033	195	195
50034	431	431
50035	465	465
50036	307	307
50037	368	368
50038	137	137
50039	177	177
50040	208	208
