Precinct	total_votes	votes|Pat Quinn	votes|Renato Mariotti	votes|Scott Drury	votes|Nancy Rotering	votes|Kwame Raoul	votes|Jesse Ruiz	votes|Sharon Fairley	votes|Aaron Goldstein
01001	235	39	6	13	15	73	29	54	6
01002	180	47	6	3	10	51	29	27	7
01003	261	45	11	11	24	84	15	65	6
01004	245	53	17	5	20	51	31	60	8
01005	242	29	7	13	29	71	11	64	18
01006	215	41	14	11	9	46	35	39	20
01007	164	39	9	12	11	40	18	29	6
01008	214	39	14	11	16	62	26	36	10
01009	215	55	12	1	14	47	39	34	13
01010	227	43	7	9	19	50	17	67	15
01011	244	30	12	18	27	56	15	75	11
01012	280	46	14	14	15	72	19	80	20
01013	116	21	8	3	7	30	20	21	6
01014	241	38	14	15	19	71	27	51	6
01015	240	47	5	14	22	71	23	41	17
01016	248	47	12	12	14	60	25	60	18
01017	216	50	16	11	23	41	23	36	16
01018	258	46	10	9	29	75	21	49	19
01019	267	39	14	11	26	74	34	46	23
01020	196	43	7	9	11	44	23	46	13
01021	244	34	22	9	19	63	19	68	10
01022	168	34	11	7	12	41	24	32	7
01023	341	41	24	10	26	75	40	92	33
01024	216	50	11	8	16	50	43	25	13
01025	203	36	11	9	20	56	19	41	11
01026	146	33	5	7	8	40	22	22	9
01027	228	29	14	16	23	56	31	46	13
01028	96	29	1	3	6	27	26	3	1
01029	255	35	14	15	24	44	33	72	18
01030	286	40	12	10	22	77	51	51	23
01031	257	48	6	11	16	70	56	42	8
01032	216	37	10	9	30	51	25	39	15
01033	271	46	16	20	22	57	21	72	17
01034	215	27	9	6	23	64	28	47	11
01035	275	45	17	14	19	85	25	61	9
01036	220	41	14	14	16	53	13	53	16
01037	232	39	13	9	23	59	20	55	14
01038	219	37	13	15	20	49	28	41	16
01039	209	42	9	12	21	39	34	50	2
01040	252	62	13	10	23	60	43	25	16
01041	168	25	8	10	13	45	13	39	15
01042	64	13	2	0	5	11	11	14	8
01043	148	36	3	11	11	36	18	23	10
01044	218	28	11	5	20	70	21	46	17
02001	231	32	9	7	23	77	11	62	10
02002	214	34	10	13	27	45	7	69	9
02003	275	48	17	18	27	80	18	61	6
02004	185	29	10	6	12	58	9	46	15
02005	258	46	13	8	23	71	17	62	18
02006	191	32	7	12	18	67	12	35	8
02007	218	46	14	15	22	40	24	48	9
02008	242	43	15	15	17	79	12	53	8
02009	155	30	7	9	19	44	7	32	7
02010	213	29	8	25	24	43	11	58	15
02011	265	44	11	20	26	59	9	82	14
02012	249	40	8	13	18	104	9	52	5
02013	219	35	10	17	30	46	8	67	6
02014	280	42	10	14	17	94	23	56	24
02015	228	43	18	17	9	61	9	58	13
02016	215	38	11	14	6	69	21	46	10
02017	298	38	16	15	25	86	17	80	21
02018	213	35	10	12	18	59	4	70	5
02019	180	35	5	11	22	35	13	55	4
02020	179	34	19	11	16	29	8	52	10
02021	256	36	15	21	24	60	14	68	18
02022	226	34	14	26	26	47	7	62	10
02023	185	24	7	13	23	41	15	55	7
02024	230	33	14	14	24	64	13	60	8
02025	231	38	7	18	22	49	18	65	14
02026	170	36	8	14	13	51	8	30	10
02027	197	50	12	16	26	45	8	37	3
02028	230	36	11	14	25	61	8	64	11
02029	222	35	17	15	30	70	5	44	6
02030	190	36	9	14	23	35	9	64	0
02031	300	48	13	27	27	57	18	100	10
02032	170	29	9	10	19	51	7	40	5
02033	375	62	22	27	36	97	8	112	11
02034	254	28	10	23	40	54	11	83	5
02035	212	29	9	15	26	59	11	51	12
02036	196	32	11	19	27	46	11	41	9
02037	221	42	10	11	25	52	11	62	8
02038	204	28	10	29	21	47	9	48	12
02039	146	30	5	14	12	41	9	27	8
02040	233	54	12	14	25	53	14	52	9
02041	144	33	12	5	12	39	6	34	3
02042	187	33	11	21	13	56	4	46	3
02043	230	28	21	18	24	44	7	77	11
02044	141	23	6	12	13	32	7	46	2
02045	237	61	12	13	22	85	4	34	6
02046	123	26	9	7	11	32	5	29	4
03001	376	95	4	8	4	239	6	20	0
03002	426	79	8	14	19	280	9	14	3
03003	260	63	9	9	8	126	12	29	4
03004	302	50	1	7	2	206	8	20	8
03005	147	37	1	4	4	90	3	8	0
03006	280	39	9	13	25	109	16	56	13
03007	252	46	5	10	10	160	8	9	4
03008	210	55	2	5	7	124	7	8	2
03009	274	43	4	5	10	184	7	17	4
03010	136	33	1	1	0	89	2	8	2
03011	262	38	2	3	5	171	5	26	12
03012	341	53	2	4	8	232	8	30	4
03013	324	50	14	15	24	115	19	80	7
03014	243	49	13	14	14	96	6	45	6
03015	253	55	5	2	6	155	9	17	4
03016	233	37	7	6	3	156	8	13	3
03017	275	45	6	15	19	143	4	39	4
03018	346	84	5	13	4	187	8	36	9
03019	272	44	12	11	27	106	10	58	4
03020	285	59	6	1	10	171	9	26	3
03021	346	64	13	26	11	165	11	56	0
03022	279	41	12	12	36	89	13	66	10
03023	227	43	6	5	5	151	3	10	4
03024	258	55	5	6	8	161	7	10	6
03025	397	66	9	37	29	127	8	113	8
03026	372	74	15	18	22	149	13	76	5
03027	289	50	11	19	26	108	16	52	7
03028	202	43	2	3	5	138	2	6	3
03029	267	70	5	3	9	150	7	17	6
03030	265	48	4	4	2	181	6	18	2
03031	311	52	2	8	9	210	4	18	8
03032	289	41	7	12	25	120	10	66	8
03033	245	38	13	12	20	89	13	54	6
03034	329	71	11	21	18	140	14	49	5
03035	102	28	2	1	0	53	3	10	5
03036	144	33	6	4	3	80	6	12	0
03037	216	51	3	7	4	133	3	9	6
03038	306	79	1	3	7	188	5	20	3
03039	336	69	17	18	36	95	19	73	9
03040	294	63	7	8	15	147	11	36	7
03041	270	58	16	12	12	132	8	26	6
04001	399	50	14	6	17	206	9	78	19
04002	317	51	10	14	35	89	10	101	7
04003	257	52	2	4	3	173	5	15	3
04004	394	65	3	9	6	271	4	33	3
04005	320	48	4	5	5	213	7	29	9
04006	399	62	5	1	13	280	6	29	3
04007	430	65	4	4	8	289	10	40	10
04008	363	54	3	1	5	253	5	40	2
04009	435	38	4	4	7	316	5	54	7
04010	377	55	2	5	10	250	11	37	7
04011	275	62	1	6	4	169	6	23	4
04012	313	42	3	6	7	199	11	36	9
04013	193	28	8	10	18	62	5	54	8
04014	329	52	1	10	11	203	4	41	7
04015	371	43	5	6	12	255	5	39	6
04016	336	51	18	11	15	101	19	106	15
04017	332	42	24	10	44	108	10	75	19
04018	327	79	6	3	6	186	7	32	8
04019	205	63	3	3	5	112	3	12	4
04020	281	43	7	12	24	98	6	78	13
04021	278	43	10	20	32	82	12	68	11
04022	327	32	3	7	11	176	24	65	9
04023	438	45	8	9	17	235	20	81	23
04024	293	29	3	4	9	182	8	45	13
04025	286	40	16	17	19	95	8	79	12
04026	293	43	2	7	6	211	8	14	2
04027	375	31	15	11	8	209	14	67	20
04028	250	33	5	4	2	175	4	23	4
04029	256	48	7	0	7	164	6	24	0
04030	352	79	5	11	10	218	9	13	7
04031	404	47	10	6	7	273	6	46	9
04032	321	52	3	3	4	208	8	35	8
04033	317	52	6	2	4	190	11	45	7
04034	296	61	4	8	7	175	7	27	7
04035	365	48	3	8	6	261	3	30	6
04036	352	51	8	4	12	230	10	29	8
04037	386	46	23	17	27	122	15	122	14
04038	362	52	1	4	6	238	12	46	3
05001	224	40	6	5	8	139	2	19	5
05002	174	36	0	0	3	118	5	10	2
05003	294	29	4	4	16	158	2	62	19
05004	346	31	5	3	15	234	7	43	8
05005	269	44	2	5	8	168	10	26	6
05006	234	38	5	1	7	155	4	19	5
05007	293	41	7	4	9	179	7	36	10
05008	334	19	7	10	18	144	17	110	9
05009	357	36	7	4	6	219	6	66	13
05010	209	42	2	1	5	150	2	7	0
05011	349	37	6	5	14	201	5	72	9
05012	191	49	4	8	3	112	0	12	3
05013	216	50	1	5	2	135	4	16	3
05014	279	33	0	1	3	212	2	27	1
05015	253	39	7	4	8	135	5	44	11
05016	235	54	2	3	4	147	5	18	2
05017	238	49	3	1	12	151	5	14	3
05018	280	31	6	6	11	145	5	62	14
05019	327	32	9	9	13	143	5	88	28
05020	358	32	8	5	12	229	7	60	5
05021	293	33	7	2	11	152	8	63	17
05022	390	47	6	10	12	211	15	76	13
05023	504	47	12	9	10	281	17	111	17
05024	327	38	13	6	13	157	12	74	14
05025	301	45	2	5	2	211	5	22	9
05026	291	42	0	2	5	202	8	26	6
05027	262	27	12	4	19	109	7	66	18
05028	333	48	1	5	5	221	4	44	5
05029	294	53	2	4	1	193	6	33	2
05030	193	28	3	7	3	131	4	12	5
05031	213	40	3	3	6	132	4	21	4
05032	364	51	3	6	11	240	4	38	11
05033	320	69	3	10	8	196	6	23	5
05034	324	29	4	11	23	120	26	93	18
05035	337	39	10	11	28	156	7	67	19
05036	160	33	3	3	6	97	5	13	0
05037	357	53	4	4	20	180	11	70	15
05038	259	50	5	7	5	165	6	19	2
05039	266	22	4	4	18	128	9	78	3
05040	214	37	2	3	1	145	3	21	2
05041	209	33	4	0	10	115	6	36	5
06001	292	47	2	3	9	203	5	20	3
06002	250	54	3	3	2	161	2	22	3
06003	286	46	1	6	5	203	10	14	1
06004	160	50	2	2	1	95	2	6	2
06005	131	40	2	4	3	74	1	5	2
06006	260	37	3	4	2	178	7	25	4
06007	227	41	1	5	6	159	2	10	3
06008	234	42	0	3	4	157	4	23	1
06009	176	44	4	6	4	103	3	11	1
06010	132	27	2	1	0	90	2	8	2
06011	193	37	5	6	5	123	6	9	2
06012	142	31	0	6	1	93	1	9	1
06013	175	43	2	2	3	107	3	13	2
06014	233	32	2	3	1	175	3	17	0
06015	158	46	4	8	1	81	2	12	4
06016	285	60	2	4	7	178	7	24	3
06017	144	29	2	1	4	97	3	8	0
06018	141	41	1	4	7	73	5	8	2
06019	199	39	1	3	4	139	3	9	1
06020	120	40	1	2	0	68	1	7	1
06021	112	28	1	0	5	68	5	5	0
06022	131	29	2	4	5	83	1	6	1
06023	99	24	1	2	0	66	3	1	2
06024	124	34	5	2	1	70	2	9	1
06025	116	29	1	2	0	66	4	12	2
06026	142	22	3	5	4	81	5	21	1
06027	108	23	0	2	2	69	3	8	1
06028	105	32	0	2	2	60	1	8	0
06029	294	44	1	2	7	201	11	26	2
06030	172	33	7	3	2	108	3	10	6
06031	294	36	7	4	7	204	2	28	6
06032	234	44	0	2	4	158	2	23	1
06033	238	49	2	9	5	152	5	16	0
06034	250	32	6	5	7	171	4	25	0
06035	231	36	5	8	5	156	3	17	1
06036	310	55	3	3	6	225	0	16	2
06037	298	43	5	10	5	195	1	33	6
06038	276	43	1	7	3	185	6	28	3
06039	192	36	4	4	2	135	1	9	1
06040	209	45	3	4	3	136	6	10	2
06041	243	46	4	2	1	173	3	13	1
06042	206	46	1	2	5	124	3	21	4
06043	215	30	0	7	7	152	8	9	2
06044	201	42	1	2	2	133	7	12	2
06045	249	39	3	3	5	180	3	13	3
06046	153	18	1	3	6	110	6	8	1
06047	174	46	3	4	4	101	6	9	1
06048	232	39	1	4	6	159	6	14	3
07001	202	37	0	1	6	137	4	17	0
07002	183	26	2	2	3	131	6	12	1
07003	278	46	6	8	6	184	3	20	5
07004	242	38	4	7	6	166	4	14	3
07005	193	28	4	2	3	133	6	13	4
07006	279	44	5	2	2	191	5	28	2
07007	189	30	3	1	2	138	5	9	1
07008	179	41	2	3	5	116	4	7	1
07009	396	69	2	8	6	270	9	23	9
07010	244	31	2	0	2	181	6	19	3
07011	187	42	5	5	5	109	6	11	4
07012	201	36	6	4	4	140	1	10	0
07013	159	33	4	4	6	91	3	15	3
07014	227	46	5	3	7	143	6	14	3
07015	235	33	1	1	7	167	4	21	1
07016	171	34	4	1	7	107	3	12	3
07017	169	39	1	3	5	101	6	13	1
07018	177	45	2	3	6	98	4	17	2
07019	232	40	2	6	2	156	6	18	2
07020	152	38	3	0	2	89	4	14	2
07021	174	38	3	2	6	109	8	7	1
07022	183	36	5	4	5	105	15	12	1
07023	266	43	1	1	6	193	4	16	2
07024	182	29	2	3	8	116	6	16	2
07025	138	33	2	2	1	79	9	11	1
07026	192	27	1	1	4	141	3	15	0
07027	194	32	3	4	5	131	5	13	1
07028	145	39	2	3	3	87	4	7	0
07029	177	31	0	6	3	116	6	10	5
07030	150	34	0	5	5	89	11	3	3
07031	121	19	1	2	7	74	12	5	1
07032	378	57	1	5	5	273	4	28	5
07033	357	53	4	3	3	269	6	18	1
07034	284	40	4	5	11	201	10	12	1
07035	228	42	5	3	3	153	9	12	1
07036	293	54	5	5	6	191	9	21	2
07037	245	57	4	4	4	154	9	11	2
07038	188	46	2	5	3	118	5	7	2
07039	209	47	1	5	3	136	3	14	0
07040	195	36	2	6	2	133	4	11	1
07041	204	52	0	1	3	133	5	9	1
07042	210	40	3	6	2	137	3	18	1
07043	213	48	2	5	3	138	6	11	0
07044	159	38	5	2	4	94	7	9	0
07045	172	45	1	2	8	104	3	9	0
07046	135	18	4	2	4	90	12	5	0
08001	198	47	2	4	1	118	11	11	4
08002	205	35	4	4	7	136	8	7	4
08003	314	39	1	5	3	225	5	31	5
08004	299	50	6	5	3	209	7	18	1
08005	308	43	1	7	5	210	3	32	7
08006	255	48	3	5	4	180	3	11	1
08007	314	45	0	6	1	221	7	27	7
08008	283	34	2	3	5	211	5	18	5
08009	183	33	2	4	3	119	4	14	4
08010	367	51	0	5	5	257	10	35	4
08011	223	41	6	3	2	152	2	14	3
08012	203	37	4	2	3	134	7	14	2
08013	250	47	4	5	3	159	8	21	3
08014	136	38	2	5	2	78	0	8	3
08015	215	61	4	2	7	123	7	11	0
08016	66	5	1	2	4	50	0	4	0
08017	230	34	2	4	2	172	4	9	3
08018	178	47	1	7	6	99	5	11	2
08019	300	53	6	2	2	201	8	22	6
08020	291	46	2	1	5	213	5	14	5
08021	301	54	2	3	4	201	5	26	6
08022	228	42	4	4	4	160	6	6	2
08023	193	46	3	2	4	117	5	13	3
08024	170	35	0	3	0	118	3	10	1
08025	212	42	0	3	5	140	3	17	2
08026	223	41	1	4	5	153	7	9	3
08027	280	40	4	2	3	206	4	16	5
08028	256	30	2	3	5	176	2	37	1
08029	299	55	1	2	3	208	3	24	3
08030	247	36	3	4	6	175	8	14	1
08031	191	39	5	2	5	121	3	16	0
08032	189	38	1	2	6	126	4	9	3
08033	242	38	2	4	5	166	9	14	4
08034	242	43	3	3	5	173	2	11	2
08035	270	36	0	4	4	185	6	28	7
08036	272	52	4	4	1	185	6	17	3
08037	233	33	0	3	4	159	6	23	5
08038	147	27	2	3	6	94	3	11	1
08039	240	33	2	1	4	179	3	15	3
08040	197	37	2	4	2	127	3	17	5
08041	241	45	5	5	7	155	1	21	2
08042	290	35	1	4	9	211	3	24	3
08043	116	27	1	0	3	73	6	6	0
08044	151	38	0	4	3	92	3	9	2
08045	180	40	3	4	8	108	3	13	1
08046	176	32	0	2	3	115	4	19	1
08047	200	43	2	3	5	129	4	10	4
08048	201	36	1	4	3	133	5	14	5
08049	226	34	6	5	3	160	6	11	1
08050	273	41	2	4	2	197	3	19	5
08051	280	34	2	4	2	208	7	21	2
08052	348	59	4	13	6	227	6	29	4
08053	140	22	0	1	2	96	5	13	1
08054	152	38	2	4	2	96	1	9	0
08055	222	38	0	4	9	156	4	10	1
08056	278	52	2	3	7	181	8	24	1
09001	229	60	5	5	6	136	5	10	2
09002	198	44	5	11	5	113	8	9	3
09003	139	33	2	3	10	71	1	17	2
09004	161	36	3	2	1	110	2	6	1
09005	234	44	4	2	2	158	3	19	2
09006	202	44	1	3	5	127	3	13	6
09007	165	40	3	5	3	93	6	13	2
09008	202	47	2	2	6	119	10	14	2
09009	267	57	1	3	10	161	10	21	4
09010	167	46	1	0	5	97	4	10	4
09011	164	37	2	3	4	90	12	15	1
09012	277	61	4	7	1	177	1	24	2
09013	270	52	1	1	5	190	3	14	4
09014	295	62	5	8	6	200	8	4	2
09015	126	52	0	2	3	57	2	9	1
09016	194	40	4	1	2	127	5	13	2
09017	148	37	3	8	3	83	5	6	3
09018	148	22	3	4	4	95	4	15	1
09019	198	55	2	2	3	120	3	12	1
09020	250	39	7	7	6	166	8	12	5
09021	194	50	2	4	4	117	4	9	4
09022	252	57	2	3	8	155	10	14	3
09023	286	54	1	3	4	198	5	20	1
09024	234	33	3	1	7	157	6	22	5
09025	219	49	3	5	7	135	5	14	1
09026	158	48	1	7	6	77	7	7	5
09027	195	57	1	6	4	107	3	15	2
09028	122	26	0	8	3	47	30	8	0
09029	184	49	2	4	5	101	12	10	1
09030	164	38	4	1	7	104	4	6	0
09031	158	30	1	3	5	97	8	12	2
09032	228	55	4	3	3	135	5	21	2
09033	154	37	0	6	4	93	5	8	1
09034	161	52	0	4	2	89	4	10	0
09035	232	51	2	5	6	141	6	19	2
09036	191	47	2	3	4	112	3	18	2
09037	318	80	8	11	11	117	42	35	14
09038	198	56	2	2	1	118	5	12	2
09039	237	55	2	7	1	151	6	13	2
09040	277	61	2	4	6	183	1	18	2
09041	169	37	6	2	5	104	3	9	3
09042	242	46	0	3	2	157	7	24	3
09043	184	48	2	3	5	113	6	7	0
09044	207	53	2	4	5	126	3	9	5
09045	160	40	2	2	0	102	3	10	1
09046	225	59	3	7	7	110	16	19	4
09047	275	65	2	2	7	174	2	19	4
09048	245	43	1	2	4	175	3	13	4
09049	238	38	2	2	6	163	6	18	3
09050	352	63	1	4	6	248	3	23	4
09051	241	41	6	3	5	166	4	12	4
10001	183	35	4	5	7	95	22	12	3
10002	177	53	3	17	13	30	44	13	4
10003	154	40	5	4	12	58	23	10	2
10004	140	47	7	3	4	47	25	7	0
10005	122	36	3	11	11	25	29	5	2
10006	130	36	4	9	2	23	47	6	3
10007	99	23	1	8	7	19	34	2	5
10008	88	19	0	2	5	41	14	5	2
10009	137	27	4	18	13	23	36	13	3
10010	174	52	7	9	3	37	49	10	7
10011	170	49	4	14	7	20	64	7	5
10012	95	31	4	7	5	13	30	3	2
10013	157	48	0	4	4	44	55	2	0
10014	188	57	5	9	7	32	65	4	9
10015	438	95	6	7	11	285	10	19	5
10016	112	32	4	9	2	31	26	7	1
10017	216	57	7	32	10	52	34	21	3
10018	98	31	1	2	6	35	16	4	3
10019	147	33	5	10	5	33	50	10	1
10020	167	59	10	7	8	25	44	13	1
10021	134	28	6	10	10	22	53	3	2
10022	94	31	3	2	9	14	31	2	2
10023	131	49	5	6	4	17	41	6	3
10024	147	33	9	17	14	40	19	10	5
10025	57	16	1	1	1	17	11	9	1
10026	110	42	5	2	6	22	27	4	2
10027	156	32	4	2	3	79	27	8	1
10028	163	61	5	9	7	32	41	7	1
10029	124	32	1	4	7	20	45	11	4
10030	141	51	6	4	10	24	40	1	5
10031	103	33	1	6	7	16	38	1	1
10032	143	49	2	6	9	21	50	5	1
10033	117	23	5	5	13	16	46	6	3
10034	92	24	4	3	1	38	16	5	1
10035	184	62	7	17	15	27	41	8	7
10036	48	17	0	0	1	20	7	1	2
11001	236	56	5	18	19	80	17	32	9
11002	16	5	0	1	0	8	0	1	1
11003	204	61	7	8	7	47	29	30	15
11004	229	72	11	17	19	49	26	27	8
11005	284	83	12	15	18	72	24	39	21
11006	283	58	16	14	19	75	26	63	12
11007	192	43	12	7	12	55	12	41	10
11008	211	79	4	14	14	46	25	18	11
11009	184	55	10	13	15	38	30	15	8
11010	217	72	20	21	13	53	13	20	5
11011	238	51	12	25	20	64	33	25	8
11012	349	118	14	45	19	124	12	13	4
11013	304	98	10	34	18	102	15	16	11
11014	122	54	9	11	6	27	6	8	1
11015	110	27	1	11	8	37	9	11	6
11016	173	55	7	28	9	52	3	12	7
11017	292	85	13	20	20	83	28	28	15
11018	197	72	15	13	14	52	9	20	2
11019	289	82	14	19	25	59	34	38	18
11020	172	58	4	16	8	64	9	11	2
11021	368	121	15	29	30	122	17	27	7
11022	277	92	21	20	14	66	30	21	13
11023	178	60	20	11	9	54	9	14	1
11024	364	109	14	21	13	168	20	13	6
11025	267	81	19	16	15	79	17	33	7
11026	329	85	13	16	24	126	28	17	20
11027	89	29	6	5	7	17	10	8	7
11028	96	34	4	7	3	28	6	9	5
11029	339	96	20	20	13	131	28	27	4
11030	113	36	3	12	6	35	8	8	5
11031	268	95	5	43	17	61	20	17	10
11032	140	39	18	9	7	54	3	6	4
11033	220	47	8	14	6	60	25	51	9
11034	110	37	9	9	21	26	4	4	0
11035	85	29	4	1	1	39	7	3	1
11036	96	41	7	6	9	19	2	9	3
11037	82	35	3	5	4	23	3	7	2
11038	116	24	6	7	8	30	15	19	7
12001	230	73	13	12	7	39	59	13	14
12002	177	54	7	9	9	24	62	10	2
12003	300	77	3	17	19	52	90	27	15
12004	245	76	4	16	17	35	69	16	12
12005	207	69	7	9	10	45	47	14	6
12006	192	56	9	6	10	32	68	8	3
12007	174	43	7	7	12	28	44	14	19
12008	230	70	13	11	15	41	65	12	3
12009	176	59	3	8	6	30	54	12	4
12010	215	73	2	3	11	36	70	11	9
12011	190	57	0	4	9	21	93	4	2
12012	184	61	3	11	7	22	63	7	10
12013	220	56	7	14	15	29	82	5	12
12014	173	51	1	1	8	22	77	4	9
12015	180	54	5	9	6	26	68	9	3
12016	145	47	2	3	4	19	67	1	2
12017	191	59	7	9	13	25	68	9	1
12018	132	46	2	0	3	22	49	6	4
12019	189	56	4	12	14	26	60	11	6
12020	217	60	5	5	12	28	82	14	11
12021	203	68	2	10	19	24	55	23	2
12022	164	45	1	6	10	18	64	8	12
12023	229	78	4	18	7	32	65	16	9
13001	197	87	8	21	8	27	33	11	2
13002	210	87	12	14	20	40	14	15	8
13003	165	73	9	11	7	18	36	8	3
13004	210	94	14	20	17	20	32	9	4
13005	228	99	4	18	13	25	57	9	3
13006	234	119	7	24	11	24	38	5	6
13007	146	63	6	7	8	28	24	8	2
13008	162	64	8	18	9	30	26	6	1
13009	171	59	5	15	7	24	51	5	5
13010	194	71	4	31	16	30	25	13	4
13011	239	99	7	21	20	31	41	11	9
13012	165	55	9	15	7	27	40	6	6
13013	206	108	4	14	15	21	38	5	1
13014	172	65	3	23	8	16	41	4	12
13015	309	135	8	17	19	30	77	14	9
13016	125	60	3	11	6	10	27	3	5
13017	189	87	7	21	14	19	24	15	2
13018	169	66	3	13	15	21	24	24	3
13019	158	75	3	10	8	17	36	8	1
13020	123	49	7	10	14	20	10	9	4
13021	223	96	6	30	19	45	15	6	6
13022	225	78	10	31	18	32	31	18	7
13023	137	70	6	6	4	20	24	4	3
13024	191	83	4	12	13	19	46	11	3
13025	182	66	5	17	2	36	42	10	4
13026	173	80	7	11	6	21	35	12	1
13027	208	91	5	20	13	32	28	17	2
13028	165	78	3	15	6	22	35	5	1
13029	149	59	2	8	9	15	41	10	5
13030	169	70	6	12	12	25	38	1	5
13031	234	109	4	30	14	29	24	15	9
13032	181	65	5	26	8	35	21	19	2
13033	229	94	7	32	16	37	27	11	5
13034	274	115	4	12	18	36	69	12	8
13035	208	94	4	14	9	30	52	3	2
13036	115	48	1	9	6	19	29	3	0
13037	259	89	3	16	15	79	38	11	8
13038	195	74	7	25	17	28	27	12	5
13039	200	82	6	11	9	36	39	12	5
13040	210	93	8	20	11	20	41	13	4
13041	193	90	5	8	6	31	41	7	5
13042	231	94	8	30	22	43	21	10	3
13043	226	107	9	16	6	32	36	12	8
13044	219	119	4	4	11	16	54	9	2
13045	253	112	13	31	8	40	34	10	5
13046	226	109	7	7	14	29	47	5	8
13047	196	84	4	11	9	20	57	6	5
13048	214	96	14	25	10	22	29	16	2
14001	280	105	12	35	11	42	48	22	5
14002	259	85	2	6	9	29	101	19	8
14003	165	46	1	8	8	21	69	4	8
14004	261	80	11	28	19	31	79	9	4
14005	253	95	6	9	6	18	103	11	5
14006	99	18	3	1	6	5	64	0	2
14007	198	46	4	11	20	15	87	9	6
14008	203	56	7	7	9	14	97	5	8
14009	282	92	8	35	12	41	70	20	4
14010	125	43	4	7	7	7	47	8	2
14011	129	31	0	1	2	5	86	0	4
14012	223	69	5	10	5	25	90	11	8
14013	187	43	4	5	8	19	92	12	4
14014	212	59	3	2	10	7	118	6	7
14015	196	62	3	7	9	18	84	8	5
14016	153	60	5	6	9	20	40	4	9
14017	174	58	2	4	4	19	78	6	3
14018	97	41	2	4	5	9	28	4	4
14019	200	72	2	5	13	12	86	6	4
14020	126	47	0	3	6	14	39	6	11
14021	208	73	3	8	11	13	86	4	10
14022	259	72	10	19	24	43	67	17	7
14023	170	67	7	16	10	20	44	6	0
14024	303	107	11	39	13	31	79	20	3
14025	126	40	1	4	5	12	57	1	6
14026	151	51	0	7	6	20	63	3	1
14027	194	66	6	6	13	13	80	5	5
14028	138	42	1	9	10	11	53	7	5
14029	188	50	5	13	6	13	91	3	7
14030	109	40	6	0	5	8	46	2	2
14031	101	49	5	3	5	7	25	3	4
15001	175	44	8	4	9	18	79	6	7
15002	114	36	1	4	4	57	3	6	3
15003	126	32	1	2	5	71	3	10	2
15004	179	64	5	1	7	17	75	5	5
15005	154	47	6	9	7	24	55	4	2
15006	161	53	3	9	5	18	60	5	8
15007	129	30	3	5	4	65	5	15	2
15008	157	51	2	6	11	17	60	4	6
15009	217	78	9	6	16	31	64	4	9
15010	216	74	9	18	5	28	65	8	9
15011	181	55	5	13	4	23	69	9	3
15012	196	62	4	6	7	21	82	10	4
15013	160	61	6	3	5	15	58	0	12
15014	154	55	4	0	3	16	65	5	6
15015	125	47	1	4	4	16	48	3	2
15016	188	54	5	4	8	49	54	6	8
15017	161	38	8	2	1	97	4	11	0
15018	104	22	0	3	6	66	4	3	0
15019	186	58	6	4	8	59	34	9	8
15020	118	25	1	3	5	70	3	7	4
15021	135	32	0	2	4	76	4	13	4
15022	128	44	1	1	4	62	4	11	1
15023	141	41	0	2	5	82	3	7	1
15024	114	29	2	4	7	57	3	11	1
16001	191	69	2	3	9	20	77	8	3
16002	158	32	0	6	1	96	13	9	1
16003	116	35	1	4	3	66	0	6	1
16004	133	32	1	2	5	75	7	9	2
16005	115	33	0	6	2	63	1	9	1
16006	149	46	3	2	3	87	3	5	0
16007	139	41	1	2	4	69	13	7	2
16008	98	31	0	4	4	44	9	5	1
16009	175	42	5	3	8	96	3	11	7
16010	127	28	2	6	4	72	4	11	0
16011	121	35	4	2	1	48	19	10	2
16012	118	24	0	4	6	65	9	8	2
16013	118	41	1	2	9	31	22	6	6
16014	121	24	1	8	8	73	3	4	0
16015	174	35	3	7	4	108	7	9	1
16016	164	41	7	4	2	101	1	7	1
16017	141	35	3	5	4	56	28	5	5
16018	147	37	3	5	8	62	22	8	2
16019	123	34	0	3	5	53	12	11	5
16020	131	37	2	2	7	70	3	7	3
16021	124	42	1	7	5	62	3	4	0
16022	119	33	5	2	4	64	5	6	0
16023	131	35	1	1	6	43	37	5	3
16024	85	31	2	1	2	42	1	4	2
16025	185	42	1	8	9	103	5	14	3
16026	139	37	3	5	1	72	9	9	3
16027	134	35	2	4	2	66	4	18	3
16028	168	35	3	7	6	101	5	11	0
16029	132	45	2	2	3	68	5	7	0
16030	123	26	1	4	3	62	8	17	2
16031	178	46	1	4	5	106	6	10	0
16032	147	43	5	4	9	32	43	5	6
16033	133	38	0	3	4	75	3	7	3
16034	121	24	5	6	7	69	3	6	1
16035	186	56	5	6	6	50	46	9	8
16036	122	33	1	3	2	67	2	13	1
17001	162	39	5	9	4	55	37	7	6
17002	175	35	0	5	2	110	8	15	0
17003	185	45	1	5	5	106	7	13	3
17004	266	66	4	9	5	154	8	17	3
17005	161	45	1	3	2	90	4	16	0
17006	161	49	6	7	2	80	7	9	1
17007	114	34	0	6	6	42	19	5	2
17008	135	28	2	3	2	81	4	14	1
17009	158	33	3	5	4	92	4	16	1
17010	268	59	1	6	7	162	9	22	2
17011	148	30	0	6	6	83	5	15	3
17012	212	62	6	9	6	77	31	17	4
17013	179	48	5	5	5	102	5	7	2
17014	189	56	3	4	9	68	34	12	3
17015	200	54	1	2	2	118	4	14	5
17016	146	44	5	2	8	60	16	10	1
17017	170	40	2	3	6	89	11	17	2
17018	234	48	4	6	2	146	9	16	3
17019	113	31	1	6	2	61	3	7	2
17020	278	58	2	4	7	174	3	30	0
17021	301	48	7	5	2	206	8	24	1
17022	182	40	4	5	2	113	7	10	1
17023	130	34	2	3	2	67	2	19	1
17024	242	60	7	8	5	133	6	20	3
17025	132	32	0	1	5	79	9	5	1
17026	217	53	2	5	6	130	6	13	2
17027	196	45	5	5	4	114	6	14	3
17028	149	37	1	2	1	88	1	15	4
17029	185	46	2	2	8	106	6	12	3
17030	118	33	4	5	4	39	24	8	1
17031	111	21	3	4	2	63	7	10	1
17032	143	35	2	8	0	86	3	7	2
17033	110	24	2	2	5	59	3	13	2
17034	144	41	4	7	3	74	3	10	2
17035	133	29	2	1	2	86	3	10	0
17036	193	42	5	5	3	109	5	21	3
17037	167	36	2	6	4	97	3	14	5
17038	171	51	0	3	5	96	2	13	1
17039	197	37	2	3	3	130	1	21	0
17040	239	51	3	3	0	157	4	21	0
17041	262	63	3	3	5	162	6	19	1
18001	158	35	0	4	4	80	20	15	0
18002	149	46	2	7	6	41	36	7	4
18003	150	37	4	14	13	46	21	13	2
18004	265	59	1	6	5	169	2	18	5
18005	140	31	6	3	2	77	9	10	2
18006	174	36	3	16	5	71	27	10	6
18007	193	54	1	10	7	98	10	12	1
18008	225	46	1	2	8	144	4	16	4
18009	259	64	3	4	11	150	6	18	3
18010	325	67	1	6	6	218	6	18	3
18011	180	51	5	11	5	74	17	16	1
18012	206	33	6	6	6	129	5	18	3
18013	240	59	1	2	6	151	6	14	1
18014	228	50	2	3	5	145	6	13	4
18015	235	67	5	10	5	91	40	14	3
18016	200	48	4	2	5	125	2	13	1
18017	202	54	4	6	7	98	16	15	2
18018	227	55	2	2	6	134	8	18	2
18019	249	55	3	6	6	156	5	17	1
18020	184	31	0	4	2	130	3	13	1
18021	279	50	3	9	4	171	10	28	4
18022	295	70	4	8	6	179	8	16	4
18023	183	39	3	4	5	110	7	14	1
18024	167	57	6	13	6	32	37	11	5
18025	183	69	5	17	5	38	34	13	2
18026	292	62	2	5	6	189	5	18	5
18027	161	40	5	2	4	87	6	13	4
18028	177	54	10	15	12	43	27	12	4
18029	222	48	4	9	11	115	19	15	1
18030	191	68	3	21	8	36	37	13	5
18031	220	46	1	6	8	118	16	18	7
18032	254	50	4	3	8	173	8	8	0
18033	180	43	5	6	1	113	3	8	1
18034	301	50	3	5	9	207	3	22	2
18035	300	63	3	3	9	190	7	24	1
18036	211	49	1	11	6	105	15	17	7
18037	260	60	6	8	5	146	10	20	5
18038	211	37	2	4	5	140	7	13	3
18039	162	38	5	4	5	90	11	6	3
18040	240	68	7	13	15	73	43	12	9
18041	276	56	6	2	3	174	3	26	6
18042	158	28	3	6	4	99	7	10	1
18043	134	50	9	6	11	19	27	9	3
18044	181	55	6	19	5	57	22	16	1
18045	160	42	3	6	11	57	27	10	4
18046	225	84	8	17	12	42	40	18	4
18047	150	44	3	5	9	73	7	9	0
18048	168	51	4	1	6	89	7	9	1
18049	134	23	1	4	7	86	6	6	1
18050	145	39	1	7	3	78	9	6	2
19001	259	94	9	38	17	60	14	21	6
19002	407	73	10	27	16	206	13	59	3
19003	149	54	4	29	8	36	1	13	4
19004	268	102	7	49	11	66	6	20	7
19005	339	71	11	34	12	135	18	48	10
19006	248	76	6	45	24	68	9	19	1
19007	254	82	7	35	18	73	10	25	4
19008	219	73	9	33	12	53	8	24	7
19009	207	67	5	22	32	48	14	14	5
19010	397	86	14	34	26	143	17	69	8
19011	208	76	4	40	21	41	4	14	8
19012	186	55	4	37	15	47	10	12	6
19013	368	65	2	10	10	237	11	28	5
19014	309	88	6	19	26	117	10	37	6
19015	266	86	10	38	22	70	15	20	5
19016	253	90	5	47	18	56	11	22	4
19017	233	75	9	41	16	53	12	23	4
19018	271	52	12	35	23	87	16	41	5
19019	371	75	7	42	28	156	7	49	7
19020	267	61	7	17	7	129	10	25	11
19021	194	71	9	29	10	48	11	12	4
19022	315	50	12	40	17	121	12	55	8
19023	278	90	4	52	18	63	14	29	8
19024	183	57	9	29	4	58	7	16	3
19025	276	59	6	42	15	87	8	49	10
19026	304	80	14	33	26	93	6	52	0
19027	296	59	5	14	15	151	13	36	3
19028	324	56	2	11	12	199	10	29	5
19029	199	71	6	34	17	50	8	11	2
19030	198	71	4	40	23	37	4	14	5
19031	268	60	11	40	19	87	8	42	1
19032	236	75	6	37	11	61	13	28	5
19033	216	91	11	46	5	27	20	15	1
19034	271	62	7	31	24	78	9	53	7
19035	298	84	6	36	18	101	15	33	5
19036	354	68	7	12	13	196	10	38	10
19037	303	57	6	13	25	125	18	49	10
19038	269	49	11	17	12	144	4	30	2
19039	74	15	3	2	1	40	2	8	3
19040	290	69	11	17	18	101	16	53	5
19041	207	90	6	29	8	46	4	16	8
19042	227	33	5	13	9	119	7	36	5
19043	383	51	5	8	9	274	5	25	6
19044	231	82	4	45	21	52	4	18	5
19045	272	78	11	40	12	73	20	27	11
19046	284	97	8	39	14	72	16	31	7
19047	436	89	4	24	16	226	15	52	10
19048	310	71	5	1	9	190	9	24	1
19049	379	63	2	14	4	210	18	60	8
19050	207	60	3	38	4	61	16	22	3
19051	321	103	10	41	22	83	14	40	8
19052	227	83	6	35	12	57	12	21	1
19053	261	84	8	29	13	78	9	34	6
19054	157	51	9	24	10	40	7	11	5
19055	190	64	7	40	12	44	7	13	3
19056	321	55	9	26	20	138	15	54	4
19057	265	61	7	16	22	94	9	53	3
20001	229	53	1	4	6	145	7	11	2
20002	82	27	0	3	3	41	1	6	1
20003	175	55	0	2	3	92	3	15	5
20004	81	23	5	1	1	40	5	4	2
20005	244	42	4	4	5	155	4	22	8
20006	84	20	0	2	5	52	1	3	1
20007	178	33	3	4	4	108	7	15	4
20008	217	44	3	5	6	137	7	12	3
20009	299	61	3	4	6	185	6	28	6
20010	153	26	3	1	4	112	2	3	2
20011	244	50	3	6	7	158	4	13	3
20012	127	39	0	3	3	70	5	6	1
20013	232	59	3	7	5	132	5	18	3
20014	124	24	8	0	2	77	5	7	1
20015	136	41	2	3	13	21	49	6	1
20016	232	56	2	5	6	128	8	24	3
20017	101	24	3	4	2	44	16	5	3
20018	151	29	3	0	5	90	6	17	1
20019	175	37	1	4	4	102	7	17	3
20020	122	48	1	1	8	18	36	4	6
20021	118	30	4	3	6	55	5	12	3
20022	274	46	2	2	3	172	11	32	6
20023	217	48	0	2	5	137	3	18	4
20024	209	29	2	1	12	128	7	18	12
20025	142	37	2	3	4	84	2	10	0
20026	250	54	3	2	15	147	7	18	4
20027	107	27	2	5	4	59	3	6	1
20028	133	28	1	4	3	86	2	4	5
20029	289	57	4	9	10	184	5	18	2
20030	98	25	1	0	4	61	1	6	0
20031	221	46	1	6	9	133	5	16	5
20032	177	57	3	5	1	95	5	10	1
20033	159	34	4	2	3	100	3	11	2
20034	270	50	5	4	4	156	7	28	16
20035	85	21	0	3	3	47	6	4	1
20036	60	16	1	4	2	31	0	4	2
20037	71	14	0	0	1	45	4	7	0
20038	70	19	0	2	0	42	4	3	0
20039	17	2	0	0	0	13	0	2	0
21001	257	37	3	3	4	186	3	19	2
21002	165	33	3	4	4	109	2	9	1
21003	267	40	3	6	7	187	7	14	3
21004	218	49	1	6	3	130	4	22	3
21005	283	51	5	5	3	183	4	28	4
21006	172	34	2	4	2	113	4	11	2
21007	262	50	3	4	3	173	1	24	4
21008	244	45	2	6	5	162	4	18	2
21009	275	55	3	6	6	187	3	13	2
21010	202	27	4	4	3	139	8	15	2
21011	220	34	4	5	3	141	10	21	2
21012	194	28	4	4	2	138	0	16	2
21013	205	47	1	1	5	130	6	15	0
21014	290	50	7	6	4	205	3	11	4
21015	190	27	2	3	5	125	4	20	4
21016	210	40	2	5	1	149	2	9	2
21017	184	37	5	1	6	122	2	9	2
21018	250	50	3	3	9	169	3	12	1
21019	249	38	1	8	7	167	7	18	3
21020	180	42	0	4	4	117	2	11	0
21021	206	40	3	2	3	142	5	6	5
21022	215	36	3	6	3	138	4	22	3
21023	207	36	3	0	3	144	6	12	3
21024	237	53	3	3	2	157	4	11	4
21025	224	36	0	4	5	153	8	13	5
21026	209	55	1	7	3	120	4	17	2
21027	209	44	3	5	11	134	2	7	3
21028	271	62	6	11	4	163	6	17	2
21029	254	53	2	7	8	167	4	12	1
21030	191	46	0	7	7	114	7	9	1
21031	188	29	2	3	4	138	2	9	1
21032	215	35	2	1	2	158	4	11	2
21033	200	50	2	1	5	127	4	10	1
21034	204	36	3	1	1	142	3	16	2
21035	281	46	1	0	6	189	9	29	1
21036	229	41	3	4	6	156	4	11	4
21037	203	50	2	2	8	122	3	12	4
21038	202	44	2	1	5	135	3	9	3
21039	153	38	2	3	6	94	1	8	1
21040	202	41	3	4	2	137	4	9	2
21041	222	46	2	4	6	149	2	12	1
21042	258	65	5	4	4	153	6	18	3
21043	224	51	4	6	4	140	6	12	1
21044	234	52	0	4	1	161	0	12	4
21045	188	35	2	4	3	132	4	7	1
21046	248	41	3	5	4	176	3	16	0
21047	188	33	3	8	6	124	5	8	1
21048	206	33	1	5	5	147	5	7	3
21049	278	37	3	3	8	204	6	12	5
21050	180	34	4	4	4	111	5	17	1
21051	217	36	2	5	5	139	3	25	2
21052	229	43	4	4	5	154	6	12	1
21053	176	38	0	1	4	109	6	16	2
21054	213	47	2	3	12	130	4	11	4
22001	138	31	4	6	1	81	9	6	0
22002	260	78	11	23	15	45	63	18	7
22003	259	111	1	6	12	21	95	8	5
22004	152	43	6	1	10	17	64	5	6
22005	162	56	4	5	9	13	60	4	11
22006	165	68	2	1	7	23	50	7	7
22007	137	42	2	1	12	27	43	7	3
22008	282	83	8	20	16	68	62	17	8
22009	135	38	1	6	9	17	56	4	4
22010	224	74	2	2	15	26	91	7	7
22011	170	71	5	1	6	11	70	2	4
22012	192	75	11	9	13	36	32	7	9
22013	174	57	8	8	14	11	71	4	1
22014	149	50	6	5	5	27	42	5	9
22015	137	58	3	1	11	11	48	2	3
22016	130	41	1	2	5	15	57	3	6
22017	192	74	6	8	6	21	65	5	7
22018	142	40	3	4	7	14	66	4	4
22019	67	13	0	2	1	37	3	9	2
22020	164	69	0	6	6	8	69	1	5
22021	197	62	5	3	3	107	7	9	1
22022	143	55	2	5	8	16	39	6	12
22023	296	62	4	6	5	178	24	16	1
22024	199	80	8	4	7	17	71	5	7
22025	183	53	3	3	9	21	77	1	16
23001	203	81	7	31	15	26	22	19	2
23002	191	74	9	19	9	29	30	16	5
23003	207	80	9	26	17	36	23	10	6
23004	229	87	9	30	10	35	35	12	11
23005	181	74	3	1	8	23	60	8	4
23006	187	64	8	20	12	25	47	8	3
23007	152	63	4	6	6	16	51	5	1
23008	227	100	3	19	13	30	48	11	3
23009	171	70	1	6	10	19	61	2	2
23010	217	88	7	12	14	31	47	12	6
23011	191	71	7	8	16	27	43	11	8
23012	210	96	11	29	17	26	16	11	4
23013	150	57	5	9	7	15	43	5	9
23014	194	80	9	23	16	24	29	9	4
23015	153	51	3	7	12	20	53	5	2
23016	227	95	9	44	18	21	19	18	3
23017	101	35	0	7	4	14	35	3	3
23018	176	66	10	27	9	27	24	7	6
23019	154	52	4	5	8	22	47	8	8
23020	99	39	1	3	4	9	38	2	3
23021	233	80	10	46	20	34	28	7	8
23022	188	82	8	16	12	30	25	10	5
23023	201	78	8	40	10	23	21	14	7
23024	162	66	3	11	4	19	46	7	6
23025	172	67	6	18	4	19	47	6	5
23026	202	79	3	17	13	27	53	7	3
23027	193	76	9	32	17	24	17	14	4
23028	194	66	11	25	18	29	33	7	5
23029	180	84	4	24	10	22	25	8	3
23030	214	80	4	17	10	25	68	3	7
23031	145	56	2	6	2	16	49	5	9
23032	180	69	4	13	9	26	35	16	8
23033	181	82	2	10	8	21	50	4	4
23034	174	67	2	9	8	25	51	8	4
23035	134	51	5	22	7	20	19	7	3
23036	192	56	11	33	18	35	21	11	7
23037	213	89	15	32	12	25	24	11	5
23038	172	66	8	31	11	23	25	6	2
23039	178	67	4	7	6	25	51	12	6
24001	149	38	5	6	5	89	3	2	1
24002	151	38	1	5	2	91	2	12	0
24003	148	40	3	2	3	88	1	7	4
24004	125	28	1	8	1	70	5	11	1
24005	84	25	3	0	2	45	2	7	0
24006	164	53	1	5	1	89	3	8	4
24007	102	27	0	3	6	25	28	9	4
24008	85	22	1	1	1	51	3	5	1
24009	130	43	2	2	3	65	5	6	4
24010	73	20	0	3	3	41	1	4	1
24011	158	43	1	7	3	84	6	13	1
24012	88	22	1	3	4	47	5	3	3
24013	67	20	0	3	3	38	1	2	0
24014	131	49	1	1	2	69	2	5	2
24015	69	20	2	5	4	31	1	5	1
24016	228	78	0	5	14	54	59	14	4
24017	137	40	1	3	2	87	1	1	2
24018	177	41	1	5	4	105	6	14	1
24019	212	61	1	7	3	124	5	9	2
24020	124	32	1	2	1	79	2	7	0
24021	68	20	0	2	0	40	1	4	1
24022	198	52	3	8	5	108	4	15	3
24023	122	41	4	4	4	62	1	6	0
24024	181	52	5	1	4	105	3	9	2
24025	127	38	1	3	5	72	5	1	2
24026	276	75	6	7	5	163	5	13	2
24027	177	58	1	4	3	101	3	6	1
24028	134	31	5	5	0	82	6	5	0
24029	141	38	1	3	5	78	5	9	2
24030	98	27	1	3	1	61	3	2	0
24031	175	57	0	6	2	90	4	10	6
24032	93	34	2	4	0	40	7	4	2
24033	87	23	4	0	1	51	2	6	0
24034	142	43	2	5	4	75	6	5	2
24035	127	36	2	2	0	74	1	10	2
24036	200	49	1	14	4	107	5	16	4
24037	91	23	1	2	1	57	0	6	1
24038	153	46	3	6	2	76	6	12	2
24039	209	49	2	10	4	112	18	12	2
24040	168	56	2	9	4	85	2	8	2
24041	139	33	1	4	2	90	2	6	1
25001	230	58	4	7	12	39	86	8	16
25002	246	53	6	4	15	51	63	40	14
25003	223	45	14	18	25	33	14	66	8
25004	181	41	5	8	7	89	9	17	5
25005	254	72	10	10	14	41	70	22	15
25006	69	22	4	3	5	15	7	11	2
25007	234	66	6	10	9	48	60	23	12
25008	252	75	6	5	10	49	56	26	25
25009	211	54	6	4	8	45	56	16	22
25010	238	35	11	15	24	68	18	55	12
25011	254	55	8	7	13	59	74	27	11
25012	219	55	13	9	11	37	64	17	13
25013	246	72	6	9	10	46	65	16	22
25014	142	65	6	7	5	31	8	17	3
25015	208	57	4	10	7	35	69	16	10
25016	199	23	14	15	27	49	10	56	5
25017	282	60	8	6	10	83	74	27	14
25018	201	142	5	7	3	20	7	15	2
25019	265	84	4	9	14	62	44	32	16
25020	137	31	2	6	2	66	11	17	2
25021	337	59	16	22	38	114	17	61	10
25022	218	53	9	3	16	47	53	23	14
25023	291	63	6	4	23	67	91	23	14
25024	239	54	5	4	10	53	69	29	15
25025	193	52	9	6	12	43	15	46	10
25026	212	48	7	4	10	36	83	11	13
25027	192	43	9	15	19	47	9	46	4
25028	252	64	11	5	15	53	60	25	19
25029	209	46	14	9	1	100	8	26	5
25030	217	56	4	4	10	44	69	16	14
25031	222	34	13	17	15	69	14	55	5
25032	203	52	5	10	8	41	70	12	5
26001	195	40	14	13	11	42	23	43	9
26002	177	38	5	8	10	50	33	20	13
26003	202	26	17	9	17	64	14	41	14
26004	100	24	2	3	4	39	27	1	0
26005	169	37	2	7	13	45	27	32	6
26006	138	25	7	2	4	44	36	12	8
26007	168	22	7	8	12	51	21	27	20
26008	86	14	6	4	5	14	30	9	4
26009	169	48	2	7	5	36	51	13	7
26010	164	32	6	3	8	48	36	21	10
26011	171	52	3	5	14	34	39	13	11
26012	183	42	13	4	13	56	30	14	11
26013	83	27	5	3	3	17	25	3	0
26014	124	29	4	3	14	23	32	9	10
26015	85	31	4	1	2	22	17	5	3
26016	83	26	1	1	10	22	16	6	1
26017	123	19	6	8	12	36	8	27	7
26018	111	36	5	5	4	25	24	8	4
26019	102	35	1	7	5	28	19	5	2
26020	157	38	7	3	13	33	23	27	13
26021	187	39	4	2	18	61	20	28	15
26022	69	22	3	3	1	12	23	4	1
26023	108	39	2	6	6	11	33	6	5
26024	163	40	7	2	15	33	46	11	9
26025	155	35	3	8	11	49	26	15	8
26026	102	17	2	6	7	38	16	14	2
26027	232	45	9	7	15	62	51	26	17
26028	240	53	10	7	22	62	20	57	9
26029	104	24	2	2	9	28	19	15	5
26030	146	28	3	1	7	44	21	33	9
26031	85	28	2	4	4	18	21	6	2
26032	186	40	9	15	14	41	19	36	12
26033	179	36	3	0	17	53	24	35	11
26034	231	32	16	14	15	42	48	43	21
26035	172	35	6	6	9	42	45	21	8
26036	143	25	10	5	18	30	16	34	5
26037	169	42	6	5	11	36	22	25	22
26038	72	23	2	4	3	11	25	3	1
26039	179	35	7	7	6	55	31	32	6
26040	111	20	3	6	8	30	26	8	10
26041	182	28	8	8	13	51	33	30	11
26042	132	27	10	3	9	23	26	20	14
26043	84	23	0	6	7	20	24	2	2
26044	109	39	2	6	10	19	27	6	0
26045	58	15	2	3	0	23	12	2	1
26046	101	25	7	7	14	21	5	14	8
26047	87	33	0	0	9	14	25	3	3
26048	165	30	12	9	13	45	23	26	7
26049	82	25	5	6	4	15	17	6	4
27001	199	37	15	12	19	50	10	47	9
27002	206	43	12	13	11	95	7	18	7
27003	117	32	0	8	4	56	6	9	2
27004	110	28	1	5	4	52	8	8	4
27005	154	37	1	6	7	82	15	4	2
27006	173	40	9	6	11	71	10	21	5
27007	265	49	19	16	28	69	15	59	10
27008	134	24	0	5	4	87	6	5	3
27009	88	15	4	4	10	37	5	9	4
27010	257	57	3	11	6	159	6	11	4
27011	165	34	10	6	22	50	10	26	7
27012	111	17	15	5	15	25	1	29	4
27013	329	58	12	11	10	189	19	22	8
27014	93	21	1	1	4	56	4	4	2
27015	100	27	2	1	3	53	6	8	0
27016	129	18	9	7	11	32	7	40	5
27017	178	49	2	3	14	80	10	18	2
27018	141	46	6	6	5	68	4	6	0
27019	89	28	0	0	2	48	1	4	6
27020	106	33	2	5	5	49	5	4	3
27021	161	38	13	7	8	54	9	28	4
27022	118	37	1	2	2	63	3	7	3
27023	163	40	1	2	7	100	6	7	0
27024	120	30	3	3	5	55	16	4	4
27025	184	36	6	5	7	91	7	27	5
27026	179	37	3	5	11	101	6	16	0
27027	195	40	8	6	3	105	6	20	7
27028	103	27	4	3	9	43	4	11	2
27029	114	26	2	6	6	54	10	6	4
27030	103	27	1	3	4	58	4	4	2
27031	169	45	5	6	7	82	10	9	5
27032	169	34	4	9	2	82	9	23	6
27033	167	29	6	7	21	66	9	26	3
27034	150	49	2	7	3	79	5	3	2
27035	184	35	8	13	19	41	11	49	8
27036	153	22	5	8	11	86	6	13	2
27037	238	67	6	9	15	96	17	21	7
27038	317	76	8	16	25	134	9	42	7
27039	161	31	2	4	3	106	3	8	4
27040	239	58	7	7	24	82	21	32	8
27041	214	36	7	8	11	137	6	8	1
27042	137	22	7	5	9	72	3	17	2
27043	122	29	2	4	6	63	4	12	2
27044	131	43	1	1	2	79	1	3	1
27045	253	40	24	18	20	62	13	62	14
27046	125	16	3	14	10	41	4	33	4
27047	180	40	4	9	5	95	5	19	3
27048	279	57	14	9	19	133	5	37	5
27049	139	34	2	3	3	84	2	6	5
27050	194	60	4	2	3	107	6	9	3
28001	115	37	1	2	1	68	1	5	0
28002	143	34	1	6	3	77	2	15	5
28003	139	39	1	2	5	81	5	6	0
28004	114	27	6	5	13	34	9	14	6
28005	126	27	5	2	10	64	7	9	2
28006	128	29	7	2	5	55	10	18	2
28007	153	34	1	2	3	97	7	3	6
28008	138	17	11	2	9	56	5	36	2
28009	156	51	4	1	2	83	7	8	0
28010	216	50	13	7	11	81	14	30	10
28011	265	52	14	9	16	105	27	37	5
28012	162	41	3	5	2	97	4	10	0
28013	182	52	3	0	9	109	5	4	0
28014	154	38	3	3	5	97	3	5	0
28015	56	11	1	1	1	33	4	4	1
28016	103	23	1	2	1	63	5	8	0
28017	131	28	1	1	3	94	0	3	1
28018	150	40	2	4	3	90	5	3	3
28019	154	35	8	6	5	51	17	26	6
28020	163	44	2	2	2	99	5	8	1
28021	139	34	2	2	0	86	3	11	1
28022	150	32	1	3	3	94	6	9	2
28023	173	23	1	2	3	131	4	6	3
28024	136	40	1	3	5	77	2	7	1
28025	247	41	6	6	7	169	2	11	5
28026	184	57	2	5	2	111	3	4	0
28027	169	43	10	12	6	41	10	40	7
28028	212	53	15	15	17	51	13	41	7
28029	71	16	2	1	2	45	0	4	1
28030	36	8	0	0	2	23	0	2	1
28031	283	95	3	6	7	147	4	12	9
28032	152	46	3	3	1	85	5	7	2
28033	186	48	6	4	4	117	1	3	3
28034	224	54	3	5	3	133	9	15	2
28035	172	49	1	2	2	106	6	6	0
28036	85	17	1	3	2	58	0	3	1
28037	212	52	4	5	7	132	3	8	1
28038	77	21	2	2	0	45	2	4	1
28039	105	21	0	2	3	68	3	4	4
28040	210	43	2	4	5	144	4	7	1
28041	128	37	1	1	3	71	6	8	1
28042	178	47	3	5	0	111	2	7	3
28043	201	58	0	4	5	126	1	7	0
28044	123	44	5	1	1	63	2	5	2
28045	138	19	10	12	11	39	8	32	7
28046	279	52	7	5	18	100	37	55	5
29001	331	95	19	18	19	111	11	54	4
29002	313	95	3	9	5	180	5	12	4
29003	210	60	0	6	7	117	9	7	4
29004	267	91	2	4	1	147	9	10	3
29005	149	37	2	2	7	83	3	14	1
29006	180	56	1	6	5	98	2	11	1
29007	250	63	8	8	2	135	8	22	4
29008	142	43	2	0	1	85	4	5	2
29009	268	83	7	13	11	95	21	31	7
29010	310	91	7	10	22	120	15	40	5
29011	138	38	2	3	4	73	4	13	1
29012	274	76	4	3	4	155	9	22	1
29013	222	48	1	1	7	143	5	15	2
29014	206	49	2	0	9	136	3	7	0
29015	261	63	2	1	4	170	5	14	2
29016	232	52	2	2	2	162	4	4	4
29017	227	68	3	3	4	133	8	6	2
29018	223	63	2	3	4	135	3	12	1
29019	233	74	0	4	8	127	3	17	0
29020	267	79	6	14	8	131	4	19	6
29021	234	69	4	6	10	128	4	12	1
29022	183	69	10	4	6	73	6	12	3
29023	215	79	12	8	13	55	19	17	12
29024	218	60	4	9	3	108	10	21	3
29025	280	68	5	2	9	171	6	13	6
29026	246	64	5	6	7	126	3	32	3
29027	194	50	3	6	4	102	13	14	2
29028	269	49	4	3	5	186	4	14	4
29029	167	51	11	13	24	37	18	10	3
29030	304	88	11	8	17	119	26	28	7
29031	153	47	8	24	10	30	15	9	10
29032	123	42	8	14	16	19	3	16	5
29033	210	58	3	6	5	110	5	20	3
29034	116	33	2	2	7	44	13	11	4
29035	162	32	3	6	7	96	7	9	2
29036	201	55	3	6	3	117	7	9	1
29037	218	57	4	4	6	120	3	22	2
29038	164	56	6	9	12	32	28	13	8
29039	171	60	5	12	13	49	26	5	1
29040	268	83	4	4	6	150	7	14	0
29041	160	45	2	2	4	95	5	3	4
29042	221	50	3	2	2	149	4	11	0
29043	303	111	5	7	17	117	16	23	7
29044	274	107	3	5	8	136	4	10	1
30001	211	57	3	19	16	39	34	27	16
30002	142	54	3	4	11	26	28	11	5
30003	153	45	7	2	11	37	13	28	10
30004	151	45	4	5	18	34	27	13	5
30005	102	32	2	3	12	15	26	9	3
30006	142	47	3	9	11	26	29	9	8
30007	177	53	8	13	10	34	24	28	7
30008	244	74	10	10	18	55	33	32	12
30009	122	42	6	8	6	24	20	14	2
30010	149	44	5	13	12	19	37	14	5
30011	129	42	5	4	5	27	34	7	5
30012	110	43	3	8	8	19	25	3	1
30013	143	41	5	9	20	30	21	17	0
30014	94	26	3	4	12	16	22	9	2
30015	235	46	15	20	24	59	16	45	10
30016	60	18	2	5	5	16	11	1	2
30017	188	47	7	12	19	57	19	24	3
30018	197	36	8	7	25	45	28	36	12
30019	146	47	7	10	8	22	36	6	10
30020	188	62	9	11	14	45	21	18	8
30021	133	54	1	8	10	35	18	4	3
30022	241	60	8	8	17	55	31	40	22
30023	162	47	6	9	11	36	25	21	7
30024	234	45	18	6	19	54	30	43	19
30025	262	62	16	12	37	73	27	23	12
30026	109	34	1	6	6	22	20	13	7
30027	101	29	1	8	7	18	28	3	7
30028	222	53	9	11	20	47	23	43	16
30029	86	17	1	3	10	24	27	2	2
30030	54	21	1	4	3	9	11	4	1
30031	107	22	4	7	7	34	13	14	6
30032	163	43	7	3	11	47	18	25	9
31001	99	31	2	3	6	26	26	5	0
31002	105	36	2	5	5	26	20	9	2
31003	90	31	2	4	6	13	23	7	4
31004	200	42	9	7	11	51	36	26	18
31005	151	47	3	6	10	46	30	7	2
31006	96	24	2	7	9	14	29	8	3
31007	215	42	5	5	19	83	17	39	5
31008	102	11	3	3	11	43	23	6	2
31009	125	43	2	9	6	25	29	6	5
31010	100	32	8	6	5	18	19	8	4
31011	96	31	3	9	10	16	15	9	3
31012	90	26	4	5	7	24	16	4	4
31013	138	43	2	6	12	23	44	6	2
31014	113	43	5	4	5	20	19	13	4
31015	113	27	3	6	13	24	26	8	6
31016	190	35	6	8	16	52	32	31	10
31017	104	24	6	5	11	29	18	7	4
31018	111	32	1	4	3	26	31	9	5
31019	101	38	7	2	5	23	19	4	3
31020	110	43	1	5	8	17	30	3	3
31021	117	46	4	5	6	21	26	7	2
31022	94	34	4	4	7	24	16	2	3
31023	106	16	5	3	9	29	22	18	4
31024	163	47	3	10	8	49	33	7	6
31025	95	22	4	7	3	33	15	8	3
31026	140	40	1	6	8	39	26	18	2
31027	136	50	4	4	8	27	29	9	5
31028	86	27	4	6	5	16	16	7	5
31029	142	34	9	9	8	28	41	9	4
31030	86	30	4	3	5	19	21	3	1
31031	103	34	3	7	11	20	19	5	4
31032	72	21	2	4	5	24	12	2	2
31033	91	29	3	7	6	17	20	5	4
31034	117	24	6	7	10	33	19	17	1
31035	107	32	1	3	9	21	28	11	2
31036	142	32	1	8	13	32	35	9	12
31037	102	19	5	3	5	25	33	10	2
31038	90	24	1	2	2	21	34	6	0
31039	140	40	3	6	8	38	20	14	11
31040	129	20	8	8	8	50	15	13	7
31041	103	31	1	7	4	18	31	7	4
32001	272	64	15	17	31	68	23	44	10
32002	209	44	7	12	19	46	9	60	12
32003	315	50	14	17	36	72	39	65	22
32004	239	39	18	11	16	56	11	74	14
32005	235	43	8	14	30	55	17	52	16
32006	244	60	14	12	19	54	17	58	10
32007	232	34	16	18	26	69	9	51	9
32008	215	27	10	16	26	56	2	68	10
32009	223	45	8	20	21	63	18	38	10
32010	230	40	16	20	25	58	14	46	11
32011	294	38	22	12	27	80	26	62	27
32012	220	35	8	19	11	65	16	44	22
32013	209	38	11	17	27	53	11	40	12
32014	284	44	13	11	30	75	17	77	17
32015	232	26	20	11	26	62	19	56	12
32016	256	49	11	15	23	65	14	55	24
32017	286	49	14	15	21	76	22	74	15
32018	194	37	11	14	20	45	11	52	4
32019	210	38	12	13	13	62	12	45	15
32020	288	41	16	7	17	84	23	78	22
32021	272	39	14	22	26	67	13	79	12
32022	375	47	20	15	26	121	23	87	36
32023	211	34	8	16	13	64	14	53	9
32024	125	22	16	10	13	24	1	31	8
32025	232	36	20	16	20	71	7	52	10
32026	320	61	29	11	29	81	22	68	19
32027	196	34	13	11	19	50	8	49	12
32028	277	35	17	6	32	85	26	56	20
32029	267	55	12	16	24	66	16	64	14
32030	182	30	8	12	31	47	11	38	5
32031	247	44	8	19	21	57	21	71	6
32032	243	60	15	13	17	51	12	69	6
32033	253	39	16	16	23	64	16	57	22
32034	239	48	10	16	21	60	20	52	12
32035	197	30	7	13	27	49	10	58	3
32036	244	36	18	13	28	53	16	74	6
32037	204	32	11	13	15	69	11	46	7
32038	196	35	10	17	26	53	15	35	5
32039	228	41	16	16	29	45	13	53	15
32040	262	33	17	20	25	54	17	86	10
32041	237	35	12	16	27	68	12	56	11
32042	199	42	7	13	27	52	12	36	10
32043	246	41	19	12	20	63	15	64	12
33001	282	50	17	6	16	73	24	51	45
33002	374	108	13	25	22	104	29	56	17
33003	358	85	17	11	27	80	33	71	34
33004	310	64	18	15	22	68	35	51	37
33005	196	33	10	3	13	62	37	32	6
33006	224	59	7	10	19	43	40	27	19
33007	273	64	16	9	28	62	29	39	26
33008	435	70	28	20	28	102	14	101	72
33009	312	57	14	15	30	87	36	52	21
33010	241	63	5	16	30	63	10	25	29
33011	267	54	10	16	20	78	29	45	15
33012	244	60	15	18	18	56	28	31	18
33013	244	48	11	11	20	59	39	35	21
33014	113	23	3	5	10	28	10	18	16
33015	300	60	7	11	26	75	43	52	26
33016	350	75	12	21	31	72	55	66	18
33017	280	59	13	15	28	56	41	52	16
33018	318	85	19	14	25	77	21	55	22
33019	247	49	9	13	24	58	28	47	19
33020	292	45	11	12	21	61	25	47	70
33021	297	61	16	14	24	71	31	48	32
33022	268	71	6	20	19	68	30	36	18
33023	304	59	11	11	30	89	18	46	40
33024	464	82	17	10	34	107	9	131	74
33025	315	66	16	17	16	95	30	40	35
33026	189	43	6	2	15	50	18	37	18
33027	262	45	14	8	22	77	22	52	22
33028	251	46	18	9	16	68	20	47	27
34001	258	44	3	4	4	168	7	26	2
34002	212	47	2	4	2	139	3	14	1
34003	208	46	4	2	4	132	7	12	1
34004	149	34	1	5	1	92	4	7	5
34005	194	43	3	4	7	118	3	14	2
34006	251	37	6	5	3	173	7	20	0
34007	261	53	3	8	1	180	6	10	0
34008	182	38	3	3	3	114	12	5	4
34009	162	40	0	3	3	97	4	11	4
34010	233	48	6	5	6	149	6	12	1
34011	163	39	3	6	6	96	2	9	2
34012	230	42	2	1	3	155	4	19	4
34013	235	52	4	8	4	140	2	22	3
34014	160	44	2	1	5	93	2	6	7
34015	172	42	2	2	1	109	5	10	1
34016	179	49	1	3	6	100	4	15	1
34017	282	70	3	6	5	163	6	25	4
34018	170	43	4	4	8	99	5	7	0
34019	220	58	2	4	3	135	4	9	5
34020	285	59	2	7	5	175	10	22	5
34021	300	50	1	4	8	214	3	17	3
34022	250	43	4	6	6	164	6	20	1
34023	182	28	0	3	3	133	4	11	0
34024	196	45	3	5	2	128	4	9	0
34025	356	70	3	7	9	241	11	13	2
34026	247	59	3	3	5	157	2	17	1
34027	190	51	0	1	4	112	10	9	3
34028	131	33	2	3	2	82	1	7	1
34029	182	38	1	5	0	120	6	12	0
34030	263	56	4	4	5	161	10	22	1
34031	177	44	3	7	5	108	4	6	0
34032	187	41	1	3	4	123	2	13	0
34033	173	40	1	4	4	104	4	15	1
34034	254	56	3	3	8	157	7	18	2
34035	234	47	3	1	2	164	9	7	1
34036	232	52	3	3	3	143	3	25	0
34037	120	19	1	2	4	72	6	14	2
34038	95	32	0	3	1	49	5	4	1
34039	154	36	2	2	5	92	6	10	1
34040	238	49	1	7	9	147	4	18	3
34041	145	35	3	6	1	84	6	9	1
34042	268	46	3	6	7	186	3	14	3
34043	243	44	0	2	5	175	6	10	1
34044	256	37	1	5	4	180	8	20	1
34045	233	55	1	3	6	146	8	11	3
34046	174	36	0	4	3	117	2	11	1
34047	187	43	0	2	4	126	6	6	0
34048	278	56	3	1	1	197	2	17	1
34049	238	48	3	3	8	149	11	16	0
34050	161	35	0	2	6	91	12	14	1
34051	263	53	4	4	6	172	3	20	1
34052	188	27	4	4	4	131	5	12	1
34053	121	29	2	2	2	68	4	12	2
35001	225	41	13	10	16	41	42	43	19
35002	305	39	16	10	23	74	40	59	44
35003	213	51	8	3	21	45	38	34	13
35004	203	46	7	19	17	54	20	29	11
35005	203	38	9	9	14	52	30	29	22
35006	209	39	5	7	15	56	23	47	17
35007	233	32	6	8	26	69	25	46	21
35008	249	46	9	12	23	68	28	34	29
35009	214	67	15	13	15	52	21	25	6
35010	329	41	15	6	36	86	25	77	43
35011	240	49	8	10	21	60	23	49	20
35012	150	41	6	4	10	33	49	2	5
35013	140	39	0	8	8	35	39	3	8
35014	154	40	6	4	12	33	43	8	8
35015	264	43	8	9	17	73	36	50	28
35016	130	46	4	1	5	22	41	5	6
35017	233	39	6	9	12	68	26	48	25
35018	148	43	2	7	5	30	40	11	10
35019	91	31	7	3	9	13	24	2	2
35020	174	53	4	9	15	42	25	21	5
35021	208	42	12	4	27	47	38	25	13
35022	256	57	11	15	26	62	23	52	10
35023	237	53	11	13	19	73	26	22	20
35024	203	41	6	15	17	41	31	26	26
35025	247	28	15	10	35	71	14	54	20
35026	176	44	13	7	13	38	22	31	8
35027	192	49	6	8	14	60	21	20	14
35028	202	37	11	10	13	40	27	44	20
35029	149	30	6	6	12	40	22	26	7
35030	171	45	8	7	20	39	37	11	4
35031	248	62	16	17	9	64	30	30	20
36001	156	54	10	8	4	31	37	9	3
36002	138	34	5	8	5	47	29	6	4
36003	148	52	5	8	9	35	29	7	3
36004	119	39	6	3	9	33	23	2	4
36005	148	43	3	8	8	47	28	10	1
36006	124	44	4	4	10	19	38	3	2
36007	235	75	9	24	20	54	23	24	6
36008	122	46	5	5	8	18	32	4	4
36009	130	41	3	2	6	27	28	10	13
36010	179	51	6	12	16	40	33	16	5
36011	107	32	3	2	6	32	25	2	5
36012	85	21	1	2	4	21	31	4	1
36013	93	24	2	2	6	23	32	4	0
36014	182	53	10	12	14	43	18	22	10
36015	208	48	10	21	20	56	26	23	4
36016	187	52	7	14	12	47	28	22	5
36017	204	55	8	17	22	49	24	25	4
36018	175	50	7	16	11	48	24	17	2
36019	191	63	6	14	12	45	36	13	2
36020	156	36	10	17	16	33	23	16	5
36021	116	45	1	3	5	24	29	3	6
36022	104	33	2	3	4	13	41	5	3
36023	101	33	6	2	6	17	33	3	1
36024	139	42	2	14	6	35	28	12	0
36025	137	41	4	5	9	21	53	1	3
36026	128	52	7	10	9	19	18	10	3
36027	156	49	3	7	13	40	25	11	8
36028	120	30	4	14	10	30	18	8	6
36029	178	62	12	18	18	36	20	8	4
36030	153	46	4	19	8	38	21	16	1
37001	145	56	2	8	7	51	8	6	7
37002	123	31	4	4	6	52	18	8	0
37003	121	31	2	6	8	63	3	6	2
37004	129	44	4	2	3	65	5	6	0
37005	217	35	3	8	2	155	2	9	3
37006	190	46	2	2	5	118	6	8	3
37007	125	41	0	1	1	63	10	7	2
37008	129	34	1	1	8	68	12	5	0
37009	192	43	3	2	3	131	4	6	0
37010	195	55	5	5	9	98	13	6	4
37011	117	38	1	1	2	64	2	7	2
37012	109	19	0	4	3	65	13	1	4
37013	131	35	2	3	3	75	5	6	2
37014	203	58	2	3	6	121	7	5	1
37015	195	63	1	6	3	108	4	9	1
37016	191	55	2	6	5	105	11	4	3
37017	167	47	2	1	5	99	3	9	1
37018	181	56	3	5	1	97	5	12	2
37019	142	43	3	1	5	73	6	9	2
37020	144	38	3	7	4	77	7	6	2
37021	178	46	1	7	4	94	18	5	3
37022	138	28	3	9	7	70	11	9	1
37023	196	44	4	3	7	125	3	7	3
37024	202	68	3	5	6	104	6	10	0
37025	173	47	1	3	7	104	4	4	3
37026	250	64	4	2	5	149	12	12	2
37027	187	75	4	3	2	95	2	4	2
37028	159	37	6	3	4	94	9	6	0
37029	187	43	2	4	5	114	7	10	2
37030	165	40	3	5	4	95	3	15	0
37031	178	46	2	5	3	106	6	9	1
37032	179	48	2	3	2	115	1	7	1
37033	234	72	6	3	5	129	4	12	3
37034	164	47	7	3	6	87	4	10	0
37035	211	55	4	5	5	118	6	14	4
37036	165	43	3	5	7	97	2	7	1
37037	233	73	8	3	3	117	6	21	2
37038	238	53	1	7	6	145	9	15	2
37039	168	45	2	1	5	100	5	9	1
37040	216	44	2	4	6	145	6	7	2
37041	173	40	1	4	3	109	7	8	1
38001	162	31	12	7	14	45	24	22	7
38002	192	70	16	21	21	25	15	18	6
38003	154	44	2	21	15	35	16	14	7
38004	169	44	3	18	11	48	20	22	3
38005	168	59	11	18	10	33	11	16	10
38006	149	44	4	13	15	37	16	19	1
38007	155	49	8	18	18	30	14	14	4
38008	151	46	5	12	13	36	16	18	5
38009	190	62	13	21	19	33	19	19	4
38010	139	42	5	13	16	35	17	8	3
38011	188	48	10	13	21	42	17	30	7
38012	171	61	19	24	20	26	12	9	0
38013	192	66	11	14	21	42	10	23	5
38014	187	61	5	18	19	47	12	20	5
38015	162	45	11	14	18	36	16	17	5
38016	181	62	7	15	22	28	18	23	6
38017	197	81	9	24	13	34	12	18	6
38018	189	51	14	23	13	33	16	36	3
38019	229	72	9	28	20	55	16	21	8
38020	173	66	6	18	13	32	10	25	3
38021	164	42	7	14	15	45	15	19	7
38022	202	55	8	19	25	52	15	20	8
38023	219	63	8	29	20	52	22	23	2
38024	168	58	6	22	20	33	9	15	5
38025	149	45	2	17	11	34	9	25	6
38026	177	52	8	17	14	49	15	16	6
38027	164	56	8	12	16	39	18	11	4
38028	198	69	9	41	15	28	12	20	4
38029	177	59	7	19	16	45	16	12	3
38030	168	46	7	19	13	41	19	15	8
38031	208	53	8	16	24	47	9	44	7
38032	164	34	8	15	18	53	13	18	5
38033	176	54	8	12	23	40	16	14	9
38034	182	52	12	14	12	45	15	25	7
38035	189	47	8	17	23	41	24	20	9
38036	163	65	4	13	10	39	6	23	3
38037	197	66	9	21	19	41	22	16	3
38038	157	48	6	15	15	39	18	12	4
38039	220	55	8	20	29	49	15	37	7
38040	194	58	5	29	13	46	16	24	3
38041	233	48	11	14	18	74	9	47	12
39001	242	54	10	35	34	43	7	48	11
39002	256	68	10	24	30	74	17	24	9
39003	278	61	13	14	21	74	29	53	13
39004	232	64	10	25	16	59	8	41	9
39005	206	45	8	13	21	39	17	49	14
39006	216	64	9	23	20	40	22	24	14
39007	182	46	3	14	7	41	14	42	15
39008	232	55	7	15	24	69	21	31	10
39009	194	59	15	11	12	49	11	25	12
39010	121	19	9	8	13	37	9	16	10
39011	185	61	5	17	12	43	12	19	16
39012	263	58	15	13	26	64	19	43	25
39013	170	49	8	14	12	42	11	20	14
39014	182	35	5	19	18	39	12	32	22
39015	220	52	13	33	18	57	16	25	6
39016	142	46	3	9	14	35	6	25	4
39017	263	52	14	24	34	64	7	51	17
39018	251	46	6	14	25	42	13	69	36
39019	234	57	11	15	18	55	13	39	26
39020	251	85	13	31	18	54	14	26	10
39021	196	65	11	20	23	38	13	14	12
39022	148	42	8	10	15	28	12	23	10
39023	244	77	15	31	28	43	8	34	8
39024	270	93	8	37	26	56	10	35	5
39025	182	49	11	11	19	42	18	24	8
39026	203	49	12	24	21	47	15	18	17
39027	60	12	5	14	5	5	0	17	2
39028	326	59	21	21	27	86	22	65	25
39029	122	27	7	7	13	21	13	28	6
39030	266	44	8	13	22	70	27	59	23
39031	200	56	8	13	15	47	30	23	8
39032	197	63	2	17	9	44	8	30	24
39033	237	49	8	14	19	70	9	47	21
39034	248	48	11	15	22	70	22	41	19
39035	205	50	8	8	17	39	11	51	21
39036	61	17	1	0	3	17	6	13	4
39037	280	54	12	21	32	60	9	74	18
39038	164	38	3	14	20	28	10	37	14
39039	141	29	7	14	14	39	9	22	7
39040	193	55	4	15	18	57	8	31	5
39041	242	51	7	29	16	48	10	50	31
39042	287	84	13	34	19	48	17	53	19
39043	246	55	12	35	28	51	16	40	9
39044	176	30	5	16	21	46	9	42	7
39045	231	66	10	19	24	47	10	40	15
40001	190	58	4	16	21	43	10	24	14
40002	216	54	10	17	17	63	11	26	18
40003	334	69	17	13	35	101	14	68	17
40004	140	33	6	6	13	31	10	31	10
40005	270	54	14	15	18	76	15	64	14
40006	310	34	15	19	31	86	17	86	22
40007	305	49	22	17	28	77	8	91	13
40008	352	37	16	16	43	101	14	98	27
40009	174	44	2	7	10	71	20	14	6
40010	201	59	7	11	25	50	11	32	6
40011	273	51	15	20	14	83	12	64	14
40012	203	39	10	15	16	60	6	47	10
40013	441	63	23	15	43	138	19	111	29
40014	155	39	5	5	11	61	2	19	13
40015	211	54	8	15	22	59	15	37	1
40016	361	58	21	14	34	108	11	101	14
40017	235	52	10	10	24	56	7	67	9
40018	166	51	2	9	12	61	5	20	6
40019	274	73	15	15	22	81	20	31	17
40020	223	51	11	11	23	66	14	34	13
40021	344	93	27	15	36	87	15	55	16
40022	266	52	13	15	37	67	15	60	7
40023	348	61	13	13	33	99	17	90	22
40024	172	44	3	10	12	39	13	38	13
40025	318	62	23	10	36	80	11	77	19
40026	291	70	17	16	30	68	11	62	17
40027	334	70	15	12	35	106	18	54	24
40028	295	68	11	7	13	106	11	58	21
40029	265	59	13	17	28	64	10	65	9
40030	252	55	13	14	17	76	10	55	12
40031	328	60	10	15	33	91	21	81	17
40032	334	56	14	22	30	116	11	71	14
40033	333	60	17	15	36	102	11	80	12
40034	193	41	9	6	17	45	19	46	10
40035	145	63	6	4	15	29	7	10	11
40036	247	47	11	17	29	64	15	55	9
40037	241	53	12	11	26	73	12	44	10
40038	347	36	24	24	24	98	13	103	25
40039	60	14	3	3	2	24	8	5	1
41001	165	58	9	20	14	39	6	16	3
41002	208	70	14	36	17	40	6	22	3
41003	206	66	14	19	24	42	13	24	4
41004	247	85	15	31	15	51	4	42	4
41005	204	64	2	28	19	46	7	32	6
41006	291	100	12	41	29	39	10	57	3
41007	228	71	12	33	15	42	12	39	4
41008	210	79	5	20	24	50	8	19	5
41009	205	45	15	27	10	52	12	39	5
41010	286	85	12	33	30	74	6	42	4
41011	225	69	10	36	23	45	11	24	7
41012	183	72	10	18	14	37	8	17	7
41013	197	60	12	29	26	32	10	23	5
41014	277	69	11	31	34	54	6	65	7
41015	266	74	16	42	20	57	7	41	9
41016	172	61	4	20	10	44	8	21	4
41017	222	60	6	41	22	52	10	27	4
41018	179	77	4	30	18	27	3	18	2
41019	270	56	13	39	27	52	6	70	7
41020	158	50	12	18	19	28	9	18	4
41021	206	77	11	23	15	37	11	25	7
41022	269	91	9	34	32	52	5	35	11
41023	155	49	17	12	15	33	6	21	2
41024	147	47	9	22	12	29	9	15	4
41025	90	29	4	10	11	16	9	8	3
41026	220	64	9	27	29	46	8	35	2
41027	122	52	6	10	11	17	13	10	3
41028	153	43	11	10	15	36	16	19	3
41029	106	33	6	9	17	24	7	6	4
41030	185	49	10	26	20	38	8	27	7
41031	254	79	13	31	35	42	5	43	6
41032	174	55	3	27	18	37	7	23	4
41033	174	53	7	22	13	34	8	28	9
41034	187	60	6	31	17	42	6	23	2
41035	252	78	14	33	16	62	14	31	4
41036	208	66	10	23	18	43	10	30	8
41037	229	74	17	26	20	56	3	26	7
41038	194	57	6	32	16	45	15	21	2
41039	245	56	6	38	32	64	10	31	8
41040	239	91	8	36	23	49	16	13	3
41041	174	61	3	20	19	41	9	20	1
41042	203	66	7	31	19	39	5	33	3
41043	196	68	18	24	16	36	8	22	4
41044	210	66	5	29	25	41	7	31	6
41045	168	43	5	22	15	36	12	33	2
41046	262	63	10	30	26	56	9	57	11
41047	240	70	8	32	27	50	2	45	6
42001	247	45	8	12	38	53	9	65	17
42002	176	31	10	12	27	41	5	47	3
42003	209	33	8	14	21	64	9	56	4
42004	292	45	15	18	32	106	8	59	9
42005	169	18	7	17	17	47	12	48	3
42006	309	55	13	18	44	99	6	66	8
42007	252	39	16	20	24	74	6	69	4
42008	226	34	10	8	32	67	6	52	17
42009	205	56	9	10	16	60	2	45	7
42010	253	38	19	18	22	66	14	67	9
42011	160	28	7	12	17	45	4	41	6
42012	229	28	13	20	21	62	7	68	10
42013	263	45	5	20	35	71	14	64	9
42014	182	34	8	18	17	42	10	45	8
42015	167	27	7	12	22	43	14	38	4
42016	231	41	14	14	27	58	12	53	12
42017	274	50	13	26	17	70	16	76	6
42018	143	26	12	5	15	38	5	38	4
42019	285	31	10	26	34	56	9	108	11
42020	160	21	10	20	15	33	7	48	6
42021	173	33	8	16	26	33	7	46	4
42022	93	10	7	12	9	16	1	30	8
42023	217	25	7	17	39	54	7	59	9
42024	220	37	9	22	27	49	13	50	13
42025	181	33	16	8	16	42	7	47	12
42026	235	32	12	25	31	71	8	53	3
42027	196	45	6	13	18	63	7	38	6
42028	284	36	12	18	40	87	5	72	14
42029	201	30	17	22	15	65	6	42	4
42030	229	33	9	28	20	55	11	68	5
42031	225	42	14	20	22	57	9	53	8
42032	146	36	12	9	19	28	4	33	5
42033	236	40	12	18	31	42	7	74	12
42034	204	28	5	26	31	48	10	50	6
42035	284	56	13	17	34	78	7	72	7
42036	272	45	16	15	22	89	5	70	10
42037	120	16	8	7	22	32	5	26	4
42038	164	34	11	10	15	35	13	38	8
42039	189	25	11	17	24	57	8	41	6
42040	249	40	15	15	36	83	5	47	8
42041	187	31	12	16	16	54	5	48	5
42042	295	58	14	14	22	75	19	84	9
43001	135	18	8	7	15	46	2	35	4
43002	204	28	11	20	18	49	13	61	4
43003	224	35	18	11	29	36	14	72	9
43004	240	39	8	17	32	61	5	75	3
43005	191	29	10	18	20	39	6	60	9
43006	156	19	7	16	14	43	10	34	13
43007	166	28	7	6	9	51	9	47	9
43008	197	41	7	12	26	37	10	62	2
43009	266	55	5	18	26	86	14	58	4
43010	279	46	10	19	28	68	8	89	11
43011	138	22	3	12	16	32	3	49	1
43012	169	28	10	12	27	35	3	48	6
43013	228	46	14	12	36	49	6	57	8
43014	257	44	10	22	24	56	13	85	3
43015	222	35	10	24	27	50	14	57	5
43016	160	19	7	7	24	40	5	53	5
43017	180	19	4	22	21	42	11	58	3
43018	255	41	5	17	31	61	14	76	10
43019	269	49	12	21	31	65	10	73	8
43020	221	37	8	16	20	52	11	70	7
43021	232	31	16	18	24	54	9	73	7
43022	136	30	14	6	16	19	9	35	7
43023	147	29	7	6	14	23	6	55	7
43024	159	35	7	13	20	35	12	34	3
43025	229	39	6	27	26	40	9	69	13
43026	182	30	1	17	25	33	10	59	7
43027	220	33	6	20	18	49	8	78	8
43028	252	44	17	17	30	60	11	65	8
43029	197	31	10	18	27	42	10	52	7
43030	212	33	10	14	24	48	11	69	3
43031	246	51	14	14	25	70	18	46	8
43032	257	35	14	11	39	69	8	72	9
43033	254	39	8	18	34	57	7	78	13
43034	207	32	10	19	15	47	6	61	17
43035	296	48	4	16	39	73	11	91	14
43036	94	20	2	7	12	19	4	24	6
43037	203	38	13	11	17	54	10	54	6
43038	219	27	3	11	33	41	8	85	11
43039	153	35	5	22	19	29	2	28	13
43040	154	34	7	16	11	44	8	28	6
43041	309	42	16	23	36	89	8	85	10
43042	232	35	7	15	31	69	13	56	6
43043	274	30	6	37	40	46	14	89	12
43044	217	33	8	20	29	39	20	62	6
43045	149	25	8	7	23	39	11	31	5
43046	108	14	7	13	18	29	1	23	3
44001	392	68	25	20	59	92	18	95	15
44002	262	46	29	18	24	54	14	70	7
44003	250	46	10	11	30	54	6	77	16
44004	282	40	10	26	30	71	14	66	25
44005	262	44	21	9	36	69	8	64	11
44006	306	52	18	24	30	79	9	83	11
44007	218	32	12	15	25	51	4	71	8
44008	336	51	18	14	42	97	12	90	12
44009	209	40	18	12	17	50	10	56	6
44010	213	26	16	18	22	62	7	57	5
44011	252	54	14	24	30	54	14	55	7
44012	284	51	16	20	26	89	10	60	12
44013	171	23	12	15	20	44	7	40	10
44014	185	32	13	11	16	58	6	43	6
44015	248	40	23	10	20	65	12	71	7
44016	273	39	17	23	35	65	12	72	10
44017	394	66	25	25	58	100	15	90	15
44018	232	42	12	9	24	66	14	56	9
44019	340	69	28	17	35	77	14	87	13
44020	232	34	19	10	21	73	7	50	18
44021	283	45	27	17	24	69	3	82	16
44022	326	58	16	27	43	73	7	83	19
44023	238	36	13	12	37	57	7	66	10
44024	228	37	10	15	22	70	3	60	11
44025	245	39	17	20	20	59	14	68	8
44026	262	56	12	13	19	68	8	71	15
44027	303	42	15	20	24	83	23	84	12
44028	251	45	16	10	24	68	11	62	15
44029	224	38	16	11	23	62	9	60	5
44030	264	36	7	16	36	86	10	62	11
44031	198	35	6	31	17	57	3	45	4
44032	265	52	12	27	28	63	12	55	16
44033	249	47	32	9	30	54	8	59	10
44034	305	71	16	20	26	84	15	65	8
44035	347	53	14	38	34	103	2	89	14
44036	230	32	24	12	26	61	7	63	5
44037	292	59	19	18	33	76	20	57	10
44038	183	34	11	18	24	44	5	39	8
44039	225	38	11	15	32	56	12	47	14
44040	193	28	21	20	23	35	8	48	10
44041	294	50	20	12	34	79	17	65	17
45001	185	29	9	10	17	53	9	47	11
45002	216	50	11	11	19	55	17	40	13
45003	230	50	10	11	24	55	13	59	8
45004	286	59	15	22	18	85	18	57	12
45005	265	69	16	24	26	48	11	58	13
45006	312	52	14	20	29	84	17	77	19
45007	366	67	21	28	37	94	23	77	19
45008	201	37	14	20	23	44	24	31	8
45009	202	54	9	18	14	53	30	19	5
45010	224	66	10	14	25	43	21	38	7
45011	149	41	2	9	18	43	9	18	9
45012	226	59	14	17	14	46	16	40	20
45013	210	53	7	15	11	52	17	45	10
45014	258	58	11	31	23	72	14	33	16
45015	310	89	13	16	37	87	21	38	9
45016	209	55	11	16	29	51	9	31	7
45017	233	63	13	23	21	58	13	36	6
45018	188	47	5	20	13	43	18	30	12
45019	102	29	7	4	4	34	8	14	2
45020	132	41	6	7	14	30	13	19	2
45021	199	61	7	19	16	36	20	37	3
45022	184	66	6	16	13	41	11	25	6
45023	189	56	8	25	23	35	13	28	1
45024	170	47	10	23	16	37	10	19	8
45025	140	37	4	25	9	28	8	26	3
45026	107	35	6	16	15	16	3	12	4
45027	171	55	6	17	16	35	15	24	3
45028	146	34	6	9	11	38	9	30	9
45029	127	44	5	13	6	29	12	16	2
45030	193	52	8	11	14	57	24	20	7
45031	165	51	4	22	13	41	12	20	2
45032	156	37	8	19	13	46	10	19	4
45033	146	44	5	14	12	41	12	14	4
45034	228	60	14	15	23	58	21	30	7
45035	248	63	17	26	17	51	20	46	8
45036	240	69	6	26	26	54	11	37	11
45037	197	46	8	17	18	57	15	29	7
45038	166	52	9	7	16	42	14	22	4
45039	183	60	6	22	13	43	11	21	7
45040	209	64	13	17	22	45	14	26	8
45041	188	60	14	19	13	52	8	16	6
45042	202	72	15	26	24	34	8	15	8
45043	204	63	7	25	23	38	18	24	6
45044	192	61	5	16	18	54	9	22	7
45045	103	27	4	14	8	24	13	9	4
45046	139	41	4	19	12	28	11	17	7
45047	143	47	3	16	16	26	11	18	6
45048	137	35	9	23	13	34	5	15	3
46001	222	61	18	14	21	53	9	30	16
46002	242	47	17	17	23	77	11	39	11
46003	356	51	19	21	58	78	15	91	23
46004	256	57	12	7	18	96	12	43	11
46005	264	43	11	23	21	72	11	68	15
46006	218	52	6	14	23	73	8	32	10
46007	349	59	27	19	46	108	19	59	12
46008	194	53	11	7	22	60	3	25	13
46009	286	44	12	25	32	87	18	52	16
46010	327	68	14	24	38	87	12	72	12
46011	216	43	10	11	27	69	8	35	13
46012	314	51	26	16	27	96	16	63	19
46013	258	45	9	20	27	64	9	77	7
46014	278	72	5	3	12	144	9	24	9
46015	252	41	19	18	19	73	9	66	7
46016	317	52	17	15	28	94	10	83	18
46017	320	76	12	20	33	77	16	76	10
46018	270	45	14	27	26	74	14	58	12
46019	224	42	10	16	32	53	13	50	8
46020	237	49	13	7	22	107	9	24	6
46021	161	34	6	6	17	50	12	27	9
46022	179	46	7	12	15	55	8	21	15
46023	206	48	9	10	20	69	8	32	10
46024	318	52	22	22	47	80	9	66	20
46025	246	50	11	16	15	81	11	58	4
46026	267	41	18	10	23	109	15	45	6
46027	334	62	28	19	32	103	20	54	16
46028	322	59	14	20	51	77	12	78	11
46029	244	44	19	14	22	72	6	57	10
46030	253	59	10	11	21	85	18	39	10
46031	252	33	18	18	20	71	12	58	22
46032	246	53	20	16	16	88	6	36	11
46033	306	63	23	25	28	85	4	66	12
46034	269	52	10	11	26	87	10	52	21
46035	265	70	8	17	19	101	7	35	8
46036	276	62	14	21	29	59	11	65	15
46037	229	50	12	20	18	67	11	43	8
46038	207	49	11	8	16	78	5	36	4
46039	253	62	13	14	31	72	10	42	9
46040	268	41	8	17	32	77	18	60	15
47001	155	20	9	7	7	51	6	47	8
47002	329	64	9	23	24	85	11	107	6
47003	336	76	19	22	24	90	24	70	11
47004	370	40	25	28	26	144	12	80	15
47005	345	46	24	22	25	116	17	78	17
47006	286	52	17	25	20	84	12	66	10
47007	266	51	14	17	26	75	11	63	9
47008	310	51	20	19	19	95	24	74	8
47009	248	45	12	14	25	71	11	64	6
47010	375	47	21	18	29	121	10	106	23
47011	255	38	13	20	14	83	13	63	11
47012	351	40	17	22	39	108	16	95	14
47013	306	41	19	18	37	72	20	81	18
47014	298	40	17	18	26	108	9	65	15
47015	403	69	20	14	39	127	15	85	34
47016	320	62	15	15	29	86	16	74	23
47017	284	60	13	15	21	86	16	63	10
47018	298	49	17	17	35	86	17	67	10
47019	372	60	27	11	41	107	15	94	17
47020	295	60	14	16	28	81	7	70	19
47021	317	41	20	16	30	99	10	87	14
47022	348	65	19	20	23	91	11	97	22
47023	366	56	14	12	43	105	17	97	22
47024	272	40	18	17	31	71	9	74	12
47025	297	34	12	13	25	103	14	81	15
47026	350	41	18	20	44	107	10	98	12
47027	267	27	18	13	23	91	15	68	12
47028	304	45	6	17	25	89	25	83	14
47029	294	46	7	15	21	104	12	75	14
47030	366	74	27	17	42	105	16	65	20
47031	269	49	14	12	24	67	22	74	7
47032	393	45	15	24	45	120	16	105	23
47033	221	29	7	26	20	61	10	53	15
47034	334	49	20	19	29	97	13	91	16
47035	288	42	13	16	37	80	16	72	12
47036	354	53	18	10	42	119	4	93	15
47037	325	45	11	18	35	107	11	85	13
47038	304	38	19	23	23	102	10	81	8
47039	315	36	22	20	36	115	4	72	10
47040	380	49	16	19	40	100	18	115	23
47041	358	58	27	18	34	113	12	78	18
47042	313	52	19	14	33	95	10	70	20
47043	260	53	14	20	20	68	13	67	5
47044	229	49	10	21	22	56	14	45	12
47045	309	43	20	12	29	96	8	86	15
47046	295	53	9	20	23	88	15	74	13
47047	300	48	17	20	31	90	9	72	13
47048	35	16	2	1	1	9	4	2	0
48001	287	52	14	11	26	84	13	67	20
48002	170	36	3	8	21	40	6	50	6
48003	304	68	13	18	28	101	14	49	13
48004	290	52	17	16	29	78	10	73	15
48005	215	42	6	14	36	51	6	53	7
48006	334	70	17	16	27	109	15	62	18
48007	326	50	22	12	31	77	13	102	19
48008	174	34	6	10	20	43	9	44	8
48009	181	46	6	10	21	46	5	37	10
48010	428	61	19	20	50	131	13	114	20
48011	287	45	21	14	31	67	13	86	10
48012	348	55	21	18	40	95	15	93	11
48013	383	80	15	22	40	105	17	80	24
48014	167	27	12	11	19	44	12	40	2
48015	160	45	1	9	7	52	9	30	7
48016	284	57	20	10	36	85	10	60	6
48017	299	61	13	16	30	90	10	58	21
48018	230	71	7	8	19	76	15	16	18
48019	270	39	9	23	24	62	23	76	14
48020	374	70	20	20	40	88	9	102	25
48021	313	82	12	11	38	97	21	40	12
48022	317	80	11	20	30	92	18	62	4
48023	340	59	14	20	36	95	17	88	11
48024	277	72	14	22	19	89	13	40	8
48025	328	56	11	17	34	85	15	90	20
48026	130	34	4	5	16	37	9	22	3
48027	304	74	21	24	32	70	17	45	21
48028	300	75	11	11	24	96	14	49	20
48029	210	44	6	19	41	50	7	26	17
48030	290	50	9	20	30	82	14	72	13
48031	317	74	19	12	27	101	18	49	17
48032	267	58	15	8	26	86	12	50	12
48033	209	36	15	18	25	46	5	54	10
48034	258	52	11	12	24	74	7	63	15
48035	199	56	14	11	16	67	8	21	6
48036	202	36	7	10	28	61	5	49	6
48037	292	59	21	14	37	74	14	60	13
48038	368	82	6	20	30	110	7	103	10
48039	254	51	16	12	19	82	7	58	9
48040	275	59	15	19	24	68	12	67	11
48041	297	54	21	8	26	93	10	59	26
48042	390	62	18	22	45	113	14	84	32
48043	294	63	8	11	37	85	7	71	12
48044	368	59	24	18	34	91	13	115	14
48045	230	35	13	10	27	66	8	59	12
48046	203	41	13	11	18	74	6	32	8
49001	173	50	6	4	7	70	6	23	7
49002	195	50	9	10	25	50	5	37	9
49003	301	95	12	6	35	86	6	46	15
49004	340	88	14	13	29	82	14	75	25
49005	349	97	7	15	27	124	18	50	11
49006	260	74	8	11	34	70	8	35	20
49007	277	63	11	17	28	75	8	64	11
49008	216	57	8	14	18	68	9	32	10
49009	284	71	15	13	29	91	6	46	13
49010	321	98	16	14	22	85	15	51	20
49011	369	89	8	22	37	116	11	67	19
49012	396	103	18	17	25	98	11	88	36
49013	349	83	19	19	29	118	13	53	15
49014	268	76	16	12	28	70	11	28	27
49015	200	56	4	9	27	64	5	32	3
49016	310	114	19	16	25	64	12	38	22
49017	162	42	10	9	12	51	8	19	11
49018	380	101	14	10	33	99	13	82	28
49019	225	69	6	7	14	79	16	27	7
49020	444	123	15	9	31	137	20	66	43
49021	160	41	3	10	19	55	9	21	2
49022	319	101	4	8	39	92	16	43	16
49023	348	86	22	16	35	80	17	55	37
49024	195	42	5	8	12	90	8	24	6
49025	362	91	23	17	52	88	3	60	28
49026	319	75	15	13	36	94	14	52	20
49027	309	71	17	14	21	105	11	51	19
49028	361	86	18	20	34	115	19	48	21
49029	371	80	9	15	41	101	18	75	32
49030	347	96	13	15	27	108	9	56	23
49031	244	69	7	12	19	70	11	43	13
49032	276	67	13	14	26	101	11	28	16
49033	241	66	18	4	20	81	7	35	10
50001	212	56	6	8	15	36	5	47	39
50002	139	40	5	8	12	34	4	19	17
50003	218	42	12	17	24	43	7	33	40
50004	242	70	6	12	25	59	7	38	25
50005	161	41	9	18	7	20	5	28	33
50006	260	80	4	8	22	75	15	37	19
50007	307	83	13	13	19	89	10	67	13
50008	189	51	4	6	18	73	13	16	8
50009	190	48	14	12	12	32	10	37	25
50010	149	54	5	8	11	19	3	12	37
50011	161	49	1	10	8	9	1	25	58
50012	116	23	0	3	18	24	4	20	24
50013	179	69	6	8	10	46	12	16	12
50014	67	21	3	2	9	9	3	6	14
50015	301	62	9	13	34	66	11	75	31
50016	81	16	1	3	14	12	0	15	20
50017	141	37	3	13	12	23	9	19	25
50018	74	22	1	1	10	3	0	4	33
50019	123	38	5	5	6	31	11	21	6
50020	219	49	9	9	21	61	8	41	21
50021	193	46	5	10	21	41	3	42	25
50022	144	37	4	6	17	21	2	19	38
50023	116	35	2	8	17	23	14	6	11
50024	165	48	5	10	9	14	4	21	54
50025	180	51	11	8	11	24	12	23	40
50026	168	54	13	11	6	44	14	18	8
50027	65	20	4	4	10	10	4	4	9
50028	171	60	5	7	13	50	17	14	5
50029	118	40	5	8	11	26	5	13	10
50030	144	54	2	6	8	34	2	21	17
50031	220	70	13	12	17	70	17	7	14
50032	182	52	7	3	16	68	9	17	10
50033	206	53	4	11	20	25	1	37	55
50034	311	54	11	18	18	65	10	83	52
50035	296	67	9	17	30	86	17	55	15
50036	221	50	9	14	21	45	11	37	34
50037	230	47	16	19	21	67	4	42	14
50038	110	27	5	7	12	18	3	18	20
50039	102	39	1	11	8	12	5	9	17
50040	216	64	3	12	14	21	5	22	75
