Precinct	total_votes	votes|Brandon Johnson (Warren)	votes|Jamie Brown (Warren)	votes|Frederick ''Fritz'' Kaegi (Warren)	votes|Mony Ruiz Velasco (Warren)	votes|Marlon D. Harris (Warren)	votes|Harlene Ellin (Warren)	votes|Mihir Garud (Warren)	votes|Benetta Mansfield (Warren)	votes|Mary Ann Abbott (Yang)	votes|David Hernandez (Yang)	votes|Elizabeth Henricks (Yang)	votes|Steven Dyme (Yang)	votes|Yvonne O'Connor (Yang)	votes|Peter Wojda IV (Yang)	votes|Rudyard ''Rudy'' Urian (Yang)	votes|Marty Castro (Buttigieg)	votes|Eric Davis (Buttigieg)	votes|Thomas Gary (Buttigieg)	votes|Marla Izbicky (Buttigieg)	votes|Amalia Mahoney (Buttigieg)	votes|Cristal Thomas Gary (Buttigieg)	votes|Melissa Conyears-Ervin (Biden)	votes|Pat Quinn (Biden)	votes|Emma M. Mitts (Biden)	votes|Brendan Reilly (Biden)	votes|Patricia Dowell (Biden)	votes|Rory Hoskins (Biden)	votes|Barbara McGowan (Biden)	votes|Marcelino Garcia (Biden)	votes|Claudia Moreno-Nunez (Sanders)	votes|Julie Lehrman (Sanders)	votes|Martese Luzette Chism (Sanders)	votes|Ojus Khanolkar (Sanders)	votes|Dominique Coronel (Sanders)	votes|Miguel Bautista (Sanders)	votes|Ronald Lawless (Sanders)	votes|Tim Thomas (Sanders)	votes|Barton Moy (Klobuchar)	votes|Gail M. Silver (Klobuchar)	votes|Joan L. Long (Klobuchar)	votes|Addison Woodward (Klobuchar)	votes|Ann Henstrand (Klobuchar)	votes|Jennifer Vincent (Klobuchar)	votes|Markayle Tolliver (Klobuchar)	votes|Thomas A. (Tom) Ciavarella (Klobuchar)
01012	2955	20	30	26	37	24	31	30	34	9	9	7	5	3	6	6	10	3	4	10	7	6	73	86	98	89	94	88	87	85	254	245	236	241	241	239	229	226	4	3	1	4	5	5	2	3
01014	485	3	5	4	5	5	3	6	3	0	1	0	0	0	0	0	1	1	0	0	1	4	10	14	14	14	14	13	12	12	45	44	43	41	41	43	40	39	0	1	0	1	0	2	0	0
01015	432	6	6	6	8	7	9	10	9	1	2	2	2	4	3	4	2	3	2	3	2	3	10	11	14	14	14	13	14	13	33	31	30	30	28	29	26	25	1	1	0	1	0	0	0	0
01032	969	16	17	20	21	16	18	18	18	1	2	1	0	1	2	0	0	0	0	2	1	3	37	43	46	44	47	43	45	39	68	63	58	58	59	54	50	50	3	2	1	1	0	1	0	0
02002	1538	16	10	7	11	8	9	6	6	10	7	4	2	4	2	3	11	10	8	13	10	7	111	132	150	150	147	144	145	139	30	28	23	23	25	29	26	25	7	8	5	7	6	7	3	4
02009	1451	11	6	8	4	2	9	5	8	9	4	7	3	4	2	0	8	5	4	8	7	6	99	112	122	119	119	116	122	113	50	50	42	43	44	41	39	38	6	12	9	10	9	7	5	4
02010	1337	3	3	7	4	5	5	3	6	4	4	6	4	3	2	2	7	5	7	4	3	3	104	116	140	143	140	137	143	133	24	19	21	19	18	19	19	18	4	10	5	5	4	2	3	1
02011	2084	10	7	9	6	6	7	8	8	8	7	12	5	5	3	3	13	6	9	10	13	10	184	192	212	209	210	205	211	204	33	33	33	33	30	31	26	25	6	8	7	6	7	5	4	5
02012	1229	13	11	9	5	11	4	7	7	8	9	6	8	6	2	4	5	8	4	8	4	4	92	113	102	109	111	105	109	93	35	27	28	29	34	31	27	21	2	7	2	1	1	1	1	5
02013	2265	13	13	14	8	8	9	11	13	6	3	4	2	4	2	3	14	12	11	15	8	12	171	195	231	231	231	222	225	216	47	44	42	38	41	37	38	35	3	8	6	7	6	4	1	1
02014	2314	25	23	23	29	25	28	24	29	7	2	4	2	4	3	4	7	5	4	8	10	6	66	81	81	72	82	68	73	67	190	186	177	175	181	177	169	169	5	5	3	3	3	5	2	2
02017	2790	26	28	27	23	15	22	23	24	9	9	11	7	6	3	4	8	9	6	13	11	5	109	125	134	123	131	126	128	123	195	185	183	187	188	189	173	169	4	5	4	1	7	6	4	2
02018	2116	16	16	13	14	9	16	11	16	7	4	4	1	3	2	2	3	2	6	6	5	8	164	176	199	197	192	190	189	182	60	59	55	54	56	55	48	51	3	4	3	6	2	5	1	1
02019	1035	11	9	10	7	4	6	6	8	2	1	1	1	2	1	3	6	5	5	8	7	5	63	73	90	93	89	85	89	88	32	31	33	30	31	31	27	26	1	2	1	1	4	4	1	2
02020	688	11	11	7	7	7	7	7	9	0	3	2	2	2	2	0	5	8	5	5	7	5	38	42	46	47	46	49	47	48	30	23	24	24	22	26	25	23	5	4	1	2	1	3	0	0
02021	176	0	0	0	0	0	0	0	0	0	0	0	0	0	0	0	0	0	0	0	0	0	7	7	9	9	9	9	10	8	15	14	13	13	13	14	12	12	0	1	0	1	0	0	0	0
02023	1613	2	1	2	1	0	1	0	1	4	5	4	7	2	2	2	8	7	4	6	4	4	146	166	180	180	179	174	178	174	17	15	14	14	13	15	14	12	5	8	7	6	9	6	6	8
02027	1636	13	7	5	5	6	4	3	4	6	4	6	6	2	5	5	16	11	10	15	8	7	110	132	152	148	143	136	138	138	48	44	43	42	44	41	43	43	3	8	9	3	6	8	3	3
02028	781	8	8	8	5	5	8	7	6	4	2	2	3	1	1	2	1	2	1	2	3	1	43	44	51	52	53	48	51	48	41	41	35	33	36	35	31	30	2	4	5	4	6	4	2	2
02029	2176	18	19	16	13	15	20	15	20	5	4	5	2	4	2	1	13	12	13	13	18	13	126	137	165	166	172	162	165	156	91	84	83	79	79	82	77	73	3	5	7	7	5	4	4	3
02032	1458	19	12	13	13	14	15	13	13	8	6	6	5	2	2	1	9	8	8	7	5	5	81	97	102	106	99	93	101	91	67	65	62	61	59	59	56	55	3	4	1	2	4	4	1	1
02034	1774	12	10	10	8	9	10	11	12	5	3	7	3	4	2	2	18	12	17	16	14	10	127	142	172	177	168	168	172	162	33	33	31	31	30	29	24	24	8	10	7	8	7	7	6	3
02035	2204	16	17	15	16	16	15	15	19	11	6	9	5	4	3	5	17	16	15	17	16	12	149	171	187	189	188	183	188	181	66	59	50	51	57	52	51	49	7	13	10	10	11	7	4	6
02036	2013	19	20	12	13	14	19	16	17	7	5	4	6	1	0	0	12	11	12	10	7	6	127	138	162	163	166	155	157	156	76	72	66	64	67	68	60	59	3	8	7	8	6	7	3	4
02038	1378	5	7	7	7	5	8	7	6	3	5	6	8	5	4	4	13	9	13	13	9	7	96	106	121	123	120	115	121	111	41	38	36	34	34	34	28	28	5	6	6	5	6	6	4	3
02039	1093	22	16	12	11	10	9	7	12	10	4	6	2	3	4	4	4	9	6	10	9	9	65	74	73	76	74	70	78	67	46	48	38	38	36	37	36	42	0	3	0	2	2	2	3	4
02040	1800	17	16	12	15	11	15	12	9	2	6	6	2	3	2	2	7	7	6	7	5	5	108	114	146	146	149	143	143	140	71	69	68	69	66	67	62	61	0	1	1	1	3	3	1	1
02041	1735	9	16	11	12	9	15	11	12	13	7	10	3	8	2	2	8	9	9	9	9	5	112	126	150	142	142	138	142	138	61	58	56	50	51	49	47	43	4	8	6	4	6	5	2	6
02042	1951	20	16	17	19	14	18	15	16	5	8	8	5	7	4	4	7	5	4	6	6	2	113	122	151	151	146	141	145	141	83	81	75	75	75	72	69	66	2	4	6	6	6	7	3	5
02043	2235	10	12	7	9	8	7	4	5	7	7	5	6	3	1	5	10	11	10	9	9	6	158	176	215	216	213	210	216	215	60	60	53	52	54	55	48	45	7	8	7	2	4	4	2	4
02045	2054	27	22	23	24	19	24	21	22	11	8	6	3	6	4	2	11	13	8	12	11	7	110	125	150	148	152	141	150	141	89	86	72	71	76	73	63	65	4	9	12	6	9	10	3	5
02046	1264	18	15	12	13	11	12	8	16	10	6	6	2	1	1	0	8	8	7	10	7	4	75	84	83	85	85	81	83	79	62	57	52	52	49	51	48	44	2	5	4	2	3	2	1	0
03001	2249	50	40	25	21	31	25	18	23	17	12	10	7	5	0	3	4	7	5	6	4	2	103	127	171	164	197	159	175	150	100	93	79	77	91	79	76	74	1	3	6	2	3	2	1	1
03002	2519	71	61	36	34	48	28	30	32	19	16	11	12	13	2	10	9	15	8	7	5	11	136	194	228	208	241	203	213	189	66	61	43	44	52	47	52	40	2	3	2	2	2	4	1	8
03003	1220	23	15	15	12	18	9	9	15	10	12	8	6	5	3	3	2	4	3	1	1	1	49	65	102	93	108	89	91	82	56	51	41	48	44	44	37	38	0	2	1	2	1	0	0	1
03004	604	7	10	5	8	9	4	6	5	2	2	6	3	2	1	0	1	2	1	1	1	1	42	43	53	53	56	53	54	50	18	17	16	12	19	13	12	12	0	2	0	0	0	0	0	2
03005	1145	20	20	8	6	10	11	3	7	12	9	8	1	4	2	1	5	4	1	1	1	1	57	75	85	83	96	83	87	76	53	48	43	42	46	45	45	39	0	0	1	2	2	0	0	2
03006	2794	35	32	37	32	30	32	26	31	10	9	10	6	13	4	5	19	19	15	14	14	8	161	193	210	211	228	196	217	192	107	99	91	91	92	97	85	84	2	6	6	3	4	8	5	5
03008	1215	30	22	19	11	19	10	9	13	11	5	7	6	2	2	4	5	7	5	3	4	2	57	70	80	76	93	73	83	74	60	58	51	40	53	50	44	47	2	0	1	1	0	2	0	4
03009	2423	32	25	14	10	16	12	7	15	14	8	13	8	10	1	3	8	4	2	5	2	4	124	166	186	172	204	168	176	164	123	111	103	92	112	99	95	86	1	9	6	4	1	3	4	1
03010	790	25	14	10	8	13	4	5	7	3	7	4	1	5	0	1	5	3	3	1	2	4	37	52	70	60	73	58	64	59	31	25	20	18	19	24	19	20	2	5	2	2	0	2	2	1
03011	1935	23	28	12	10	12	6	8	8	6	10	6	1	4	1	3	0	2	0	1	0	1	121	151	165	166	185	153	159	155	82	71	65	63	72	62	57	53	1	1	1	0	3	3	2	2
03012	1998	36	32	20	17	23	23	17	21	14	7	7	4	8	0	5	8	9	5	3	2	6	102	127	161	150	175	148	166	144	81	67	65	69	73	63	56	55	2	7	7	1	0	5	4	3
03013	2887	26	29	24	17	15	15	19	24	7	6	6	3	3	3	5	16	10	9	13	15	20	197	220	247	242	258	229	248	236	99	88	84	75	88	88	75	76	8	9	7	5	7	6	4	6
03014	2442	31	21	12	21	19	20	18	21	15	14	16	11	9	12	11	10	14	14	10	7	15	108	139	149	142	162	136	137	121	142	124	120	114	117	118	107	107	9	18	12	8	8	13	6	4
03015	1476	27	26	11	6	10	10	7	15	10	6	6	6	6	3	3	3	6	2	2	2	2	77	87	114	108	122	102	115	104	65	67	62	59	61	58	43	45	1	5	4	2	1	1	3	1
03016	1551	33	27	17	13	22	16	13	13	9	7	6	5	3	3	2	7	9	3	4	3	4	97	114	126	114	153	111	123	109	57	51	46	43	49	46	42	40	0	1	1	2	1	2	2	2
03017	2948	41	40	30	26	24	28	22	34	14	15	14	11	7	6	5	8	10	9	7	5	9	140	148	176	170	189	166	177	166	170	170	143	149	164	143	140	133	5	7	3	5	6	7	3	3
03018	1584	26	24	19	10	12	10	7	12	8	12	13	5	3	2	3	4	5	3	6	6	5	61	101	102	94	123	92	103	94	91	81	68	62	78	72	77	70	2	5	3	3	0	5	0	2
03019	2423	19	23	19	22	16	16	16	16	8	10	9	8	9	9	10	9	7	8	7	6	7	174	192	227	216	230	218	221	215	68	65	58	56	51	55	48	47	7	6	2	3	4	3	2	1
03020	2306	52	41	26	19	29	24	19	26	13	16	14	8	12	3	6	4	13	6	4	7	4	105	131	160	148	180	144	160	139	108	95	97	97	103	99	85	89	3	3	1	2	4	2	3	2
03021	2512	28	22	14	11	21	15	14	17	9	9	8	7	4	3	2	11	11	6	9	11	9	178	201	230	217	240	212	222	210	73	73	64	61	68	64	68	60	4	8	3	2	4	7	1	1
03022	2887	26	23	20	23	22	21	19	20	16	8	8	6	9	4	7	20	19	15	17	17	20	149	171	190	170	193	172	173	169	159	152	141	140	142	146	132	126	6	4	2	1	1	4	2	2
03023	979	13	8	8	6	15	4	3	6	7	8	4	5	5	2	5	1	1	1	1	3	2	53	71	76	66	82	63	73	66	45	44	35	34	39	39	34	38	0	1	3	2	2	5	0	0
03024	1490	29	22	15	14	27	13	13	14	12	12	8	11	5	6	10	3	9	3	3	3	3	70	101	99	98	120	101	107	95	64	63	51	46	60	52	51	52	5	2	3	1	2	6	3	3
03025	3823	31	25	26	26	22	21	22	19	13	8	9	3	6	2	3	24	18	16	20	17	14	263	297	332	331	347	318	334	329	116	112	104	105	103	107	102	98	14	17	12	10	7	10	5	5
03026	2819	26	23	23	16	20	25	23	24	11	4	10	5	7	7	8	9	10	9	12	15	13	210	223	245	236	263	233	241	230	84	80	70	67	73	71	62	68	8	11	8	5	9	8	7	7
03027	2678	27	22	20	19	18	22	20	25	8	6	6	4	6	4	5	19	15	12	18	21	13	162	190	201	197	219	190	205	192	114	103	97	89	105	98	87	83	3	7	6	3	6	6	4	1
03028	1268	21	20	11	9	10	15	6	11	10	7	7	6	11	4	5	4	5	3	3	2	3	90	109	118	112	123	112	116	100	37	27	19	21	21	24	24	20	4	2	5	2	1	5	2	1
03029	1614	26	25	12	10	18	14	12	17	11	8	5	7	6	2	0	4	5	9	2	7	5	76	100	125	114	120	113	128	108	78	71	60	55	68	63	57	59	2	3	2	1	1	2	1	2
03030	924	14	13	13	5	9	8	4	5	8	3	4	3	3	1	6	2	5	1	2	1	3	50	75	74	69	81	68	72	71	32	32	27	25	35	30	28	25	3	3	2	3	1	1	3	1
03031	2384	48	33	28	17	29	21	14	26	10	12	12	7	13	4	5	7	6	9	3	7	7	116	163	172	168	191	155	171	155	109	99	87	83	107	88	88	88	2	5	2	2	2	4	5	4
03032	2865	30	27	20	22	18	21	20	17	8	11	11	9	8	3	5	8	12	8	11	11	9	168	186	206	194	208	198	199	190	132	123	119	120	123	123	118	115	6	10	6	6	7	8	5	6
03033	2843	33	36	33	33	31	36	29	34	15	9	10	5	11	7	8	13	14	13	15	13	9	142	154	181	167	186	154	166	155	146	152	140	135	137	134	130	129	1	5	5	5	5	4	2	1
03034	2906	30	34	22	19	26	21	17	21	18	11	13	4	11	3	1	15	12	12	17	14	11	161	182	203	204	215	198	200	193	141	131	111	112	118	122	109	111	7	10	7	10	7	9	7	6
03035	222	5	6	2	0	0	2	2	2	1	2	2	1	0	0	1	0	2	0	0	1	0	9	10	11	11	11	10	9	7	16	15	16	14	15	13	13	11	0	0	1	1	0	0	0	0
03036	884	16	20	9	8	13	6	2	9	6	6	8	4	7	1	2	3	16	2	3	4	2	51	67	73	71	82	66	72	63	28	30	20	18	22	19	23	18	0	1	1	3	2	5	1	1
03037	1805	21	24	9	12	14	8	6	17	8	11	10	6	4	2	4	5	8	7	2	1	4	83	104	147	139	160	135	142	141	87	79	64	58	68	62	64	61	3	3	5	1	4	7	2	3
03039	3032	32	27	24	29	25	31	26	28	7	7	10	5	9	7	7	8	6	6	6	8	6	179	192	220	219	229	212	220	215	141	134	122	125	123	126	115	114	2	7	2	5	8	5	2	1
03040	1850	24	24	19	17	15	13	16	17	7	8	6	4	5	3	4	10	5	3	2	3	5	110	134	153	146	161	136	149	140	76	70	65	56	61	60	58	51	2	2	1	3	1	2	1	2
04002	3030	38	31	25	27	26	27	24	30	13	9	13	7	8	5	5	13	15	14	13	12	10	195	208	227	218	225	212	220	210	127	119	114	112	112	111	99	98	6	11	12	6	7	6	4	6
04004	2462	60	45	31	26	34	31	18	17	19	11	19	4	13	5	10	6	12	3	2	2	8	121	169	187	169	193	161	177	159	98	95	88	79	97	84	89	84	5	6	3	5	2	6	2	7
04005	2733	43	32	24	16	25	19	19	21	8	13	8	5	12	4	6	3	11	0	2	4	3	161	191	209	194	226	187	212	181	119	112	101	97	119	102	100	104	4	3	8	6	5	5	3	6
04006	2901	61	40	15	29	35	26	19	27	16	22	13	8	8	3	7	4	12	7	7	4	8	186	221	263	255	275	255	276	238	73	71	67	64	77	66	63	56	2	5	3	4	1	3	3	3
04007	2671	42	30	23	18	33	22	13	21	12	5	9	5	10	4	7	5	11	4	2	6	5	165	191	236	219	247	222	232	221	98	89	73	71	82	77	73	66	1	2	5	2	2	6	1	3
04008	340	2	2	2	1	2	0	1	1	0	0	1	0	0	0	0	1	1	0	0	0	0	23	26	30	30	31	30	30	30	13	13	11	11	12	12	12	11	0	0	0	0	0	1	0	0
04010	3127	56	46	30	27	29	29	26	32	9	7	15	4	4	4	5	0	8	7	5	5	5	188	217	262	245	276	245	255	240	123	114	106	93	110	102	96	79	3	3	4	4	2	3	2	2
04011	920	18	9	6	3	12	6	3	4	8	5	8	3	4	2	2	3	6	2	1	0	3	58	85	82	78	91	80	83	76	28	24	18	15	24	22	19	18	2	0	1	0	2	3	1	2
04013	2897	28	28	25	22	20	29	23	28	10	7	7	3	6	6	5	23	16	12	21	21	15	137	152	163	151	168	149	155	153	183	173	157	158	162	158	149	141	3	10	3	4	4	6	3	0
04014	331	3	4	1	1	3	1	1	3	1	2	1	4	3	2	4	0	0	0	0	1	0	22	25	26	26	29	25	27	24	11	12	10	10	11	12	12	12	1	0	0	1	0	0	0	0
04015	858	10	7	4	5	9	7	5	6	9	2	3	0	2	2	1	3	3	2	2	2	4	59	63	74	69	74	70	70	67	33	31	29	27	28	27	25	22	1	0	0	0	0	0	0	1
04016	3681	38	45	31	34	29	32	31	34	19	11	15	7	14	5	7	15	8	8	12	12	9	209	213	240	226	247	225	237	229	189	191	177	171	180	173	163	158	9	8	3	3	3	5	3	3
04017	2935	42	40	41	48	39	36	38	35	13	14	11	11	14	7	8	6	7	8	13	8	4	135	149	172	164	175	164	172	169	162	156	147	142	142	142	133	130	5	9	6	5	7	4	1	1
04020	2305	32	29	25	21	15	24	22	24	10	9	6	3	9	4	3	12	14	10	13	18	12	126	143	159	155	159	148	155	147	102	96	90	97	100	96	89	81	8	8	7	3	8	6	4	3
04021	2819	29	31	30	23	24	26	26	26	10	9	6	7	7	5	2	13	10	10	10	12	7	107	130	136	135	134	129	135	129	192	183	179	177	181	181	167	165	4	6	5	4	4	4	3	6
04022	32	1	2	0	0	2	0	0	0	0	1	1	0	0	0	0	0	0	0	0	0	0	0	0	2	1	2	1	2	1	2	2	3	1	3	2	1	1	0	0	0	1	0	0	0	0
04025	2887	30	23	22	24	16	21	25	16	10	14	11	9	10	8	10	12	14	13	16	13	13	179	200	223	217	221	205	212	199	123	106	106	106	107	105	97	90	11	15	6	7	6	8	3	5
04028	1406	30	28	11	11	22	14	9	10	6	11	11	3	3	4	6	1	4	0	5	1	1	77	92	111	105	110	100	104	99	58	47	51	51	53	50	44	42	3	3	3	2	3	3	3	1
04029	652	13	7	3	4	11	5	4	5	1	2	1	5	0	0	2	0	1	1	0	1	0	37	42	53	50	51	48	56	51	23	26	28	20	24	24	22	24	2	0	1	0	0	2	1	1
04030	358	8	5	2	2	4	3	2	2	3	2	2	1	2	1	2	2	1	0	0	0	0	17	22	30	31	32	28	30	27	13	11	9	12	14	11	12	11	0	1	0	1	1	1	0	0
04034	1954	26	27	23	24	22	25	19	25	8	4	4	4	4	3	2	3	10	2	5	3	5	114	131	159	154	167	148	157	151	75	66	63	57	69	67	56	55	1	4	1	3	4	1	2	1
04035	2491	38	30	23	15	27	11	11	18	10	9	5	2	5	1	2	7	5	6	5	2	2	158	190	225	209	235	211	221	210	85	79	79	65	72	70	64	71	1	1	3	1	1	4	1	1
04036	1298	17	17	15	7	19	11	9	14	8	6	5	1	2	2	3	0	3	2	2	0	1	72	79	103	93	98	90	102	92	59	55	48	50	52	53	51	47	1	1	3	3	0	2	0	0
04037	3973	51	47	45	44	38	43	38	44	14	14	16	10	14	10	9	21	20	17	18	15	13	205	228	240	235	242	222	239	219	206	197	187	186	198	191	178	169	16	22	11	8	10	8	8	7
06021	583	10	19	6	5	8	7	5	5	7	2	3	2	2	0	5	1	4	2	1	2	2	28	40	46	42	50	41	38	38	17	20	20	20	21	17	23	15	0	2	1	0	0	2	0	4
11002	108	5	5	0	1	2	1	0	2	0	1	0	0	0	1	0	0	0	0	0	0	0	5	10	8	9	8	7	5	5	5	4	4	4	4	4	2	3	0	1	1	0	0	0	0	1
11006	2450	26	24	16	17	14	17	12	16	8	13	5	4	5	3	3	10	10	7	7	6	5	115	129	148	138	147	139	144	139	148	145	137	134	136	139	127	123	5	7	4	3	4	4	3	4
11007	2143	21	17	14	18	15	16	17	19	17	15	8	5	7	4	4	3	7	1	2	3	3	68	76	96	85	98	86	99	90	174	149	147	151	152	156	140	142	2	2	4	1	1	4	3	1
11014	787	6	12	6	7	6	7	4	5	10	18	13	10	12	6	10	4	2	3	5	5	3	20	26	30	34	31	29	30	35	54	49	46	45	46	50	41	42	11	3	2	1	2	2	1	3
11030	928	9	7	11	5	8	7	5	5	16	13	10	11	10	8	11	3	3	3	3	0	0	34	48	47	51	46	44	44	50	58	53	49	46	55	49	45	47	8	0	3	1	0	0	0	2
11033	2302	26	21	24	27	20	18	19	17	11	23	11	8	12	6	6	19	6	8	9	10	7	109	126	149	141	149	131	137	143	114	95	100	100	105	115	97	91	10	12	14	9	13	12	9	13
11034	537	13	8	9	6	9	7	6	7	7	6	7	3	4	3	1	2	3	4	1	1	1	10	20	22	24	21	22	21	24	30	33	29	31	31	34	28	28	2	3	3	4	2	3	1	3
11035	381	11	8	8	6	5	8	6	8	7	7	9	5	6	5	4	2	0	0	1	0	0	7	9	34	38	35	34	34	33	10	6	5	6	5	8	4	3	0	0	2	0	0	1	0	1
11036	606	5	5	3	2	3	3	4	6	3	4	6	6	5	1	3	0	1	0	1	3	0	18	22	25	25	26	23	27	24	45	44	40	42	42	42	38	37	2	2	2	4	3	4	3	2
11037	427	6	4	3	3	1	3	2	2	5	3	4	3	7	4	3	1	3	1	1	1	0	10	20	28	23	26	22	24	21	27	27	20	21	21	23	19	18	4	1	0	3	2	3	2	2
12010	236	4	4	5	6	4	5	5	5	1	5	1	0	3	0	0	4	2	0	1	1	0	5	6	7	5	7	4	5	6	20	18	15	14	14	21	15	16	0	0	0	0	0	1	1	0
12015	417	2	6	4	7	4	2	0	1	4	4	3	1	4	1	2	3	4	2	4	1	3	10	13	21	15	16	13	16	18	34	27	28	29	30	30	25	25	1	0	2	0	0	1	0	1
12018	567	7	5	2	9	3	3	2	3	2	6	1	1	0	0	0	1	0	0	0	2	0	5	7	7	5	8	7	6	11	62	57	55	56	56	61	53	52	1	2	1	2	1	3	1	1
15002	746	17	10	5	5	10	8	7	11	4	7	2	3	2	5	4	0	2	1	1	0	1	39	50	58	58	56	52	60	47	28	26	22	22	29	30	27	30	0	1	1	2	1	0	1	1
15003	834	13	8	2	5	9	4	4	7	5	6	2	2	5	1	2	0	5	4	0	2	1	46	60	79	70	77	74	73	74	33	25	19	20	26	25	22	18	0	2	0	0	1	1	1	1
15007	663	12	9	5	5	9	7	3	6	5	3	8	2	1	1	2	1	5	0	0	0	4	43	50	63	57	55	50	48	43	19	16	20	20	23	19	17	17	1	3	1	2	2	3	1	2
15013	175	2	1	1	2	1	1	1	3	0	2	1	1	0	0	1	2	1	0	1	1	0	1	4	1	1	4	1	1	7	21	15	16	13	15	20	15	13	0	2	0	0	0	1	0	2
15014	95	0	2	1	4	0	1	0	1	1	3	1	0	1	0	1	2	0	1	0	0	1	1	1	1	0	0	0	0	4	12	9	8	7	7	10	7	7	1	0	0	0	0	0	0	0
15016	9	0	0	0	0	0	0	0	0	0	0	0	0	0	0	0	0	0	0	0	0	0	0	0	0	0	0	0	0	0	1	1	1	1	1	1	1	2	0	0	0	0	0	0	0	0
15017	825	26	15	8	8	14	11	11	5	10	2	10	4	5	3	1	2	5	2	0	4	1	46	62	81	67	65	60	69	64	26	26	12	19	23	18	17	14	0	0	2	1	1	2	2	1
15018	621	14	11	6	3	11	4	3	7	5	4	7	1	2	2	1	2	4	0	0	2	4	36	41	54	45	50	46	43	37	24	28	22	18	20	18	19	18	0	3	2	0	1	2	0	1
15020	794	14	12	8	8	10	11	6	9	4	5	6	3	1	0	2	0	3	4	0	0	2	59	60	66	64	65	65	68	55	23	22	24	23	24	20	19	24	1	2	0	0	1	1	0	0
15021	723	18	16	9	6	13	8	6	4	6	1	2	4	7	1	2	1	2	2	3	0	0	58	54	69	61	64	57	60	55	19	19	11	9	17	17	11	10	1	4	4	3	1	3	2	3
15022	733	14	8	5	9	11	8	7	9	5	4	8	2	7	2	1	2	6	6	1	2	6	45	51	57	59	57	52	51	45	29	19	24	19	28	16	19	21	3	0	7	1	2	0	2	3
15023	756	19	9	6	5	7	8	7	5	9	8	6	5	4	4	3	1	4	3	4	4	3	49	53	68	63	64	56	61	49	23	20	19	18	21	20	17	16	2	0	4	0	2	3	2	2
15024	622	9	12	6	2	3	2	4	6	5	3	3	0	7	2	1	0	2	2	3	1	3	34	47	57	45	58	51	47	42	20	20	14	17	18	16	21	18	2	2	2	3	2	6	2	2
16002	1060	18	16	10	14	17	10	16	9	10	8	8	1	6	2	4	4	5	1	5	3	4	39	56	72	62	68	61	66	57	67	57	48	42	56	46	41	41	1	1	1	1	0	3	3	0
16003	809	17	16	7	4	10	2	5	12	8	9	5	3	2	2	1	2	4	0	0	1	1	33	51	70	67	72	68	69	71	26	27	20	17	29	25	22	19	2	2	1	1	1	3	0	2
16004	920	15	15	10	5	5	7	3	9	7	5	2	7	3	1	1	3	5	3	2	1	2	49	59	77	71	74	69	73	68	41	31	34	29	37	33	29	26	1	2	0	3	2	1	0	0
16005	673	18	11	14	5	11	12	4	9	6	6	3	6	4	2	3	4	2	4	0	2	2	25	50	46	45	47	44	45	40	27	26	22	24	23	19	24	23	0	2	1	3	0	5	2	2
16006	1020	16	18	9	7	12	7	5	5	4	5	2	2	3	2	2	2	3	2	1	3	3	45	67	89	79	94	80	86	83	39	40	36	29	38	32	26	29	4	2	1	2	0	2	0	4
16007	892	10	11	13	10	9	9	7	7	5	4	7	2	0	1	0	1	0	2	0	1	0	38	49	70	63	65	62	66	62	48	42	38	37	40	42	33	32	1	3	1	1	0	0	0	0
16008	481	3	9	2	3	2	2	1	2	3	3	2	0	1	0	2	2	1	3	0	1	1	21	33	38	35	36	32	36	35	24	22	21	17	24	22	22	19	0	0	0	0	0	1	0	0
16009	33	1	0	0	0	0	0	1	1	0	0	2	1	0	0	0	0	0	0	0	0	0	0	0	0	0	0	0	1	0	3	3	3	2	3	4	3	3	0	1	0	0	1	0	0	0
16010	852	17	18	13	6	10	9	7	7	9	4	7	4	3	4	3	2	4	7	2	4	6	45	57	71	63	68	61	68	62	33	27	19	22	24	23	26	24	2	1	0	4	1	1	1	3
16011	973	18	14	4	13	10	11	4	12	5	17	7	10	3	3	3	7	7	5	2	5	2	40	58	66	57	64	51	58	61	47	38	39	39	46	51	36	40	3	2	3	2	0	6	1	3
16012	778	17	12	11	10	10	8	4	7	4	15	5	6	4	1	4	3	4	4	2	1	0	34	47	56	52	58	45	54	49	32	26	33	31	33	34	25	24	1	2	3	1	1	2	2	1
16013	907	13	11	8	13	9	4	2	5	3	17	6	4	3	1	3	10	7	5	8	7	4	32	40	38	35	39	31	34	51	74	52	48	52	51	68	53	54	1	1	3	2	0	3	2	0
16014	676	9	15	7	3	11	6	4	7	4	3	2	1	7	0	2	5	4	2	3	1	2	43	53	50	51	51	46	49	45	30	28	24	18	22	18	22	21	1	2	2	0	0	0	1	1
16015	1005	24	22	9	6	18	10	6	10	13	5	8	5	1	2	1	4	2	3	1	2	3	59	74	95	82	92	90	92	78	29	22	23	16	23	24	23	19	1	2	1	1	2	1	1	0
16016	782	17	9	9	8	10	7	4	7	5	5	3	1	2	3	3	1	2	1	2	1	2	47	64	65	68	68	65	64	61	25	25	21	17	21	20	24	20	1	0	3	0	0	0	1	0
16017	1020	14	15	8	12	10	12	7	6	10	19	7	9	6	3	7	5	7	3	5	3	6	36	46	61	49	53	51	55	56	68	53	52	52	55	61	42	38	2	2	2	2	3	4	0	3
16018	728	13	8	4	8	8	5	6	4	4	12	2	0	3	1	0	4	3	0	1	0	1	28	34	49	48	51	42	50	45	48	42	36	29	40	41	29	25	1	0	1	1	1	0	0	0
16019	1003	23	14	13	13	13	8	7	7	8	6	5	3	5	1	3	7	6	2	2	3	4	38	51	64	60	64	58	65	58	57	50	43	43	57	51	37	36	1	4	3	3	0	4	2	1
16020	705	16	15	8	7	12	6	5	13	7	1	7	1	8	1	0	2	8	1	1	2	2	36	48	64	57	58	54	59	52	24	23	18	11	21	16	12	14	4	3	1	0	1	1	2	3
16021	777	13	10	4	5	6	8	6	3	6	3	2	2	4	0	1	1	1	5	2	1	1	33	51	65	58	62	58	58	62	35	32	28	28	30	30	24	22	3	3	2	3	1	1	1	3
16022	784	9	12	7	8	10	9	2	11	5	5	6	1	3	1	3	1	4	3	2	3	3	41	55	63	57	65	62	66	58	30	27	24	19	30	31	19	20	1	1	2	1	2	2	0	0
16023	33	1	0	0	0	0	0	0	1	1	0	0	0	0	0	0	1	0	0	0	0	0	3	2	5	3	4	2	3	3	1	0	0	0	0	0	2	1	0	0	0	0	0	0	0	0
16024	532	11	8	6	3	6	6	5	4	2	3	3	2	3	1	2	0	2	1	1	0	1	30	35	45	41	43	43	40	40	15	21	16	16	14	14	14	18	3	5	1	2	1	2	3	0
16025	1021	26	15	12	12	17	9	5	12	10	8	12	9	9	1	3	4	7	6	5	5	3	58	61	84	76	86	74	75	72	34	30	25	23	33	24	32	21	3	1	5	3	3	4	1	3
16026	708	10	11	7	8	7	2	2	6	6	8	6	2	6	1	1	3	3	3	2	0	1	41	55	58	54	58	59	53	51	28	25	25	18	22	20	21	16	0	4	1	2	0	2	0	0
16027	457	8	6	3	3	4	1	1	1	2	1	2	1	1	1	1	2	1	0	1	2	1	23	31	39	32	38	35	34	29	20	20	17	18	21	18	15	16	0	1	0	0	1	2	2	2
16029	687	14	8	9	7	9	7	6	6	3	0	1	1	2	1	0	1	1	1	0	2	0	37	47	59	51	58	54	55	52	23	24	23	24	26	23	24	22	0	0	0	1	1	0	1	3
16031	851	20	18	12	9	15	9	9	5	3	4	6	2	5	0	2	4	5	2	1	5	3	46	53	69	64	67	63	67	59	33	28	27	23	28	22	23	25	1	3	3	0	2	1	2	3
16033	644	12	11	5	6	9	3	2	9	3	6	5	1	4	0	2	3	1	1	1	1	0	33	41	52	51	50	46	44	46	32	19	24	22	26	23	20	21	0	1	1	1	1	3	1	1
16034	685	13	12	2	4	10	12	5	11	8	7	6	1	4	1	1	2	2	2	1	1	2	34	46	61	60	59	52	53	54	20	19	21	20	25	20	14	13	0	1	1	2	0	2	1	0
16035	896	8	4	3	17	4	1	2	5	7	13	5	1	5	1	4	6	2	0	4	6	2	24	39	37	35	38	33	30	42	81	62	61	54	62	71	57	56	1	2	2	1	1	5	0	2
16036	631	12	11	10	7	8	8	4	10	2	2	3	4	1	0	0	2	1	2	1	3	0	27	38	50	43	53	37	41	35	34	29	24	23	29	27	23	19	0	4	1	0	0	2	1	0
17006	258	1	3	1	1	4	1	1	3	4	2	1	2	0	0	0	1	2	0	0	0	1	12	17	21	20	21	18	19	18	13	11	9	10	11	10	9	11	0	0	0	0	0	0	0	0
17007	1130	17	17	11	22	9	7	9	10	6	14	3	5	8	3	1	9	5	4	3	5	7	46	64	61	58	65	57	63	62	71	59	50	51	58	70	52	48	1	1	2	1	2	8	1	4
17008	18	0	0	0	0	0	1	0	0	0	0	0	0	0	0	0	0	0	0	0	0	0	1	1	1	1	1	1	1	1	2	1	1	1	1	1	1	1	0	0	0	0	0	0	0	0
17012	1370	23	14	11	31	16	9	7	8	8	30	10	4	7	7	5	12	4	1	4	8	2	37	50	56	60	59	52	52	63	107	89	82	81	91	104	74	75	1	2	4	1	1	5	1	2
17013	762	22	11	8	8	10	12	7	13	6	7	8	4	3	3	4	2	3	3	0	1	2	32	41	72	64	73	64	61	61	24	28	14	17	15	17	13	11	4	2	3	2	3	2	2	0
17014	996	15	10	4	15	8	4	4	6	3	12	9	2	5	2	2	1	2	2	3	5	3	36	45	55	53	54	51	53	54	71	58	54	53	62	61	51	51	4	2	3	2	1	2	0	3
17016	324	7	5	7	8	6	6	7	6	1	7	2	0	1	0	3	2	6	2	0	2	0	15	15	15	17	17	16	16	16	15	17	10	12	16	17	14	13	1	0	0	0	1	1	0	2
17019	678	13	10	7	9	6	8	6	8	7	9	5	7	6	2	4	3	6	5	1	3	1	36	48	60	53	53	50	55	52	20	20	17	14	12	17	13	20	1	4	1	2	0	1	0	3
17025	24	0	0	0	0	0	0	1	0	0	0	0	0	0	0	0	0	0	0	0	0	0	2	2	3	3	3	3	3	3	1	0	0	0	0	0	0	0	0	0	0	0	0	0	0	0
17031	733	16	19	8	7	9	11	8	12	8	8	9	8	10	5	9	3	2	4	3	2	2	37	49	55	49	55	49	53	48	28	20	21	22	19	17	14	18	2	2	2	3	0	3	1	3
17033	488	14	9	3	5	9	4	5	7	6	3	4	4	6	3	2	3	1	1	2	3	0	27	38	33	31	32	32	30	27	21	15	18	17	17	16	15	17	1	1	0	0	0	3	0	3
17035	370	11	6	5	4	4	3	3	4	4	5	5	4	3	1	1	1	3	1	0	0	0	15	17	26	26	26	24	25	24	14	17	12	15	17	15	13	11	1	0	0	1	0	1	2	0
17036	220	4	1	2	0	1	1	3	1	1	2	1	0	3	0	1	0	1	1	0	0	0	8	12	14	16	12	10	15	12	14	14	11	9	12	12	12	10	0	0	1	0	0	2	0	1
20002	317	9	8	2	3	4	2	2	3	5	1	3	2	1	1	1	1	3	3	2	0	1	19	23	23	25	28	21	25	18	8	5	8	9	9	11	7	12	2	1	1	0	0	3	1	1
20004	276	5	3	3	1	4	3	1	3	3	0	1	0	1	1	2	1	2	1	2	2	1	20	22	22	20	22	20	18	19	7	7	9	10	11	10	6	6	0	1	2	0	1	3	0	0
20006	450	7	10	5	3	6	4	1	2	4	2	5	2	1	0	4	2	3	3	1	1	3	25	38	33	27	35	24	29	29	20	18	17	15	16	16	15	15	1	4	0	0	1	1	0	2
20011	613	16	15	9	4	13	9	6	8	5	5	4	4	4	0	2	3	2	1	1	0	0	30	39	44	40	48	37	45	42	25	21	19	19	25	20	18	20	1	2	1	3	0	1	1	1
20015	625	1	5	2	8	1	1	0	1	3	9	5	2	0	1	1	7	0	1	1	2	1	14	19	15	14	18	13	15	31	70	48	50	46	48	64	45	52	2	1	2	2	1	3	0	0
20017	785	16	12	6	15	13	9	5	13	4	12	2	2	2	1	3	6	2	0	1	4	0	23	32	34	31	37	30	32	38	61	49	48	44	47	55	37	40	3	3	1	2	3	2	2	3
20020	658	11	6	7	13	5	4	2	5	5	11	4	5	2	3	1	3	0	0	2	0	1	14	24	26	22	28	23	26	32	56	44	45	41	47	49	42	39	1	1	2	0	2	2	1	1
20021	841	14	14	8	8	9	13	7	8	9	9	5	8	8	3	4	3	6	3	5	1	3	47	59	63	57	62	51	55	52	40	31	30	25	35	27	22	25	1	3	1	4	0	1	1	1
20025	762	15	15	4	5	8	6	3	6	6	2	1	6	1	1	2	2	7	1	1	2	2	47	65	63	58	64	59	60	51	26	21	20	24	28	28	21	20	2	3	1	2	0	1	0	2
20027	170	3	2	3	0	2	1	2	2	1	0	2	2	1	1	1	2	1	1	0	0	0	9	9	12	12	13	12	14	12	7	7	5	5	5	6	5	6	0	1	0	2	0	0	1	0
20030	401	2	4	3	1	2	2	0	4	1	1	3	1	1	1	1	0	1	1	1	0	0	31	33	33	35	36	35	34	35	13	13	11	11	13	14	11	9	0	1	0	0	0	2	0	1
20031	925	14	11	9	7	9	8	6	9	5	4	5	2	4	3	5	1	4	2	3	3	2	51	64	76	68	75	69	74	69	31	33	34	33	32	33	30	30	1	0	2	2	0	2	0	0
20032	971	19	22	10	10	14	7	5	11	9	8	6	4	6	0	6	3	7	4	2	3	3	55	69	76	68	80	70	73	61	41	25	28	29	36	33	28	26	2	2	3	1	1	2	1	2
20036	327	4	6	2	2	3	1	3	2	3	2	0	1	2	0	1	1	3	0	1	0	0	24	31	30	36	34	31	32	31	5	5	3	5	5	5	4	4	1	1	1	0	0	0	1	1
20037	16	0	1	0	0	0	2	0	1	2	0	1	0	0	0	0	0	0	0	0	0	0	0	0	1	0	2	0	2	0	1	2	0	0	1	0	0	0	0	0	0	0	0	0	0	0
20038	339	7	4	4	4	3	7	4	3	1	1	1	1	2	1	1	1	1	2	1	1	1	13	23	18	19	20	16	18	15	19	19	18	16	19	17	18	15	1	1	0	0	0	2	0	1
20039	99	1	1	0	1	1	2	1	1	0	0	1	1	0	0	0	0	0	0	0	0	0	4	8	7	8	8	8	9	8	4	3	3	4	3	5	3	4	0	0	0	0	0	0	0	0
22014	729	7	8	3	9	1	6	1	6	3	9	3	2	2	0	2	3	1	3	1	0	2	26	32	33	30	38	31	33	36	61	49	52	47	44	53	43	42	1	2	1	0	1	0	0	2
22015	38	2	0	0	2	0	0	1	0	0	2	0	0	0	0	0	1	0	0	0	0	1	1	0	1	1	1	0	0	2	4	2	2	3	2	5	2	2	0	0	0	0	0	0	0	1
22019	554	8	4	4	3	2	1	3	1	2	2	2	1	0	0	0	0	0	0	0	0	1	25	38	39	38	42	38	39	37	34	29	28	27	28	28	24	24	0	0	0	0	1	0	0	1
22021	1205	20	16	7	9	15	13	9	9	12	6	8	6	7	3	4	8	10	6	3	2	6	68	91	112	94	94	86	99	82	47	45	29	32	34	38	35	28	2	2	0	3	1	3	1	0
23017	293	3	3	3	6	3	3	2	4	1	6	2	0	1	0	1	1	1	1	1	1	0	4	6	6	2	6	3	3	8	34	26	25	25	27	32	22	21	0	0	0	0	0	0	0	0
23019	441	3	1	2	11	2	4	1	4	4	13	6	0	2	2	2	4	2	1	1	0	1	8	12	12	12	12	8	11	13	42	36	32	29	37	47	30	26	1	2	1	0	0	3	0	1
23031	199	2	3	0	4	2	0	0	1	2	3	3	1	0	0	0	0	1	1	1	0	0	3	9	7	7	6	7	6	9	18	16	15	15	15	17	11	9	1	0	0	1	0	0	2	1
24001	1119	23	17	16	6	17	11	8	6	8	6	8	4	4	5	4	3	6	3	0	4	3	81	89	99	86	101	83	102	80	28	28	30	22	31	28	29	26	1	3	0	2	1	4	0	3
24002	928	19	11	6	3	13	5	6	9	3	6	6	3	9	2	2	4	4	2	2	3	1	59	68	86	68	76	72	84	71	36	26	27	24	26	24	23	27	1	1	2	4	0	1	1	2
24003	1089	14	9	11	4	10	11	4	6	2	3	4	1	3	0	3	5	5	3	2	1	3	61	67	90	80	89	78	86	75	52	48	42	41	46	42	39	36	2	3	1	1	0	2	3	1
24004	801	20	16	7	5	9	10	10	10	4	9	5	5	8	4	1	6	5	2	2	2	1	51	57	69	61	60	57	61	51	27	23	19	16	26	19	22	19	3	4	3	2	3	3	1	3
24005	507	8	5	3	4	4	6	2	4	2	3	2	1	2	2	2	1	1	2	1	1	2	37	44	49	38	45	37	44	37	18	13	14	12	16	14	13	11	1	0	1	0	1	3	0	1
24006	1229	42	23	19	15	22	17	10	12	3	6	4	2	3	1	2	1	3	2	2	1	1	64	87	101	82	91	82	100	80	47	42	48	41	47	42	41	33	1	0	2	2	1	2	1	1
24007	851	11	8	4	15	5	6	6	8	3	8	2	2	2	0	2	5	2	2	2	2	1	16	21	22	23	27	19	21	21	81	73	75	70	73	77	65	68	1	0	1	0	0	0	1	0
24008	409	9	7	3	1	2	2	0	1	3	2	1	0	3	1	2	3	4	2	1	0	2	23	32	39	36	33	32	37	30	9	12	13	13	11	13	13	10	1	0	0	1	0	1	0	1
24009	957	25	14	10	12	12	11	4	9	8	11	6	4	6	2	3	3	5	9	3	3	4	48	70	76	71	79	62	71	61	33	31	28	28	31	32	28	23	3	2	2	2	0	7	0	5
24010	526	11	5	5	5	8	1	3	2	3	2	6	2	3	1	0	1	1	2	0	1	1	21	26	39	31	34	27	44	30	27	26	25	26	28	23	24	23	2	0	2	1	1	2	0	1
24011	1091	21	19	8	10	15	11	5	10	8	7	5	5	3	1	5	2	9	3	1	3	1	70	87	107	81	88	77	88	76	36	33	30	28	32	22	26	26	3	6	4	3	1	8	2	5
24012	535	8	13	6	6	6	9	6	5	3	4	4	2	2	1	0	0	0	1	2	0	0	23	29	48	38	40	36	45	37	22	21	17	17	22	19	18	19	1	3	1	1	0	0	0	0
24013	521	9	8	4	3	7	6	6	5	3	5	1	3	2	1	2	0	0	2	0	0	1	22	28	41	34	39	35	41	32	27	22	23	19	27	21	16	22	0	0	1	1	0	1	1	0
24014	799	14	11	5	4	11	5	4	13	9	6	5	6	5	2	3	3	8	0	3	4	3	42	49	72	56	69	51	64	56	30	30	26	17	26	23	23	23	1	4	2	1	4	5	1	0
24015	408	9	11	3	2	6	3	2	6	1	5	2	1	3	1	1	1	3	0	1	2	0	26	31	33	30	35	27	36	26	14	13	10	11	11	11	11	11	0	0	0	2	3	0	1	3
24016	1587	35	47	17	21	24	27	12	16	30	23	18	14	21	8	9	9	14	10	8	6	6	51	91	88	71	73	63	78	67	80	71	68	65	85	82	67	64	5	8	8	6	5	9	4	3
24017	763	17	11	5	3	4	9	3	7	7	3	6	2	7	1	4	0	2	1	1	0	0	49	55	60	47	52	43	59	43	40	33	31	33	36	28	27	29	2	0	1	0	1	0	0	1
24018	1274	26	21	10	12	14	13	6	12	5	4	9	4	5	1	5	4	2	3	4	3	3	96	103	123	96	110	92	110	95	36	35	28	31	43	35	31	32	0	0	2	1	1	2	2	4
24019	1285	28	25	14	5	20	9	7	12	8	7	9	4	7	6	5	1	5	2	2	1	2	79	97	106	93	94	88	97	78	53	41	42	39	46	48	38	42	3	7	3	2	4	1	1	4
24020	829	15	10	5	6	7	5	6	4	7	3	4	2	4	1	2	3	8	2	0	2	3	59	61	74	64	68	64	71	60	30	24	28	22	27	24	22	21	0	4	2	0	3	0	1	1
24021	543	5	10	7	4	7	5	3	8	7	3	1	1	3	0	0	2	1	1	0	1	1	36	41	53	41	43	43	51	45	18	19	15	10	17	12	11	11	0	1	3	0	1	1	0	1
24022	1298	23	25	15	13	18	16	8	17	11	7	9	6	3	3	1	2	6	0	1	4	3	76	90	117	89	107	84	104	86	44	46	39	36	51	39	33	34	3	5	3	1	7	6	3	4
24023	826	22	8	8	6	10	10	9	5	12	5	9	7	4	2	2	3	4	1	0	4	2	36	49	72	49	61	49	57	53	33	33	31	31	40	30	32	23	0	1	3	1	0	4	3	2
24024	1188	22	25	13	7	16	8	7	7	12	9	7	6	5	6	1	2	3	6	6	2	7	79	91	104	86	96	85	94	78	40	33	35	27	41	40	35	32	2	3	2	0	2	2	1	3
24025	806	18	15	14	5	14	9	8	12	7	4	5	7	6	2	6	3	2	4	4	0	3	34	50	57	42	52	44	56	42	34	41	35	31	31	35	30	32	1	1	1	2	0	2	3	2
24026	1736	31	24	11	7	18	12	7	12	15	5	10	3	11	4	5	3	8	2	5	1	5	127	140	163	138	147	135	153	135	56	49	46	41	55	44	43	41	4	3	2	2	1	4	3	5
24027	1057	15	12	10	5	11	7	7	4	5	4	2	5	5	0	1	1	3	1	1	0	1	83	82	107	88	100	87	98	87	28	33	30	25	35	23	21	22	0	0	2	0	2	0	2	2
24028	887	18	14	11	11	5	10	2	10	6	8	8	3	2	5	5	2	4	5	2	4	5	54	66	77	66	68	67	72	68	35	24	19	18	26	25	19	25	0	2	0	2	1	6	4	3
24029	887	26	12	8	6	13	8	4	8	3	5	4	3	6	1	1	3	8	3	2	1	2	51	74	85	72	80	72	79	68	29	18	18	18	24	23	19	20	2	1	0	0	0	3	1	3
24030	673	15	9	10	5	10	7	4	3	7	3	3	3	3	2	4	0	6	0	2	1	1	34	45	57	45	46	47	54	42	22	23	25	25	25	24	22	22	5	2	2	2	1	1	1	3
24031	1145	27	17	7	8	17	8	5	11	7	8	6	3	8	2	1	6	7	4	3	2	7	78	93	105	91	104	93	95	82	29	27	25	29	31	29	28	25	3	3	2	1	1	2	3	2
24032	620	16	7	7	4	7	8	4	6	5	6	5	4	5	3	2	3	6	1	3	5	3	54	55	61	51	55	45	53	45	14	11	11	7	10	7	11	9	3	0	3	1	1	2	1	0
24033	736	17	8	7	4	15	8	6	5	5	1	6	0	3	2	3	2	3	3	0	3	1	49	54	62	52	61	52	63	54	24	22	20	20	26	21	22	21	1	4	2	0	0	0	2	2
24034	1086	30	23	11	7	16	7	5	11	9	9	10	4	8	4	3	7	8	9	4	6	6	56	77	89	75	82	73	80	67	38	35	27	24	35	31	35	30	3	4	3	4	4	7	4	6
24035	962	18	15	11	7	13	7	4	10	8	8	8	6	6	4	3	6	6	5	1	0	0	48	72	90	70	76	67	76	61	36	35	33	24	30	28	30	28	1	2	0	2	1	3	1	2
24036	1341	20	21	2	4	11	8	3	5	5	9	7	5	4	3	5	8	4	5	0	2	7	71	78	122	100	113	104	109	97	56	46	51	43	51	48	46	46	4	7	2	2	0	1	2	4
24037	571	21	7	2	3	5	5	4	7	2	3	2	0	0	0	0	0	2	1	0	0	0	40	46	55	49	53	46	56	48	19	12	12	12	16	13	15	14	0	0	1	0	0	0	0	0
24038	1063	13	11	5	2	7	5	4	6	6	8	5	6	7	3	5	3	5	0	1	0	0	67	78	88	80	86	72	77	72	49	44	42	38	47	38	34	34	1	2	1	3	2	3	1	2
24039	1001	23	20	10	19	11	13	10	12	11	14	6	3	3	1	4	6	3	4	2	7	6	42	48	67	55	62	52	65	55	53	44	43	42	43	50	39	37	1	1	2	1	1	6	2	2
24040	1042	19	18	7	5	7	8	11	9	5	3	2	2	8	0	2	1	5	0	2	2	2	71	72	91	75	87	74	90	68	38	40	35	32	43	36	32	31	1	0	1	2	1	1	2	1
24041	831	15	15	5	11	7	9	7	8	6	2	7	8	7	2	1	3	3	3	2	4	1	66	65	81	65	73	59	77	56	26	21	14	14	20	15	20	13	1	3	3	4	2	5	1	1
25003	2451	15	21	17	15	12	20	22	16	11	9	5	7	5	6	4	13	15	16	16	16	12	154	159	166	155	165	155	164	155	119	115	108	109	115	115	105	105	2	4	3	1	1	2	1	0
25004	1200	17	17	13	14	15	13	9	8	8	2	7	4	2	2	3	3	3	1	1	3	3	59	68	79	69	74	72	81	71	66	62	56	57	61	56	57	51	1	4	1	1	0	1	2	3
25006	569	9	10	8	10	8	8	10	6	22	13	12	14	14	11	10	2	1	2	1	1	1	15	21	26	23	22	20	21	20	30	29	30	30	26	26	22	23	4	1	2	1	1	0	0	3
25010	2238	13	8	10	6	9	11	12	12	7	4	5	4	6	3	4	8	13	5	7	11	7	183	193	212	206	208	199	203	198	65	61	53	54	52	53	50	47	3	7	2	5	7	7	3	2
25014	1068	9	7	8	3	5	3	4	6	17	11	11	12	8	8	5	4	2	3	5	4	1	37	44	49	49	50	49	45	49	74	73	73	68	70	70	61	61	4	0	1	1	0	0	2	2
25016	2321	18	14	12	18	10	9	13	15	8	12	8	7	5	7	5	8	13	6	14	14	8	173	189	210	202	211	194	204	192	71	68	61	66	60	57	59	53	1	6	3	2	4	6	2	3
25018	921	25	16	17	15	16	15	17	16	12	15	15	11	11	7	6	2	3	1	1	1	2	22	32	40	39	41	39	41	41	53	52	50	47	53	48	38	38	6	2	2	4	3	2	2	2
25020	814	19	13	8	6	11	6	7	3	7	6	4	4	6	1	1	3	7	3	3	0	3	34	49	62	47	53	44	49	43	38	41	34	33	40	34	33	37	3	3	2	2	5	1	2	4
25021	2814	33	36	34	33	24	24	23	27	12	10	11	7	8	5	5	14	11	12	14	16	9	126	139	151	151	156	140	154	144	171	160	160	154	159	154	148	139	4	6	7	6	5	5	4	3
25025	1779	14	12	11	8	7	9	8	9	9	8	8	5	7	0	0	14	13	10	14	8	9	93	102	105	103	99	95	101	99	104	99	95	97	90	91	86	89	6	5	6	4	5	7	8	7
25027	2098	20	25	20	19	20	17	19	21	6	8	6	4	6	2	6	12	10	11	11	13	12	109	133	138	137	136	129	133	135	108	101	93	90	93	93	90	86	5	2	3	2	4	3	3	4
25029	1339	24	26	8	11	24	13	9	17	13	10	5	5	8	5	5	6	15	5	4	5	6	62	81	80	63	78	64	80	64	73	66	60	62	67	65	59	62	3	6	4	1	5	5	1	4
25031	2885	26	22	16	16	15	20	13	15	9	12	8	8	3	2	3	14	12	10	15	11	14	217	230	260	247	249	242	246	233	90	84	78	76	83	82	81	75	8	7	4	8	6	6	5	4
26001	887	7	12	8	9	8	8	7	9	2	4	1	1	2	1	3	6	4	2	2	2	1	16	19	21	17	20	17	20	18	88	81	80	78	78	81	75	69	2	2	0	0	1	3	2	0
26003	1829	19	17	16	19	12	17	14	16	5	9	1	0	0	3	1	16	12	7	7	10	6	41	45	53	52	51	48	53	53	167	155	150	148	152	154	144	139	2	4	4	2	2	2	1	0
26004	790	16	7	5	18	9	6	6	7	3	13	6	0	1	1	0	11	7	2	0	1	1	21	31	46	31	29	29	31	45	62	48	48	43	53	61	42	42	1	0	1	0	1	2	2	1
26010	923	9	8	6	9	5	7	4	9	1	5	2	1	0	0	0	4	2	2	2	2	1	10	17	19	20	19	18	18	18	100	87	88	86	92	88	80	78	1	3	1	0	1	0	0	0
26017	1269	16	17	10	4	6	9	10	9	7	9	5	4	7	3	2	11	7	7	6	5	4	63	68	79	79	81	75	81	72	67	67	61	63	66	61	57	48	4	4	4	3	3	4	1	0
26019	737	5	12	4	13	9	3	3	8	6	14	2	3	9	3	3	6	4	1	1	2	1	24	33	40	33	35	29	34	33	54	44	40	39	44	46	39	34	4	2	3	2	4	4	2	3
26021	1757	27	23	24	20	20	22	20	18	7	7	3	2	3	5	1	7	9	6	8	7	6	37	55	55	46	53	51	51	50	148	138	137	137	147	142	135	119	0	2	2	1	2	3	0	1
26027	778	9	8	13	6	7	6	7	8	5	2	3	1	4	2	0	1	0	1	0	1	0	10	14	16	16	16	14	16	20	80	75	72	70	71	73	64	63	1	1	1	0	0	1	0	0
26028	988	15	15	17	18	11	15	14	12	2	6	2	2	2	2	2	11	5	7	3	2	1	39	46	48	46	49	46	46	42	62	58	54	54	56	58	54	50	1	4	4	0	1	4	1	1
26033	1690	15	18	8	15	8	13	6	14	6	9	8	6	3	3	4	6	3	0	0	3	2	30	38	49	42	42	43	40	41	169	152	152	148	155	153	140	130	0	1	2	2	2	4	1	4
26036	1429	18	15	16	21	15	20	17	18	9	7	8	5	6	3	6	9	5	2	6	6	3	33	41	50	38	48	39	40	41	121	104	108	105	109	113	102	100	3	5	3	3	2	3	2	1
26039	1071	6	5	4	4	4	6	6	5	3	5	3	1	2	1	1	7	4	5	3	6	2	14	20	21	21	22	20	21	21	112	105	104	99	105	103	95	91	2	2	2	1	2	2	1	2
26045	435	3	4	4	5	4	5	2	4	1	8	3	0	3	0	2	7	1	0	1	2	1	10	18	18	14	14	12	12	15	46	30	31	28	29	34	29	26	0	2	3	0	1	0	1	2
26046	1035	15	10	14	15	9	13	7	11	2	4	2	0	0	0	2	10	4	3	2	3	6	35	42	42	40	44	37	41	41	79	76	69	70	68	76	65	63	2	4	1	1	2	2	2	1
27001	2656	34	32	39	35	27	26	24	26	16	12	13	7	4	4	4	11	11	12	18	9	9	124	138	161	155	167	159	159	156	143	140	130	126	125	129	119	114	5	9	4	5	5	4	3	3
27002	1428	14	13	11	9	8	8	6	10	6	8	7	5	3	4	5	10	9	6	8	5	10	96	107	126	112	116	103	114	104	52	49	43	39	45	45	40	40	5	4	5	4	3	4	2	5
27003	754	13	7	8	5	8	6	2	8	1	3	3	0	0	2	2	2	3	0	1	7	0	38	40	71	54	59	49	55	45	38	30	31	31	35	31	28	28	1	1	1	1	1	3	1	1
27004	870	14	4	5	3	5	5	1	3	8	5	7	5	10	2	3	3	3	1	1	5	2	38	46	52	39	51	42	43	38	58	52	51	48	54	53	52	49	1	1	2	0	0	2	1	2
27005	1153	27	27	13	19	14	19	11	14	9	9	7	13	5	5	3	3	2	3	2	1	4	65	72	86	75	78	75	77	68	52	44	42	39	45	39	40	38	0	1	0	1	1	0	2	3
27006	1701	33	33	26	25	26	33	26	26	16	13	10	12	9	4	10	11	15	9	8	9	10	79	108	117	101	107	103	111	102	69	67	58	54	65	58	53	54	5	6	6	4	2	3	2	3
27008	1029	31	19	12	9	17	14	8	14	6	13	4	8	2	3	4	4	3	3	1	4	1	62	69	80	71	75	67	75	68	38	37	30	32	35	36	27	28	1	2	2	5	1	3	0	5
27009	868	11	8	8	8	6	8	7	11	8	4	8	5	7	5	5	6	1	1	3	5	4	54	59	64	59	62	56	63	57	38	34	31	33	33	30	27	25	3	2	3	2	2	2	0	0
27010	1499	51	25	21	21	28	19	8	15	13	14	8	13	11	5	4	6	7	6	6	6	4	79	93	110	102	116	91	108	85	60	48	43	45	49	52	45	45	6	4	3	2	4	7	4	7
27011	1454	13	12	9	12	9	14	12	15	6	7	4	3	3	2	3	9	8	9	9	11	10	87	99	106	105	105	100	106	103	58	54	54	55	54	61	53	50	3	4	4	1	4	5	1	2
27013	1633	32	23	17	15	23	15	12	18	9	11	11	3	4	2	5	7	8	4	5	7	8	92	126	151	138	146	132	131	119	65	43	43	37	45	40	35	32	2	3	1	4	4	3	0	2
27014	562	14	15	7	4	6	6	4	7	1	3	3	1	1	1	2	1	2	1	1	0	1	30	36	48	44	46	39	46	39	21	22	18	16	19	16	16	17	0	1	1	1	1	1	1	2
27015	689	18	9	7	14	8	11	6	11	4	4	3	1	4	3	2	3	3	4	2	4	3	47	56	58	45	54	41	50	41	28	19	19	18	24	18	20	21	0	2	2	0	0	0	0	2
27016	1552	13	10	15	12	11	14	14	17	9	6	11	4	5	5	4	16	12	14	13	11	13	93	101	103	102	101	95	102	97	72	66	63	62	61	67	60	56	3	3	2	3	5	2	2	2
27017	1558	35	20	18	17	19	13	13	20	8	8	7	6	4	4	8	5	6	5	3	3	3	88	96	98	91	98	87	98	83	84	72	69	61	81	74	69	63	4	3	3	3	2	4	2	0
27018	972	20	16	11	7	11	11	5	12	12	7	14	5	13	6	6	6	3	5	3	3	4	49	80	76	65	69	60	61	58	37	40	33	28	38	33	25	32	0	1	1	1	0	3	0	2
27019	670	14	10	8	6	4	7	6	6	10	8	5	2	9	2	4	4	5	2	0	1	1	31	29	40	25	31	27	31	27	42	41	37	38	40	42	33	32	3	1	2	0	1	3	0	0
27020	727	15	13	5	11	8	6	6	6	6	10	3	4	7	2	3	2	4	6	1	1	1	32	57	42	35	41	39	39	36	38	36	29	31	42	33	34	31	1	4	1	1	2	1	1	1
27021	1566	19	21	16	15	13	19	18	15	10	6	9	8	5	2	5	13	8	5	10	10	8	106	117	139	133	138	122	134	124	40	40	37	33	37	34	35	31	2	7	5	2	5	6	1	3
27022	757	17	16	10	11	14	14	4	8	4	8	6	6	5	2	4	0	3	4	2	1	2	39	47	63	51	58	46	53	44	30	28	25	22	29	29	23	22	2	0	2	2	0	1	0	0
27023	1038	30	15	9	10	16	9	7	9	3	2	4	3	3	2	1	5	4	2	2	0	1	65	67	83	70	69	60	67	61	46	40	44	43	48	49	39	42	1	1	1	0	2	1	0	2
27024	780	13	15	10	17	7	9	7	8	5	4	4	2	2	3	2	6	5	1	3	2	0	47	50	53	44	43	43	45	45	40	36	35	29	33	38	30	30	2	1	1	3	1	2	2	2
27025	1577	25	23	17	19	20	16	13	15	5	8	5	4	8	3	3	11	6	4	4	7	10	86	103	114	100	106	99	101	94	73	71	67	67	60	60	59	56	5	5	3	4	4	5	4	5
27026	1121	17	14	7	10	10	6	5	10	5	4	3	2	3	2	1	2	5	2	3	3	3	73	72	85	75	80	66	72	65	54	50	47	49	55	52	49	44	2	4	2	1	1	5	0	1
27027	1665	29	28	17	26	19	22	23	20	13	7	10	5	13	2	7	10	5	4	6	6	10	91	100	127	110	123	109	120	106	71	66	55	51	63	56	60	51	6	2	2	1	2	4	4	3
27028	1371	18	13	12	14	8	10	7	10	6	7	4	4	2	1	3	9	8	4	3	5	6	75	92	103	98	102	102	98	92	59	57	56	55	55	58	50	50	1	0	0	5	0	3	2	4
27029	836	13	8	11	6	6	6	3	5	6	5	5	3	4	0	2	5	2	3	3	1	0	48	48	59	52	55	51	58	54	45	39	33	34	40	41	33	38	1	2	4	0	0	3	1	0
27030	777	26	16	10	11	13	8	11	10	6	2	4	1	3	0	3	1	1	1	2	1	3	44	50	66	50	60	50	59	44	30	31	21	21	30	30	27	25	0	2	2	0	0	0	1	1
27031	1079	16	18	12	10	9	11	8	4	7	8	3	3	6	1	1	4	5	3	2	2	1	57	51	76	56	64	53	58	53	62	63	56	57	62	63	53	50	3	4	0	0	2	0	1	1
27032	1545	19	13	13	5	9	13	7	7	13	13	8	6	8	5	7	7	6	6	7	6	5	72	82	101	88	99	88	93	86	92	88	70	78	79	80	71	73	2	2	2	4	3	6	1	2
27033	1811	23	21	16	17	16	16	14	20	9	13	8	5	8	6	5	8	8	6	10	6	5	110	122	142	133	139	126	138	126	73	71	59	61	72	66	60	53	5	5	1	1	0	2	4	2
27034	797	12	8	3	3	9	5	3	2	4	7	3	2	3	3	2	3	4	2	3	2	1	56	59	79	61	64	61	72	57	33	29	20	20	24	23	22	18	2	1	3	2	1	2	3	1
27035	1956	32	32	37	31	34	34	30	36	13	16	11	8	9	9	6	12	13	15	14	11	12	79	91	99	96	102	94	95	91	108	104	101	92	99	94	84	82	5	4	5	5	4	4	1	2
27036	1297	16	21	12	12	14	15	11	12	4	4	3	2	4	1	1	2	7	0	2	0	3	63	80	80	74	79	77	78	78	73	73	65	63	70	67	63	54	1	3	3	0	2	5	0	0
27037	1355	24	24	25	22	22	22	18	10	9	6	10	4	6	4	5	4	11	3	6	6	3	82	96	105	99	105	97	105	96	45	39	37	40	37	39	34	30	4	4	3	4	2	4	1	3
27038	1988	42	27	17	20	22	23	17	26	9	6	10	6	4	3	4	8	10	4	5	3	6	105	122	152	144	143	138	153	136	84	72	67	74	72	78	67	67	2	8	7	3	4	6	5	7
27039	1236	24	14	11	12	15	11	10	13	10	8	7	4	2	1	3	3	7	2	4	1	1	71	79	100	87	95	88	95	89	52	51	46	38	47	41	37	34	2	5	5	2	2	1	3	3
27040	1866	20	22	17	18	13	16	14	18	8	10	6	3	6	3	3	10	5	8	10	12	10	80	103	100	100	106	94	102	95	120	108	99	99	101	110	96	95	2	3	4	5	4	3	2	3
27041	1428	39	33	18	18	27	17	17	24	9	10	7	9	10	4	3	2	11	6	6	7	7	68	92	110	90	107	91	98	87	64	61	41	37	41	36	37	39	4	6	5	2	6	10	3	9
27042	465	6	6	4	2	5	5	5	5	4	3	2	3	0	1	1	2	4	2	1	1	1	30	36	39	40	41	39	38	33	15	14	13	10	13	12	11	11	0	1	0	3	1	1	0	1
27043	994	16	10	8	5	7	6	6	3	6	3	5	1	5	3	4	4	2	2	3	1	0	58	74	83	77	78	73	76	71	41	41	34	35	34	34	34	33	2	2	3	3	2	2	0	4
27044	958	12	12	4	5	5	4	4	6	4	5	6	5	4	1	2	3	3	3	2	2	1	58	59	72	62	65	63	69	62	45	44	44	41	44	41	42	42	2	5	2	0	0	1	1	1
27045	3496	37	32	31	30	22	28	27	29	12	10	11	11	9	1	4	18	15	16	18	22	15	211	226	253	245	251	229	249	228	174	153	143	138	140	141	133	129	9	10	5	8	6	5	7	5
27047	1078	28	18	14	9	18	15	10	10	4	10	7	3	8	1	1	8	12	3	2	5	8	55	82	81	71	85	66	81	69	44	44	27	34	30	34	31	28	4	7	1	2	3	2	2	1
27048	2394	35	30	23	23	23	21	21	25	11	10	12	7	10	6	9	11	10	4	8	13	16	138	160	165	149	159	149	156	145	113	104	99	98	107	103	95	89	1	5	8	6	3	4	5	5
27049	1204	27	20	10	9	15	11	7	9	6	2	4	4	7	0	1	1	10	2	1	0	4	76	90	97	87	89	80	87	79	51	46	40	40	49	45	44	40	6	2	0	0	1	2	0	3
27050	1278	27	15	10	10	12	11	5	12	10	7	7	6	6	11	3	2	11	4	3	3	1	87	93	95	90	98	82	84	85	49	47	46	43	52	44	47	39	3	3	3	0	1	5	2	4
28001	672	19	8	7	5	9	4	3	7	6	5	2	4	3	0	2	1	4	3	0	2	1	33	41	61	51	57	46	54	45	27	24	23	21	27	23	23	18	0	1	0	0	0	1	0	1
28002	1119	22	18	13	8	15	9	8	8	6	7	7	5	7	2	5	3	7	1	3	4	5	61	67	63	57	59	56	62	55	57	56	51	52	63	55	53	53	3	2	8	4	3	5	6	5
28003	903	10	8	6	4	2	4	2	5	8	5	4	2	4	5	3	1	3	2	0	1	0	66	62	68	58	63	61	64	62	42	40	39	37	41	39	38	39	0	0	1	0	0	1	1	2
28004	1180	9	5	8	5	5	6	4	7	6	5	5	7	3	5	7	2	3	0	2	1	0	54	60	65	63	66	65	67	62	76	73	71	73	74	74	67	67	1	4	1	1	1	0	0	0
28005	964	29	20	15	13	22	12	18	17	8	5	6	2	2	1	6	5	1	1	2	4	4	45	61	62	58	60	54	65	65	34	41	33	35	38	37	34	36	2	2	1	1	3	2	2	0
28006	694	8	9	9	8	10	8	6	6	5	3	1	2	1	0	1	6	3	3	3	3	2	42	51	47	47	45	46	47	47	32	27	25	26	25	28	23	26	1	1	1	2	3	2	1	2
28007	1042	32	16	8	6	12	9	9	10	3	7	6	5	2	2	5	4	3	5	2	0	0	89	88	93	81	91	79	85	75	27	24	25	21	31	26	26	26	0	0	2	1	1	1	1	3
28008	1428	11	10	9	7	7	7	9	10	5	3	1	1	2	1	2	11	5	6	8	8	8	85	93	109	107	107	99	103	103	68	63	57	59	60	61	58	56	1	1	2	2	1	1	0	1
28009	976	15	16	11	6	12	13	7	15	5	7	5	3	5	1	3	1	6	0	1	4	3	79	89	101	86	90	78	89	78	23	17	15	17	18	12	14	15	1	6	3	2	1	1	0	2
28010	1643	13	15	13	13	9	17	12	14	8	11	8	8	8	5	5	3	7	9	6	5	3	80	85	102	84	95	89	90	91	98	90	88	86	88	88	82	82	3	3	3	3	6	8	3	4
28011	2994	46	37	25	34	32	30	28	29	17	29	14	11	12	11	9	18	11	8	7	9	11	108	119	116	108	117	101	122	125	223	199	200	200	215	218	179	188	5	5	5	2	0	6	1	4
28012	918	20	18	5	2	8	3	4	6	4	3	3	1	3	1	1	0	3	1	0	1	0	74	76	94	77	87	79	88	73	27	23	23	17	24	23	18	18	2	2	2	0	2	2	0	0
28013	1196	37	25	15	7	18	14	5	15	7	10	5	12	5	5	2	3	4	4	3	5	4	91	90	116	91	96	86	103	92	33	28	22	21	24	29	27	21	4	3	4	2	1	1	2	4
28014	993	16	12	8	6	9	4	3	4	6	1	8	2	5	1	0	2	7	1	4	1	3	77	85	114	90	91	90	96	83	23	17	15	18	20	23	20	16	1	1	3	0	4	2	1	0
28015	295	6	7	3	3	5	5	2	6	3	4	4	4	3	0	1	2	2	0	1	3	2	22	24	30	26	25	25	25	22	9	3	5	1	1	3	3	2	0	0	0	1	0	2	0	0
28016	619	17	8	3	1	4	2	5	4	4	3	5	0	5	2	3	1	2	2	1	0	2	45	49	56	44	47	40	48	42	23	21	24	17	29	20	20	17	1	1	0	1	0	0	0	0
28017	935	11	14	8	3	10	5	5	6	3	2	7	1	5	2	2	0	3	5	4	1	1	80	70	84	71	77	71	84	68	34	25	27	25	31	24	27	27	1	3	0	2	1	2	1	2
28018	1044	14	17	13	7	13	6	5	12	8	4	8	5	5	5	1	4	6	7	2	2	6	75	88	94	78	90	78	87	69	32	31	26	22	37	24	23	25	3	3	2	2	3	1	0	1
28019	1135	13	15	12	14	9	8	8	5	4	8	9	2	2	4	2	7	4	3	4	2	3	51	49	44	45	50	46	47	47	84	84	75	76	71	75	68	67	3	2	2	2	4	1	1	3
28020	1029	29	22	11	12	14	12	14	15	6	4	4	7	3	3	4	2	7	4	1	5	1	75	70	87	72	77	74	83	74	33	28	24	26	27	30	27	24	2	1	2	4	0	2	5	2
28021	983	17	12	8	2	7	5	5	5	8	6	2	4	3	1	0	2	3	4	1	1	1	82	76	112	83	94	83	94	85	27	24	20	23	23	19	16	16	2	0	0	2	1	1	1	2
28022	1404	24	19	13	12	18	14	15	18	8	7	8	12	7	4	3	1	5	3	4	5	3	69	72	78	66	70	62	73	62	83	76	78	72	83	87	81	81	0	1	0	1	2	1	1	2
28023	1431	19	20	9	7	5	9	3	7	6	6	7	6	10	5	1	5	11	6	4	3	6	120	115	135	114	133	118	128	119	39	43	28	29	38	33	29	26	0	7	4	1	4	6	3	4
28024	884	14	11	6	8	14	4	5	9	8	10	6	5	2	0	1	4	6	1	1	5	3	63	64	85	72	77	69	76	69	33	23	22	21	19	23	17	17	0	0	0	0	2	3	2	4
28025	1787	32	22	13	7	14	8	8	14	8	7	10	6	6	4	0	8	11	8	2	3	6	147	132	161	135	150	133	152	128	50	56	53	52	66	58	51	44	3	3	1	3	2	3	3	4
28026	931	20	16	5	5	17	8	5	5	8	4	8	3	5	0	1	3	6	2	3	0	1	81	73	105	84	87	74	82	75	21	19	16	11	18	17	14	13	1	3	2	1	1	2	1	5
28027	1490	22	19	20	18	14	27	18	18	8	7	6	7	4	3	5	8	4	4	4	5	2	63	73	80	78	74	73	76	71	89	79	77	77	80	83	74	71	11	6	6	5	4	7	4	6
28028	1966	19	13	18	19	16	20	16	26	10	11	8	7	4	4	2	12	7	7	7	6	10	100	111	116	112	116	104	121	114	105	100	97	95	102	99	95	90	5	8	6	4	5	7	5	7
28029	534	6	5	5	3	7	4	3	4	5	1	4	2	2	0	0	0	2	1	1	1	1	34	44	50	44	43	43	51	43	19	17	16	13	16	17	12	11	0	1	1	2	0	0	0	0
28030	247	2	2	1	1	2	0	0	1	0	1	1	0	0	0	0	0	0	0	1	1	1	22	22	27	23	22	24	22	23	9	6	4	5	5	7	6	6	0	0	0	0	0	0	0	0
28031	1373	20	15	6	7	13	8	5	8	13	10	8	8	11	3	8	7	9	2	8	5	5	90	110	137	114	118	114	125	113	36	33	27	27	32	32	28	24	1	3	7	5	5	8	0	5
28032	1072	13	14	11	4	9	4	5	6	6	2	2	2	3	1	5	2	3	2	1	0	1	83	84	101	86	98	89	90	82	39	35	35	33	29	30	29	28	0	0	1	1	0	2	0	1
28033	1130	26	9	3	2	13	5	4	8	4	5	6	3	3	0	1	2	5	3	0	2	4	89	89	115	96	100	93	101	89	40	36	30	29	28	29	28	24	1	0	1	1	1	2	0	0
28034	1852	25	21	18	16	15	9	8	10	9	15	4	4	5	4	7	6	6	6	3	6	2	128	126	153	140	143	135	142	128	85	64	65	60	74	71	60	58	1	2	4	1	3	3	2	5
28035	1112	19	16	6	6	11	5	4	6	10	1	3	2	3	0	3	4	7	1	1	1	2	72	77	96	79	84	77	85	71	44	43	44	42	46	46	41	35	4	2	2	4	1	1	1	4
28036	634	14	11	6	2	8	5	3	0	3	2	4	4	1	3	1	0	2	0	2	1	0	53	54	54	50	55	47	53	43	22	20	20	16	19	19	12	16	1	2	0	1	1	1	0	3
28037	1315	31	18	9	11	10	12	9	9	11	7	6	4	6	1	2	5	6	6	3	3	2	111	116	124	112	113	105	112	105	31	28	22	26	37	28	29	22	3	6	1	3	0	3	3	4
28038	366	10	3	1	3	2	0	1	3	2	2	2	1	0	0	0	1	1	0	0	0	1	24	29	39	28	27	29	30	27	11	11	11	13	11	16	9	9	1	1	0	2	0	3	0	2
28039	718	11	12	4	2	7	3	2	5	3	4	2	2	2	2	1	2	0	3	0	2	0	58	58	77	64	65	62	67	62	19	16	20	19	18	16	12	13	0	1	1	0	0	1	0	0
28040	1447	23	22	9	5	15	9	7	9	8	2	4	3	2	3	1	3	5	6	3	1	2	108	104	147	126	130	130	129	128	36	36	34	30	42	40	32	35	2	0	4	3	3	4	1	1
28041	870	23	13	8	8	12	9	8	7	3	8	3	3	5	1	2	5	3	6	4	0	3	56	59	80	69	74	67	74	69	26	23	21	19	21	24	19	25	0	4	0	2	1	2	0	1
28042	981	11	10	6	2	8	11	5	9	3	6	1	1	2	1	0	1	7	3	1	2	0	80	87	104	87	91	83	95	84	29	20	16	18	25	23	21	21	2	2	0	3	0	0	0	0
28043	1241	31	26	14	10	20	16	9	15	14	7	9	4	5	2	5	1	4	7	3	2	4	97	95	121	101	110	106	101	91	31	28	25	17	25	26	26	19	3	4	1	1	0	3	1	1
28044	874	16	14	5	1	4	5	4	4	5	7	1	2	3	0	3	1	3	3	1	1	3	67	78	92	74	80	70	76	74	24	22	20	18	19	17	24	18	1	1	6	1	1	3	0	2
28045	1476	23	19	21	18	16	18	22	21	5	6	4	1	4	4	1	7	9	4	6	3	5	55	69	86	84	85	83	85	82	81	83	79	78	79	75	71	71	4	2	2	1	1	2	1	0
28046	2536	22	23	25	32	21	29	29	20	10	17	9	6	10	5	6	15	8	8	7	9	8	85	100	109	100	113	102	105	105	190	177	171	162	172	183	163	153	4	4	4	3	3	4	2	3
29001	2052	41	19	18	21	21	19	15	20	9	9	9	3	9	3	6	7	10	6	5	8	3	124	148	159	145	154	133	158	133	83	78	76	69	74	80	73	69	6	3	3	4	4	8	4	3
29002	1833	38	17	6	7	11	9	5	11	15	9	7	9	3	4	3	7	8	7	3	3	5	125	152	194	149	170	152	190	148	52	45	36	34	46	40	44	39	6	7	3	3	0	6	2	3
29003	1490	38	17	21	10	19	12	9	14	10	7	8	3	8	3	3	5	7	4	3	2	3	103	130	156	129	129	122	141	118	36	32	24	27	31	28	30	27	2	1	1	2	3	7	1	4
29004	1759	43	24	11	9	19	9	10	14	7	12	8	5	3	2	5	5	11	6	2	3	3	110	110	183	134	145	139	150	124	65	55	53	46	53	55	54	46	6	5	5	3	1	2	3	1
29005	911	22	22	9	7	8	12	6	10	6	7	2	4	6	4	8	4	6	5	1	3	2	49	65	83	57	59	56	74	59	36	29	27	26	33	31	29	30	1	1	4	0	1	2	2	3
29006	1068	22	13	7	7	11	10	5	10	8	6	5	1	5	1	4	5	5	2	1	1	6	71	84	104	92	95	90	99	76	26	26	24	25	28	29	27	25	2	2	0	1	1	4	0	2
29007	1695	38	21	16	10	19	12	7	17	3	7	5	1	5	1	5	8	5	5	2	2	4	88	113	152	133	134	125	143	120	71	62	58	52	65	65	55	57	0	3	1	0	2	2	1	0
29008	1136	29	21	7	8	16	7	5	9	9	8	9	3	4	1	2	4	10	4	2	2	3	72	81	114	85	96	78	104	82	40	38	25	30	28	29	26	25	2	5	1	3	2	2	2	3
29009	8	0	0	0	0	0	0	0	0	0	0	0	0	0	0	0	0	0	0	0	0	0	1	1	1	1	1	1	1	1	0	0	0	0	0	0	0	0	0	0	0	0	0	0	0	0
29010	2318	55	22	22	18	20	24	14	12	11	10	6	7	13	5	14	7	13	10	8	12	8	125	152	203	183	186	179	189	176	83	87	69	69	76	75	61	49	7	9	6	4	9	7	2	1
29011	693	23	13	9	6	9	9	6	8	2	6	3	0	5	2	3	1	4	3	0	1	1	42	58	74	61	62	58	61	55	15	13	11	11	15	15	15	12	0	0	0	0	0	1	0	0
29012	1875	46	23	19	13	21	16	12	21	10	11	7	4	6	1	3	3	1	0	3	4	4	110	117	190	152	165	151	172	149	62	55	53	48	58	56	45	45	3	5	1	1	3	2	3	1
29013	1444	42	20	18	12	18	12	9	17	9	9	9	7	9	5	4	6	9	2	2	3	1	84	105	153	111	122	101	127	101	49	40	32	34	42	39	35	32	1	0	4	0	2	3	1	3
29014	1425	35	15	7	9	14	7	6	8	13	12	7	8	9	5	3	2	8	6	2	2	2	95	116	151	123	131	111	140	107	41	32	26	28	33	33	25	30	3	2	3	3	3	4	1	4
29015	1732	45	27	17	9	15	9	7	11	16	3	13	6	4	0	2	4	1	0	0	2	1	105	121	195	169	174	161	171	158	44	42	31	33	42	35	30	25	1	0	0	1	0	0	0	2
29016	1380	22	6	6	5	17	9	4	8	6	6	3	3	4	3	1	4	1	4	2	3	1	106	120	157	129	132	123	144	119	36	28	22	23	28	28	27	24	0	1	4	3	0	2	1	5
29017	1474	24	22	13	10	16	9	5	12	10	5	4	3	5	1	1	3	4	4	2	0	0	101	104	161	133	132	128	145	132	45	39	32	26	34	35	31	25	2	4	2	0	3	4	2	1
29018	1371	30	28	15	15	20	13	14	11	7	9	11	9	4	6	3	5	6	6	1	4	7	73	88	104	93	99	86	103	90	58	50	48	47	48	53	42	42	3	2	1	3	4	6	2	2
29019	1518	43	30	18	14	18	17	13	13	9	7	11	8	7	3	2	5	4	7	4	3	2	99	118	145	119	140	127	142	116	41	34	34	25	37	23	32	23	3	4	6	3	3	1	0	5
29020	1486	34	21	16	12	19	15	10	18	12	10	8	6	7	2	7	5	7	5	3	3	3	90	114	146	123	134	119	133	116	43	33	28	31	34	34	33	26	2	1	4	4	2	6	2	5
29021	1625	42	27	25	8	20	11	9	11	17	9	10	8	10	5	6	6	10	6	5	2	7	102	121	163	119	129	118	145	115	53	47	43	36	42	44	39	37	2	2	3	1	3	4	2	1
29022	1168	31	14	14	9	14	12	8	11	9	11	7	5	7	7	2	11	10	5	5	7	8	51	70	94	64	76	66	81	68	55	47	39	39	44	52	45	38	4	5	4	4	3	5	3	4
29024	1292	30	19	8	8	12	13	4	11	7	8	5	1	10	2	1	5	4	2	1	1	3	73	82	128	96	105	93	104	92	53	44	44	39	51	44	35	39	1	2	4	2	0	3	1	2
29025	1833	46	25	15	13	22	13	10	14	6	7	9	5	3	2	5	3	9	6	2	4	2	129	138	186	149	158	142	174	141	61	48	46	45	45	49	41	41	1	3	1	1	4	3	3	3
29026	1445	37	23	17	12	18	13	8	16	7	4	9	4	1	1	1	5	2	1	1	3	1	83	90	133	113	124	110	129	111	52	48	41	43	46	49	36	32	4	4	2	2	3	4	1	1
29027	1352	32	23	10	11	20	14	8	13	7	7	8	5	8	3	5	2	1	0	3	1	2	69	82	142	103	111	97	117	92	56	51	48	39	43	44	34	33	2	1	1	0	1	2	1	0
29028	1882	38	21	13	6	20	14	7	16	12	13	10	5	1	1	1	3	6	4	1	2	3	106	134	195	158	170	160	182	163	62	57	48	48	52	46	48	44	1	3	1	1	1	3	0	2
29033	1106	34	13	11	8	11	9	9	13	8	5	6	7	5	2	3	5	8	5	3	4	5	74	84	109	80	92	82	96	85	28	23	25	24	32	28	28	32	1	3	0	0	1	1	1	3
29034	1056	25	21	12	15	9	10	8	9	3	6	6	4	6	3	3	6	8	3	5	5	5	49	67	76	57	66	57	62	55	47	47	48	44	48	54	48	44	0	1	3	0	3	3	2	3
29035	909	25	13	11	6	10	5	4	11	5	3	7	5	9	1	4	4	5	5	0	2	3	51	63	97	61	66	61	74	57	32	29	24	27	31	26	24	24	4	3	3	3	2	2	4	3
29036	1354	29	20	5	6	11	8	8	6	10	9	5	2	4	2	1	1	8	2	1	1	1	74	78	142	114	113	107	129	109	46	50	38	37	41	45	39	38	3	2	1	1	2	3	1	1
29037	1371	40	19	13	12	19	10	9	10	10	11	4	3	6	3	8	5	8	4	4	4	3	100	94	151	92	100	84	112	83	47	46	38	37	47	39	46	34	2	2	2	3	2	1	0	4
29040	1753	51	35	14	14	23	20	12	18	13	8	11	5	7	1	4	2	5	2	2	3	4	111	119	185	128	147	129	162	125	59	46	46	49	45	39	43	38	3	6	3	4	2	5	3	2
29041	1166	25	11	5	9	10	7	5	8	4	8	6	2	3	1	2	2	4	2	2	1	3	80	88	126	94	97	84	111	90	36	35	32	31	38	34	27	27	2	1	2	1	3	1	3	3
29042	1594	43	24	19	12	27	21	14	19	14	12	12	6	11	2	3	5	6	5	3	4	3	91	106	148	117	131	112	136	106	61	45	44	38	47	38	34	38	2	6	6	4	4	4	4	7
29043	1380	31	16	9	11	10	9	4	10	14	13	7	3	10	1	2	5	9	5	1	3	5	73	93	104	93	99	97	100	94	59	60	47	57	57	49	46	43	3	4	6	3	6	6	2	1
29044	1662	40	28	22	12	21	11	12	14	14	6	7	4	4	2	5	7	7	6	1	6	6	101	116	164	124	131	122	138	119	54	52	45	46	52	47	44	41	3	6	4	5	3	3	3	4
36005	852	13	12	8	16	10	9	7	10	6	15	6	2	0	0	0	3	2	1	0	0	0	26	38	44	38	46	37	45	49	61	42	49	49	51	63	45	44	0	0	1	0	0	1	0	3
36021	233	2	5	1	8	4	1	2	2	2	10	2	2	2	1	2	2	1	1	0	2	2	5	5	10	9	11	9	9	15	21	9	11	9	12	21	10	7	0	0	0	1	0	2	0	3
37001	905	18	16	10	4	17	8	8	11	16	5	7	7	5	5	5	3	6	7	3	1	3	50	75	81	69	66	61	61	55	28	25	23	19	23	20	21	20	6	5	8	2	4	9	5	4
37002	824	21	20	9	8	6	8	9	8	7	7	5	5	2	2	3	4	1	4	0	0	3	31	41	64	43	46	40	49	35	44	43	42	41	46	40	39	37	1	3	1	0	0	2	0	4
37003	784	17	10	9	8	10	7	6	11	5	4	5	1	5	2	4	1	4	4	1	1	4	57	54	67	51	56	44	52	47	36	25	26	26	29	29	28	26	1	0	4	1	2	3	0	1
37004	885	12	13	8	9	16	6	8	5	6	14	5	5	6	0	4	6	4	4	4	1	5	49	55	75	52	57	49	55	50	33	34	36	35	33	41	35	33	2	1	2	3	3	7	3	1
37005	1351	49	22	15	9	24	12	6	13	11	10	7	7	5	4	5	3	4	3	1	7	4	95	94	143	101	119	103	124	100	36	33	28	28	31	25	32	28	1	0	1	2	3	1	0	2
37006	1281	35	19	13	10	15	10	4	14	6	9	6	6	6	4	4	3	8	9	7	4	2	78	88	138	100	110	98	116	103	35	32	27	31	31	27	27	24	1	3	4	4	2	3	1	4
37007	754	17	9	9	13	11	8	6	11	4	13	3	3	1	1	5	7	4	3	2	2	2	43	48	79	52	60	52	57	51	31	18	15	19	18	24	13	17	4	4	2	2	1	6	3	1
37008	664	18	14	10	7	9	4	4	4	5	8	5	2	2	0	0	0	0	3	0	3	2	37	37	72	47	45	40	50	42	26	22	20	24	24	28	20	25	2	0	0	0	0	2	1	0
37009	1234	35	32	16	10	22	14	12	21	15	7	12	4	6	4	3	2	7	6	4	4	5	65	82	113	87	89	85	92	77	43	34	36	30	36	38	37	31	3	4	1	2	2	3	2	1
37010	1508	33	11	6	10	16	10	3	9	14	20	8	7	7	2	2	7	8	2	2	3	2	65	79	144	106	115	100	113	112	70	62	55	50	65	61	57	54	1	2	2	1	2	1	2	7
37011	656	12	12	6	7	4	7	5	8	7	6	5	5	4	0	2	2	6	2	3	0	1	41	47	78	49	54	47	58	47	16	18	13	16	17	15	12	14	0	2	1	0	1	3	2	1
37012	980	25	17	10	14	14	12	6	10	8	11	6	4	7	2	4	5	2	3	2	0	4	39	52	73	59	64	60	63	62	53	41	39	36	43	51	33	34	2	2	0	0	0	5	1	2
37013	841	17	12	8	12	7	12	6	12	4	8	4	3	2	1	4	3	2	1	1	3	2	54	56	83	64	72	61	77	66	34	25	19	17	19	19	21	18	1	3	2	3	0	1	2	0
37014	1197	22	7	6	2	12	6	4	8	6	3	5	1	2	2	1	4	7	4	3	1	4	69	82	140	100	106	97	114	82	41	38	30	30	39	38	34	29	1	4	4	3	2	1	2	1
37015	1332	31	12	4	11	10	4	3	7	3	7	9	4	6	3	2	1	4	1	2	2	3	90	98	156	102	121	102	117	103	45	40	40	38	42	39	31	29	1	1	2	0	1	4	0	1
37016	1324	25	17	9	9	14	12	9	11	15	16	8	6	8	2	7	5	6	5	8	4	3	55	72	127	97	103	95	107	90	52	52	41	40	50	42	45	40	1	1	3	4	1	4	1	2
37017	891	17	13	9	5	11	7	7	7	6	2	8	1	2	2	1	4	7	1	1	3	4	59	69	99	69	70	61	77	59	32	27	24	24	23	22	25	24	1	0	0	3	3	1	0	1
37018	1153	29	19	20	9	15	12	11	10	8	14	7	9	7	2	3	5	9	5	3	4	2	81	90	124	81	94	89	99	81	34	27	19	16	21	22	19	25	4	3	4	1	0	5	3	8
37019	846	12	15	3	5	9	7	1	2	2	4	4	5	1	1	3	8	4	3	0	1	0	53	54	72	58	60	57	61	51	40	36	36	31	38	41	31	29	1	1	2	1	0	1	0	2
37020	854	20	13	2	6	6	7	5	5	8	13	8	3	3	3	1	2	2	1	0	1	3	41	57	91	57	62	52	60	57	37	35	29	25	38	38	29	24	0	1	1	2	1	1	3	1
37021	880	24	24	15	16	20	14	13	15	7	6	7	4	3	0	1	2	4	5	2	2	3	45	52	82	59	58	54	63	46	39	31	29	22	27	32	26	25	0	1	0	0	0	1	0	1
37022	1010	13	17	7	13	8	6	5	5	4	22	3	6	3	1	0	7	4	1	2	3	4	43	54	87	58	58	56	67	58	60	46	47	46	48	52	41	40	0	3	2	1	3	3	1	2
37023	1217	32	21	11	8	14	6	6	16	6	6	5	7	4	1	1	2	11	4	3	3	3	74	91	125	95	91	83	93	76	39	38	39	36	41	31	35	41	2	3	2	3	1	3	2	3
37024	1196	29	13	11	10	13	13	5	7	7	13	7	3	4	1	6	3	7	4	4	4	4	71	89	118	90	102	87	94	82	37	41	31	30	40	41	29	32	0	1	5	1	1	2	0	4
37025	1104	23	14	6	2	10	8	2	10	9	6	6	3	5	2	3	2	5	8	4	1	3	71	74	132	84	97	86	91	69	35	28	29	29	32	31	32	29	1	0	1	7	2	2	5	5
37026	1517	40	27	13	21	15	12	8	15	6	15	9	6	7	3	4	6	12	5	4	5	5	80	109	144	106	117	110	116	95	65	52	40	42	53	48	41	44	2	3	0	3	2	4	2	1
37027	1122	26	19	17	9	13	11	6	8	10	8	5	4	5	1	3	1	3	2	3	1	2	56	70	147	85	96	85	94	86	36	35	30	27	36	29	24	23	0	1	1	0	2	1	1	0
37028	1021	19	12	8	8	8	8	3	8	12	8	5	3	3	1	5	3	4	4	1	1	3	48	62	96	69	67	64	69	63	57	42	47	32	42	48	40	36	1	1	1	1	2	2	3	1
37029	1008	31	27	16	16	21	15	8	14	2	8	4	5	3	1	0	4	6	0	0	0	3	71	70	106	72	79	73	83	59	33	21	26	21	31	20	21	24	0	3	1	0	3	2	1	4
37030	1104	25	28	17	13	18	19	11	18	6	8	10	7	6	2	3	4	8	2	2	4	6	55	63	115	67	78	65	72	63	48	36	38	29	32	34	26	32	4	5	2	4	8	5	3	3
37031	1259	23	25	10	8	17	11	6	9	13	11	7	6	3	2	3	4	5	5	3	2	4	76	81	126	88	99	85	98	83	49	47	36	36	43	40	40	33	1	4	2	1	5	2	1	6
37032	982	24	15	11	5	13	9	7	8	7	8	4	4	5	2	1	4	5	2	4	3	2	58	72	113	83	85	85	94	70	30	26	17	17	20	17	14	16	1	5	1	2	4	3	3	3
37033	1401	36	24	11	8	18	10	10	12	8	10	3	5	7	2	2	2	3	3	3	4	4	93	105	148	119	125	118	130	100	35	33	29	31	32	34	35	27	2	6	1	4	1	4	1	3
37034	1084	20	17	6	4	9	6	3	8	8	3	4	4	4	0	1	0	5	1	3	1	1	59	62	133	83	97	83	97	83	38	42	31	26	35	33	29	22	2	4	3	3	2	4	2	3
37035	1502	41	26	10	12	13	10	13	13	11	10	4	5	5	4	4	2	6	4	4	0	4	89	108	158	125	133	120	128	124	47	38	37	35	43	40	28	30	2	2	1	3	0	7	0	3
37036	961	18	21	6	8	11	11	7	9	8	11	3	5	7	3	5	5	2	5	2	3	0	54	65	104	73	80	65	85	65	31	29	25	20	25	30	24	20	5	3	1	2	0	3	1	1
37037	1196	27	23	13	6	19	12	4	14	11	9	8	6	9	3	7	8	6	2	3	5	5	74	85	120	80	92	80	88	79	38	36	42	30	39	35	30	27	2	2	1	2	4	3	2	5
37038	1398	37	16	8	9	16	8	8	11	10	6	11	6	4	1	4	5	7	5	2	2	2	88	106	145	115	128	116	129	103	43	40	28	32	41	29	34	21	3	2	4	2	2	4	1	4
37039	998	27	25	16	11	10	6	9	10	4	8	5	3	4	3	2	1	9	3	1	1	2	56	69	102	65	67	66	71	59	33	35	30	31	39	39	32	28	3	4	1	1	2	2	1	2
37040	1463	24	15	9	9	13	9	3	10	12	8	8	5	5	4	6	0	6	2	3	4	6	103	125	166	138	149	137	150	135	30	30	21	25	21	21	21	17	1	2	1	2	1	2	1	3
37041	1158	20	15	11	4	11	5	7	6	3	14	7	6	3	4	1	5	12	2	2	3	3	74	80	124	91	107	89	97	88	37	35	28	27	33	29	31	25	3	4	2	2	1	1	0	6
42001	1913	7	10	10	4	7	8	10	6	12	8	11	4	4	5	2	11	14	14	11	9	7	161	178	188	198	191	187	194	186	30	28	25	26	25	25	25	21	7	15	7	5	4	4	4	5
42002	2028	17	13	12	14	9	17	9	16	6	5	5	4	5	3	4	10	11	8	11	11	5	136	141	157	155	153	143	148	141	87	83	85	78	79	79	76	74	1	3	4	1	5	3	1	0
42003	1995	19	19	20	16	14	17	17	18	8	8	5	3	4	3	3	9	7	6	7	6	8	103	110	131	135	131	128	130	129	101	95	96	95	93	92	89	91	6	5	4	3	3	2	4	2
42004	3993	33	29	21	22	18	26	21	17	12	9	7	4	3	3	4	18	19	12	19	17	18	278	299	331	332	328	315	327	310	156	146	140	136	136	132	133	126	6	8	4	4	4	5	1	4
42005	1778	6	6	10	7	3	6	5	9	9	9	9	7	7	4	7	14	11	8	10	6	3	125	143	162	174	169	161	168	164	43	40	37	37	38	39	32	35	3	10	9	6	8	8	7	4
42006	2260	18	14	12	10	12	10	10	15	6	9	5	7	6	5	6	8	7	11	10	8	8	176	189	207	221	202	194	206	196	60	60	57	54	60	55	53	46	4	6	4	2	3	5	0	3
42007	2348	13	10	8	8	10	13	9	13	11	5	2	5	2	3	5	12	14	13	12	9	8	184	198	222	228	226	215	226	217	56	59	52	52	54	54	51	50	2	4	4	2	2	4	0	1
42008	2310	16	14	11	11	10	7	8	5	7	7	10	6	7	3	5	11	12	7	9	6	4	182	195	212	206	210	207	204	201	73	62	63	60	66	62	61	58	1	2	1	1	1	3	2	1
42009	2587	27	26	22	21	24	27	22	23	12	10	10	4	4	4	4	20	17	16	20	25	18	129	140	165	165	161	156	166	160	122	118	110	114	118	118	107	108	8	7	8	9	12	13	9	8
42010	3066	27	31	22	27	23	26	28	27	11	12	8	3	4	2	2	14	13	12	11	10	9	173	192	229	224	229	215	224	211	136	132	129	126	121	123	113	112	9	7	8	8	7	7	5	4
42011	807	9	11	7	7	7	10	7	7	4	3	4	1	1	1	1	3	4	8	9	6	5	51	60	78	81	78	78	74	73	13	12	13	12	12	12	13	12	2	3	5	2	4	1	2	1
42012	2136	11	7	13	11	11	10	9	19	8	4	4	3	3	1	1	14	11	12	12	12	11	174	188	204	207	205	195	204	195	46	42	41	40	41	45	40	38	8	7	6	4	6	5	4	4
42013	2414	24	20	17	14	15	16	11	14	10	13	9	6	6	8	7	14	7	9	8	5	6	195	216	227	232	220	213	218	210	61	55	53	52	50	52	50	48	6	6	3	2	1	3	1	1
42014	2331	16	17	14	10	11	14	15	12	14	9	10	7	6	4	5	9	10	9	9	13	7	175	192	198	205	197	197	197	187	74	74	66	63	68	64	64	59	4	8	5	4	3	2	2	2
42015	2174	9	8	9	7	5	11	6	8	6	6	4	5	5	3	4	13	14	10	9	10	7	167	189	198	207	201	190	195	190	63	63	56	53	56	59	53	54	3	4	2	3	4	2	2	1
42016	2054	18	23	17	18	16	13	17	15	9	8	9	8	9	6	6	11	12	14	13	13	11	130	149	161	163	160	156	160	154	70	68	66	67	65	66	63	59	4	3	5	4	5	7	2	1
42017	1956	14	15	11	9	9	8	9	9	6	7	6	3	4	3	3	13	13	10	11	9	10	132	147	178	182	182	177	182	178	50	52	50	48	48	46	42	41	2	9	6	5	7	4	4	2
42018	1725	17	20	10	13	11	13	12	13	5	2	2	3	2	1	1	9	10	7	6	7	8	97	114	139	134	142	134	137	132	70	70	65	65	64	66	57	58	1	1	2	1	0	2	1	1
42019	2610	17	12	10	12	11	13	11	13	7	3	6	7	5	4	4	10	14	14	13	13	11	221	238	260	260	256	254	252	241	55	54	48	43	45	46	39	42	10	11	8	7	5	3	2	0
42020	1987	9	7	8	4	5	6	8	7	13	8	9	5	8	6	7	6	7	7	6	9	6	155	172	180	176	179	169	173	172	60	61	55	55	57	55	49	43	1	6	5	1	6	6	0	0
42021	1741	21	22	21	18	20	20	17	20	8	7	5	2	3	1	3	2	6	9	6	4	4	103	116	131	132	129	128	130	122	69	72	66	68	63	65	61	61	1	1	2	2	0	0	0	0
42022	829	6	6	3	3	3	5	3	4	4	5	1	2	2	1	2	6	6	7	8	7	6	52	59	70	67	66	67	66	65	30	28	25	25	27	28	26	25	1	1	2	3	2	1	1	2
42023	2192	18	14	11	10	11	12	12	14	6	4	6	3	2	3	3	10	10	7	9	8	6	184	200	215	216	213	203	210	199	53	50	45	43	39	39	41	38	4	5	4	2	3	2	2	3
42024	1512	9	7	5	3	2	8	3	6	2	4	8	3	4	4	2	13	13	6	9	6	6	96	118	134	141	137	131	135	130	45	40	40	41	42	43	38	38	2	8	5	5	8	5	3	4
42025	2305	22	20	15	16	15	16	16	16	16	13	8	8	8	5	8	18	12	11	15	15	6	136	153	167	169	167	157	162	160	98	88	83	84	85	84	79	78	9	10	13	9	11	11	7	6
42026	2421	18	12	11	13	12	14	10	14	12	5	8	2	4	3	5	10	10	8	10	14	14	177	187	218	224	220	214	218	212	67	68	65	64	61	65	57	56	6	9	8	4	4	5	2	1
42027	1834	18	15	14	13	14	14	13	10	7	6	9	4	7	3	4	10	10	9	10	11	9	113	124	129	135	126	121	127	121	83	80	74	73	75	77	73	72	2	1	0	1	3	5	4	5
42028	1948	26	22	23	17	17	18	17	16	9	10	4	5	1	2	2	7	12	9	6	8	3	125	150	187	183	182	174	183	170	47	47	42	42	41	43	35	31	5	6	4	2	6	6	2	1
42029	1775	14	13	12	12	13	13	12	17	7	4	3	1	1	2	2	7	8	4	6	3	3	117	127	160	160	157	152	153	153	53	52	48	51	50	50	49	48	8	6	6	4	5	5	2	2
42030	1668	10	11	11	7	8	9	6	7	8	8	6	5	3	3	2	6	6	5	8	4	4	131	146	179	179	176	174	179	170	23	25	19	19	19	19	18	19	6	9	6	3	3	5	3	1
42031	2240	19	16	17	18	15	16	13	17	13	9	12	8	7	4	6	7	9	6	9	12	5	155	180	198	211	204	192	197	192	64	57	56	53	58	53	53	51	9	3	2	3	1	3	3	4
42032	1924	12	15	14	10	11	15	14	17	5	7	5	4	2	4	5	15	13	9	14	16	14	120	134	149	147	147	140	147	140	77	76	70	70	67	67	64	59	2	5	6	3	4	4	4	1
42033	2580	25	24	21	19	17	20	18	21	11	9	8	8	12	11	10	17	15	16	18	14	15	133	140	164	163	165	160	170	160	121	120	121	117	124	120	111	108	7	6	7	9	8	7	5	5
42034	1797	7	7	9	9	5	6	7	7	7	7	9	4	7	5	5	9	6	8	7	8	5	160	176	187	192	182	183	186	178	25	23	22	21	21	21	20	19	8	8	3	4	3	5	2	4
42035	2605	24	18	16	15	14	25	17	20	9	10	8	5	10	3	5	13	16	12	11	14	14	157	171	188	187	187	173	185	173	116	117	110	108	109	111	100	102	1	7	9	4	5	4	2	0
42036	2406	19	22	19	17	19	19	15	16	12	7	12	10	9	7	10	5	8	8	14	14	11	140	151	183	188	186	180	185	171	97	90	90	90	90	89	81	79	4	8	5	6	7	6	5	2
42037	1435	10	11	14	8	6	9	6	8	6	3	7	8	4	4	2	10	7	4	4	5	3	106	116	125	136	125	123	129	121	42	40	35	36	35	35	34	32	3	5	3	6	4	2	1	2
42038	1747	12	12	11	13	9	12	14	10	8	5	6	4	5	3	5	11	9	8	8	9	8	135	151	161	166	159	156	162	155	42	37	38	38	38	39	34	33	3	3	4	1	4	4	1	1
42039	2611	32	23	25	24	22	26	23	25	9	7	11	4	7	3	4	21	19	15	19	17	14	173	191	200	195	197	181	195	183	97	99	90	89	96	87	83	83	7	4	0	4	2	1	1	3
42040	2387	17	16	11	12	11	19	16	15	11	6	10	8	6	2	2	15	13	15	14	16	13	133	151	169	169	172	164	162	161	112	110	105	106	107	106	99	97	2	4	2	1	2	2	2	1
42041	2073	19	20	21	18	18	21	20	23	10	5	6	5	4	2	3	9	8	6	7	6	6	127	133	166	170	168	161	171	160	79	73	70	73	70	70	60	59	3	10	3	2	4	3	1	0
42042	3925	43	42	42	39	32	39	33	33	19	17	16	13	12	9	11	16	14	19	27	23	19	254	273	317	315	314	304	306	293	128	133	119	122	123	119	113	108	11	11	11	8	9	5	4	7
43001	1155	16	14	11	12	10	11	10	9	3	2	3	2	4	1	3	6	6	5	6	5	5	81	92	102	99	103	94	96	97	33	31	25	27	25	26	22	21	4	7	5	3	5	7	4	2
43005	382	2	2	2	2	0	1	2	1	1	2	1	1	1	1	1	0	1	0	0	0	1	31	33	36	33	35	34	37	33	14	12	9	10	12	8	8	6	2	1	1	1	1	1	1	1
43009	257	2	2	1	2	1	2	1	1	0	1	1	0	0	0	0	1	1	1	1	2	1	17	20	21	21	25	23	24	21	8	9	6	7	9	6	5	5	1	1	2	1	1	1	1	1
43033	2317	15	15	11	13	12	15	14	16	7	6	3	3	1	3	1	10	11	12	14	14	12	188	207	225	226	225	220	227	214	40	45	40	39	42	38	36	35	6	11	12	10	8	6	3	6
43035	2245	17	16	20	14	11	16	13	15	11	10	10	7	8	6	7	13	11	9	10	13	10	159	174	204	204	205	199	206	201	55	56	52	52	51	50	48	45	6	9	3	3	4	4	4	4
43045	1534	14	11	8	6	11	9	9	10	3	5	3	4	3	5	3	4	9	10	7	7	7	112	124	134	134	136	131	132	131	43	43	41	37	43	41	38	40	3	4	4	3	5	4	1	2
Berwyn Ward 6 Precinct 2	1,181	8	13	10	13	7	8	8	9	7	12	7	4	4	1	4	7	3	3	3	1	4	32	41	44	42	44	42	43	53	97	91	83	81	84	98	77	77	2	4	4	3	1	2	0	0
Berwyn Ward 6 Precinct 3	561	8	7	4	4	3	4	4	8	3	8	4	2	1	2	2	5	2	2	1	1	1	17	20	32	34	32	28	36	32	37	34	28	27	32	36	28	25	1	1	3	1	1	0	0	0
Berwyn Ward 6 Precinct 4	463	5	4	6	6	3	4	5	5	3	5	6	1	1	2	2	4	4	3	2	3	3	21	26	27	28	28	27	32	26	28	22	20	20	20	24	19	17	0	0	0	0	0	0	0	1
Berwyn Ward 7 Precinct 1	1,505	19	15	12	21	14	9	14	15	7	19	5	5	5	4	3	9	6	4	5	5	2	49	62	81	75	79	71	77	80	106	95	86	83	88	98	75	77	4	2	3	4	2	6	2	2
Berwyn Ward 7 Precinct 2	1,362	18	10	8	21	10	7	11	10	10	13	7	3	4	4	6	8	2	0	4	3	1	63	83	93	79	91	82	86	89	86	64	58	58	67	72	57	53	1	4	4	2	4	4	0	2
Berwyn Ward 7 Precinct 3	1,964	32	32	30	41	26	32	24	29	10	21	6	5	8	2	4	12	10	5	10	10	7	68	74	85	79	84	77	89	94	140	114	110	113	117	130	108	101	4	6	2	7	2	1	1	2
Berwyn Ward 7 Precinct 4	1,878	17	14	11	22	10	20	9	14	11	21	14	7	6	4	4	7	3	6	1	9	4	63	73	86	76	89	77	85	92	140	130	123	121	126	140	115	106	1	1	3	3	6	4	2	2
Berwyn Ward 8 Precinct 1	2,768	29	33	22	44	28	29	22	27	23	25	13	10	6	4	6	13	7	10	10	7	7	83	111	131	124	131	112	130	128	205	180	169	164	187	196	154	155	6	7	5	3	3	6	2	1
Berwyn Ward 8 Precinct 2	236	1	1	0	2	1	1	1	1	2	2	0	0	0	0	1	2	2	0	1	1	0	8	6	6	6	8	5	7	8	22	20	20	19	19	20	20	20	1	0	0	1	1	0	0	0
Oak Park 1	2,568	73	46	44	35	34	42	31	34	12	10	10	5	4	3	2	8	11	4	5	5	2	138	165	208	200	200	186	197	179	96	96	78	77	83	82	69	66	6	6	4	4	4	2	1	1
Oak Park 2	4,318	52	33	44	22	30	40	24	35	15	14	9	4	6	0	3	20	20	24	18	17	21	305	352	392	389	396	379	384	365	120	117	104	106	104	103	98	91	10	11	8	9	5	7	5	7
Oak Park 3	4,671	64	48	52	50	39	45	42	47	17	10	11	5	5	4	7	14	12	7	5	9	7	266	295	348	338	347	328	345	331	201	195	187	186	193	193	172	177	8	9	11	9	13	10	6	3
Oak Park 4	3,589	38	26	30	25	23	35	22	23	12	10	11	6	9	5	4	14	12	13	16	16	14	223	264	300	300	306	300	295	289	118	116	110	110	109	112	107	104	10	12	11	6	8	5	6	4
Oak Park 5	3,951	45	33	44	35	30	55	37	38	8	11	10	3	6	3	4	15	11	13	10	12	7	262	312	333	333	337	327	329	323	131	130	117	114	112	113	107	105	1	8	7	3	6	6	4	1
Oak Park 6	3,712	69	58	58	48	54	57	44	61	12	19	12	9	5	2	5	11	16	16	14	11	9	173	214	257	242	247	232	246	230	169	157	151	147	156	149	137	130	7	15	14	10	10	12	8	9
Oak Park 7	2,634	40	27	32	33	23	30	30	23	13	7	10	4	7	3	4	8	5	3	5	10	4	170	198	216	211	215	205	214	201	95	81	82	81	78	81	72	73	5	4	6	6	6	5	4	4
Oak Park 8	3,587	93	74	81	62	48	63	49	57	11	11	13	6	6	3	3	7	13	12	6	4	6	176	202	253	231	244	229	251	236	151	144	143	129	144	135	119	125	5	7	7	4	8	6	6	4
Oak Park 9	2,355	36	31	28	25	27	27	24	23	9	9	7	3	3	4	7	3	2	8	5	6	1	116	131	160	157	159	158	160	152	114	108	109	110	108	106	98	99	2	2	4	5	3	4	1	1
Oak Park 10	3,621	56	42	62	43	36	38	33	42	10	9	10	5	8	4	5	10	10	9	15	7	6	207	226	284	274	288	268	278	267	145	134	128	123	125	123	117	110	6	11	9	9	12	11	4	2
Oak Park 11	3,046	61	43	52	37	41	38	32	40	12	11	12	11	6	3	6	10	15	12	12	9	13	154	185	234	208	214	209	221	208	124	125	107	107	103	111	97	94	7	10	9	8	8	12	9	6
Oak Park 12	1,836	28	16	26	20	13	16	14	13	5	6	4	2	2	2	2	7	7	6	5	6	4	99	98	129	123	126	121	122	117	90	89	88	85	84	85	78	78	0	5	3	5	3	1	2	1
Oak Park 13	3,257	81	60	60	50	46	49	45	45	10	14	12	7	3	3	1	9	7	7	9	9	5	127	154	192	186	187	177	186	178	171	174	168	169	165	169	147	148	9	4	4	2	3	2	0	3
Oak Park 14	3,900	46	32	47	29	22	32	26	29	11	13	16	5	5	5	5	13	11	14	11	7	10	253	289	350	346	355	341	345	329	115	117	103	107	107	101	97	95	7	11	9	7	10	9	4	4
Oak Park 15	4,124	91	76	69	55	67	65	54	63	20	12	15	10	8	4	1	15	14	10	15	12	14	183	223	273	245	262	243	267	249	205	196	180	178	179	178	159	159	6	12	4	8	10	9	3	3
Oak Park 16	4,931	81	59	65	50	43	52	41	47	22	10	23	9	10	7	6	13	10	13	15	13	8	266	304	357	350	354	339	360	334	225	221	210	201	200	201	187	187	3	7	6	4	5	6	3	4
Oak Park 17	5,054	77	59	73	58	45	66	49	61	16	17	18	10	13	6	8	22	18	24	20	17	13	262	294	344	325	335	313	340	313	230	233	219	222	217	218	198	189	14	16	13	14	18	16	13	8
Oak Park 18	2,945	41	34	44	31	31	37	27	32	9	8	15	8	7	3	4	14	10	7	11	15	8	181	201	232	222	232	216	228	227	111	103	94	93	97	91	80	84	7	10	12	7	6	6	4	5
Oak Park 19	3,527	59	49	44	41	36	44	40	37	14	15	19	9	6	2	1	8	8	8	6	4	4	196	223	263	247	252	240	249	242	155	154	134	138	140	141	125	121	5	8	7	5	9	8	4	7
Oak Park 20	4,664	55	41	41	41	39	35	27	35	18	18	16	7	13	7	8	13	16	11	11	8	9	299	342	404	393	399	382	400	383	169	152	135	132	139	135	130	128	10	16	12	11	9	7	5	3
Oak Park 21	2,540	39	36	34	23	27	30	28	33	10	8	9	5	9	3	4	8	10	9	3	5	8	113	130	177	153	168	152	159	155	145	131	121	116	130	117	108	101	3	4	2	2	4	2	4	2
Oak Park 22	2,542	46	34	28	36	34	33	29	37	7	11	15	6	6	1	2	13	9	11	11	10	9	105	123	154	152	162	152	155	153	131	129	121	122	126	123	109	106	3	7	3	2	4	6	4	2
Oak Park 23	3,202	36	25	36	30	25	27	27	28	9	7	6	4	2	2	1	8	6	6	10	11	7	201	229	274	263	268	259	274	256	112	114	102	103	100	99	93	94	7	11	6	5	7	5	3	4
Oak Park 24	2,699	29	21	34	26	18	21	24	22	6	6	11	4	6	5	4	5	6	9	5	8	6	178	201	235	227	237	226	232	228	90	90	81	76	78	77	72	69	2	7	6	3	2	4	1	1
Oak Park 25	3,400	62	49	57	50	45	48	48	52	15	8	9	6	8	4	4	9	5	7	8	6	8	155	183	216	208	213	200	213	195	167	167	162	160	162	164	148	148	6	9	1	1	2	4	3	5
Oak Park 26	3,358	46	41	57	33	31	39	27	35	18	10	5	4	8	2	4	11	15	11	10	10	9	172	211	258	245	257	248	255	224	145	137	122	123	130	125	121	115	5	11	8	3	6	4	3	4
Oak Park 27	985	13	13	15	8	10	9	7	6	3	2	1	2	2	1	0	2	2	2	3	1	4	50	51	76	72	75	72	73	67	43	44	42	41	42	41	38	33	3	3	3	2	3	3	1	1
Oak Park 28	3,976	63	46	51	28	41	50	39	40	11	12	7	7	5	6	8	9	10	9	9	13	10	182	217	277	260	271	265	266	259	203	202	180	175	189	184	169	160	7	7	3	8	5	7	4	2
Oak Park 29	3,437	56	50	63	58	42	55	47	45	18	16	21	8	12	5	11	12	13	11	10	12	14	178	201	224	223	228	218	226	208	166	151	135	141	132	136	123	127	6	6	5	10	4	3	2	5
Oak Park 30	3,473	67	52	43	40	51	45	36	45	19	13	13	5	4	5	3	10	12	10	11	8	9	161	187	244	231	234	222	240	216	165	164	149	138	153	142	136	133	9	8	8	6	7	10	3	6
Oak Park 31	5,220	101	77	85	70	66	71	67	71	17	16	17	12	12	7	6	18	12	17	12	11	14	260	300	372	344	362	349	366	346	239	226	208	200	210	208	192	185	12	9	8	9	11	12	6	7
Oak Park 32	2,214	40	36	27	28	26	38	27	31	12	7	6	6	4	0	4	9	8	3	5	3	5	85	106	144	140	147	133	147	144	110	111	99	99	100	109	94	86	5	9	8	4	6	2	1	0
Oak Park 33	2,913	54	41	37	33	32	31	26	34	12	7	12	6	6	2	3	7	7	8	11	4	6	129	155	194	183	189	177	193	177	163	148	133	137	149	141	125	116	4	5	3	1	3	6	2	1
Oak Park 34	2,689	56	44	57	42	38	46	41	40	14	10	11	7	3	3	2	10	8	9	12	8	9	123	150	183	180	179	175	182	168	122	113	102	106	108	103	85	85	8	12	7	10	5	6	3	4
Oak Park 35	4,420	68	50	64	45	38	53	36	45	21	17	15	10	8	6	7	13	15	14	12	9	6	261	289	354	340	350	342	352	341	168	165	149	150	153	146	140	130	5	8	5	2	7	5	3	3
Oak Park 36	4,077	72	56	67	61	46	57	55	54	13	20	13	8	10	4	5	16	15	15	12	9	11	240	269	313	309	312	303	314	304	142	140	132	126	126	123	116	102	10	15	10	11	11	9	10	11
Oak Park 37	1,905	37	32	33	31	31	29	27	29	8	6	4	3	4	3	3	4	4	4	5	3	0	87	100	130	123	128	126	127	125	86	82	81	79	80	85	69	71	6	6	3	1	3	3	3	1
Proviso 1	1,678	25	15	11	12	11	12	10	9	5	13	8	4	5	4	4	4	7	5	5	7	3	86	100	128	119	120	121	124	124	86	75	63	68	71	73	62	62	1	3	4	3	2	4	0	0
Proviso 2	1,401	18	13	7	23	6	3	3	7	8	24	6	5	4	2	1	13	5	4	3	4	2	48	57	76	70	75	68	78	82	102	88	81	77	82	98	75	75	1	2	1	1	0	1	0	2
Proviso 3	880	13	12	8	8	3	8	3	5	7	8	6	2	4	3	6	5	9	4	3	4	2	48	66	79	66	70	68	72	72	28	25	27	24	26	29	23	23	1	2	0	1	2	4	0	1
Proviso 4	1,910	46	28	12	14	19	18	8	13	9	18	7	3	11	5	0	9	7	8	5	3	6	96	120	176	162	163	152	163	148	65	58	55	48	68	54	53	53	3	3	5	2	6	3	4	1
Proviso 5	1,730	40	28	13	14	18	12	5	9	12	15	9	6	3	4	2	3	6	1	4	1	4	112	129	182	174	167	159	175	159	37	34	30	29	27	26	33	35	1	2	2	1	1	3	2	1
Proviso 8	1,302	33	17	18	19	13	16	10	15	10	7	10	4	5	1	1	10	12	7	9	5	4	73	84	98	94	94	96	100	94	50	46	39	42	41	39	35	27	1	5	5	3	5	3	1	1
Proviso 9	1,826	36	20	14	16	17	13	17	20	7	8	6	2	7	1	1	7	3	3	3	3	2	98	121	164	159	165	150	164	148	73	73	49	45	57	52	49	41	2	0	3	0	4	3	0	0
Proviso 17	1,380	25	21	4	9	14	14	5	12	7	8	6	4	5	1	3	0	3	1	1	0	2	76	94	115	111	107	107	115	103	55	51	53	43	54	56	42	38	1	1	2	1	1	5	2	2
Proviso 18	2,690	51	42	29	24	28	27	14	30	19	21	18	8	8	2	4	6	10	6	2	3	3	135	178	247	227	235	222	240	215	90	83	69	77	81	75	65	60	1	7	5	6	5	6	3	3
Proviso 19	1,728	39	27	16	17	22	19	9	23	12	10	9	12	10	2	5	4	9	2	3	2	6	86	112	158	144	147	149	156	140	51	46	40	33	44	49	45	43	4	7	3	3	3	2	3	2
Proviso 20	1,677	42	26	15	13	21	11	10	12	7	14	5	7	4	1	4	0	3	6	0	3	4	99	125	167	150	153	150	154	143	50	45	40	36	39	37	35	35	1	2	1	4	1	0	1	1
Proviso 21	1,295	8	9	10	9	7	9	6	7	5	3	5	3	4	1	1	8	8	6	7	7	5	77	89	101	97	100	95	101	96	56	49	46	43	49	45	42	42	3	9	6	4	4	8	2	3
Proviso 22	1,581	43	23	15	12	17	15	14	13	11	7	10	4	2	2	2	6	6	5	2	2	2	100	121	163	149	153	145	155	135	37	37	30	23	33	27	25	25	0	2	2	0	1	2	1	2
Proviso 30	1,862	39	20	14	19	17	12	8	12	13	18	12	6	9	5	4	6	8	5	5	6	3	98	128	165	155	159	151	158	143	63	58	56	51	58	55	48	45	4	7	4	4	1	4	3	3
Proviso 31	1,080	26	16	5	6	13	5	2	8	8	7	7	6	1	0	0	3	5	1	0	2	2	63	71	101	94	98	87	95	90	41	36	31	24	35	26	25	26	2	4	3	1	2	1	1	0
Proviso 33	2,263	51	37	26	21	31	25	17	22	11	7	19	9	6	3	4	5	9	3	1	1	0	120	153	217	208	206	195	205	190	74	63	55	50	59	52	50	44	1	1	4	2	2	3	1	0
Proviso 34	3,682	99	60	40	31	37	26	25	25	20	21	17	11	16	3	7	10	19	6	4	6	12	213	264	342	304	321	317	331	293	115	98	97	81	102	93	84	78	5	13	8	6	6	6	4	6
Proviso 36	2,033	52	30	18	21	28	14	8	19	10	22	14	7	10	2	2	6	10	3	1	1	6	116	133	188	172	177	175	181	162	66	55	47	41	55	55	48	50	2	6	4	3	3	4	4	2
Proviso 37	1,400	38	26	10	11	21	16	11	12	3	13	10	3	1	1	0	1	4	2	1	1	3	72	86	124	112	114	104	120	105	53	48	45	44	47	46	45	38	1	3	2	1	0	2	0	0
Proviso 38	1,898	37	30	15	10	17	10	6	8	10	10	3	6	5	1	3	4	6	2	2	3	3	115	142	182	166	165	165	181	155	57	60	51	44	58	52	47	42	5	4	3	2	5	4	1	1
Proviso 39	2,204	35	24	19	21	19	12	8	10	13	16	15	5	6	4	5	11	3	2	3	3	5	111	134	176	171	175	167	172	171	106	93	85	76	85	87	68	70	2	1	1	3	4	4	1	2
Proviso 40	1,964	40	27	16	11	27	20	12	22	18	7	10	7	6	2	6	8	7	2	2	2	3	110	133	178	180	175	165	178	163	64	52	50	52	53	49	50	41	2	3	2	2	3	2	0	2
Proviso 41	1,543	41	28	8	8	16	12	10	13	14	11	9	7	8	0	6	1	7	2	1	2	3	86	99	144	134	136	125	142	123	45	51	40	34	42	35	37	37	1	4	5	4	4	3	2	3
Proviso 42	1,324	45	20	16	10	21	15	7	11	11	11	11	7	0	3	0	5	5	3	4	4	3	69	83	123	113	118	112	121	107	42	38	35	27	35	37	26	18	0	1	0	2	0	1	2	2
Proviso 43	1,299	40	29	24	15	19	13	9	13	11	10	5	6	4	1	0	3	6	2	4	5	3	64	86	123	125	117	113	118	110	34	28	25	24	31	22	21	21	1	3	5	1	1	3	0	1
Proviso 44	1,315	43	23	17	12	20	17	12	20	7	9	6	4	4	0	0	2	0	0	3	0	1	75	93	120	114	123	120	117	109	35	32	29	27	33	28	26	25	1	1	2	0	2	2	0	1
Proviso 45	1,727	54	25	16	20	27	14	15	22	17	11	17	14	5	4	8	6	7	7	2	3	5	85	105	149	133	141	141	140	129	55	50	46	48	51	52	41	42	1	4	2	2	2	4	2	3
Proviso 47	1,003	23	12	8	8	11	6	5	9	6	5	1	3	3	1	0	2	8	3	5	3	3	56	76	89	84	87	80	89	79	33	29	31	23	28	32	25	27	2	2	1	1	2	0	1	1
Proviso 48	2,420	54	37	12	15	25	11	9	16	17	25	20	5	6	4	4	9	9	5	3	6	4	143	164	214	202	213	202	207	205	89	77	63	62	75	73	53	48	2	5	5	7	4	5	2	4
Proviso 49	1,398	26	19	8	11	16	9	6	10	6	9	3	4	4	1	0	3	2	4	0	0	4	68	90	111	105	111	100	108	101	66	62	54	51	57	56	53	49	0	4	2	1	0	1	2	1
Proviso 50	2,745	46	23	21	17	14	10	16	13	19	15	14	8	11	7	5	13	15	12	7	9	8	143	175	223	206	221	212	226	208	122	101	92	85	100	104	87	81	11	10	7	7	2	8	6	5
Proviso 51	1,987	27	17	18	16	10	17	11	14	9	10	11	9	4	2	0	15	9	6	8	4	8	92	109	139	134	139	134	142	140	111	95	90	88	89	86	75	76	5	2	2	3	5	3	1	2
Proviso 52	1,242	22	16	9	9	13	9	9	11	7	8	3	4	4	2	3	1	4	4	2	1	0	63	81	113	111	107	110	111	102	49	44	33	28	31	38	36	33	0	3	3	3	1	1	0	0
Proviso 53	1,723	36	22	14	15	18	13	10	17	10	10	6	3	6	3	2	0	7	0	2	2	3	102	117	151	142	150	137	152	139	64	59	55	50	54	53	48	36	2	3	1	2	1	3	2	1
Proviso 56	1,407	42	15	12	8	11	10	3	11	8	14	10	6	6	5	6	3	5	2	2	3	1	80	92	126	124	127	112	120	114	49	41	37	36	42	40	35	31	2	3	2	3	2	3	2	1
Proviso 58	1,233	40	21	11	10	18	11	8	14	8	9	7	7	2	0	2	1	4	0	1	1	1	69	86	111	102	106	103	106	95	42	35	32	30	34	33	28	29	2	2	1	3	2	5	1	0
Proviso 59	1,697	27	14	6	14	12	9	5	12	4	7	9	2	3	2	0	2	4	5	1	1	6	98	125	160	145	156	155	152	142	69	56	47	40	48	53	45	40	0	3	3	4	2	3	2	4
Proviso 60	1,369	17	16	8	15	15	10	6	5	5	12	6	4	7	3	2	5	7	5	4	8	4	68	79	114	106	116	103	104	97	69	56	45	39	55	55	43	39	3	2	1	3	1	3	2	2
Proviso 61	2,480	43	37	29	29	37	33	31	31	13	17	17	12	10	10	6	9	6	3	7	5	3	124	148	174	167	172	178	170	156	116	105	93	93	94	93	88	88	2	6	5	3	3	5	6	3
Proviso 62	2,751	40	21	18	16	21	23	14	21	15	12	15	7	11	4	8	13	13	10	11	12	7	152	180	227	216	221	231	217	207	106	96	90	91	89	92	83	75	9	19	11	4	4	11	4	4
Proviso 63	87	1	1	1	2	0	0	0	1	3	3	1	1	1	1	1	0	0	0	0	0	0	4	4	6	6	5	5	6	6	5	2	5	2	3	4	3	3	0	0	0	0	1	0	0	0
Proviso 64	1,946	52	35	18	18	26	22	14	20	12	11	7	6	7	2	3	5	11	6	7	5	5	105	141	173	160	172	162	155	152	59	58	47	44	57	49	43	49	4	5	3	3	3	5	2	3
Proviso 65	1,585	31	18	7	11	13	12	6	17	8	4	6	3	2	2	1	4	4	3	1	3	1	79	91	119	103	106	115	106	99	87	76	78	78	76	72	64	65	1	2	1	1	3	2	0	4
Proviso 66	3,039	47	44	45	34	36	43	32	39	13	9	8	4	4	0	2	11	10	8	12	11	12	136	162	216	206	208	211	204	197	154	143	126	123	130	129	112	115	7	5	10	7	5	4	3	2
Proviso 67	3,326	56	42	31	30	35	40	27	36	15	13	15	15	6	7	6	9	7	7	10	10	5	158	183	221	206	220	222	209	200	174	178	157	154	156	149	137	133	9	7	7	4	8	7	2	3
Proviso 68	1,572	26	19	18	17	18	14	17	21	9	5	4	3	6	3	4	12	12	12	6	8	7	70	92	92	100	97	103	96	91	82	78	65	70	70	75	63	62	4	5	6	1	3	3	1	2
Proviso 69	1,485	46	24	12	12	20	12	11	11	11	8	5	5	4	0	3	4	6	2	3	4	1	84	96	122	123	115	112	119	108	59	52	45	42	50	45	41	49	2	1	5	4	0	2	2	3
Proviso 71	994	12	9	6	6	5	2	4	5	5	7	1	1	4	1	1	4	3	5	4	2	3	52	62	77	69	74	67	70	65	49	54	43	41	48	44	37	37	2	1	2	0	1	2	2	5
Proviso 72	2,012	40	34	30	27	28	36	23	27	13	8	10	1	4	2	1	3	4	4	6	5	1	89	114	135	128	140	157	141	126	93	91	80	79	82	77	76	74	0	3	5	2	5	7	1	0
Proviso 73	2,269	47	25	25	27	23	24	22	22	11	12	10	6	6	5	6	7	10	7	7	7	4	104	123	130	131	124	148	125	119	127	123	113	111	116	118	105	99	2	8	4	4	7	9	2	4
Proviso 74	2,282	51	51	34	25	36	38	31	38	14	10	7	9	12	4	5	7	12	9	4	5	8	98	123	142	138	139	155	142	130	103	100	91	97	102	99	86	90	5	5	6	5	4	5	3	4
Proviso 76	2,628	50	28	28	28	24	25	22	23	14	13	12	5	10	4	6	15	14	7	14	12	12	107	137	157	145	150	179	151	142	139	135	130	128	141	142	132	113	4	6	7	3	5	4	2	3
Proviso 79	1,686	36	21	15	9	17	13	12	9	14	8	4	6	5	4	2	4	7	4	3	0	0	88	121	155	146	153	149	160	146	52	51	45	39	51	43	39	39	4	3	3	3	2	1	0	0
Proviso 81	1,416	29	22	15	13	18	13	9	14	11	11	8	6	7	2	3	7	4	7	5	8	10	68	86	105	98	103	94	106	88	64	57	54	46	52	53	44	42	3	3	3	8	6	6	4	1
Proviso 82	3,168	81	47	22	17	36	24	12	28	16	18	12	13	7	6	3	5	10	7	3	2	5	192	233	324	295	303	287	303	280	102	77	67	55	79	61	46	52	4	6	4	6	4	4	6	4
Proviso 83	2,410	68	38	17	13	26	21	13	23	10	11	18	10	8	1	6	5	7	3	2	3	2	128	150	235	220	221	208	222	202	78	72	61	53	65	63	59	54	0	2	1	5	2	1	2	1
Proviso 85	773	10	7	6	5	9	7	4	5	7	3	8	2	2	3	3	3	6	1	2	4	3	36	49	61	56	59	52	61	51	30	30	27	29	30	30	30	28	2	2	1	1	1	3	2	2
Proviso 86	1,962	54	38	18	12	22	21	12	19	7	7	9	8	3	4	3	1	4	5	1	3	4	105	138	183	171	183	173	178	169	62	54	46	43	56	48	40	39	2	3	0	5	3	3	1	2
Proviso 91	1,456	31	26	14	14	12	12	5	14	6	5	10	1	9	3	0	4	7	5	5	3	5	75	89	110	100	105	98	104	99	72	56	52	54	63	62	55	50	4	5	2	3	1	3	2	1
Proviso 92	2,392	32	25	26	18	17	20	14	18	9	14	12	9	10	4	7	13	7	6	5	7	3	128	162	196	194	192	188	194	186	98	85	79	75	77	82	76	75	4	4	3	3	5	4	2	4
Proviso 94	1,809	37	28	18	11	18	18	7	16	9	9	11	5	3	1	3	3	2	2	1	0	0	96	117	187	180	169	171	176	169	56	51	39	33	41	40	32	30	1	5	5	1	2	1	2	3
Proviso 99	1,934	47	24	22	18	29	14	7	16	7	12	6	5	2	2	3	0	6	3	0	3	2	93	115	174	164	167	156	164	154	75	74	59	56	68	61	55	51	2	3	2	3	1	4	3	2
Proviso 101	1,450	10	11	12	13	8	7	8	13	6	10	6	3	5	1	3	6	5	5	5	6	6	75	86	115	114	116	110	117	109	57	57	52	55	53	53	47	51	5	4	3	5	4	5	2	6
Proviso 102	1,472	16	8	5	10	7	7	5	8	12	17	8	3	8	5	3	8	6	3	6	3	1	71	77	97	87	91	89	92	93	95	75	74	71	78	84	67	62	0	4	4	3	3	3	2	1
River Forest 2	2,041	12	9	13	12	7	8	6	9	6	8	7	5	5	6	5	9	9	9	9	8	7	158	179	200	198	194	190	198	184	47	45	39	39	44	40	37	32	6	4	6	5	6	10	5	6
River Forest 3	2,392	18	16	17	12	10	13	7	11	11	10	5	4	5	4	5	10	7	9	13	9	6	147	168	201	195	197	190	191	182	90	94	86	84	85	83	78	73	6	10	5	5	8	7	4	1
River Forest 4	2,970	21	19	26	14	17	17	14	20	10	5	7	6	8	3	3	14	21	18	16	18	16	193	212	247	240	252	241	251	236	98	96	94	89	89	89	82	82	8	14	12	13	11	13	8	7
River Forest 5	2,170	19	17	24	16	16	19	14	18	6	6	3	3	3	2	1	12	8	10	8	6	5	136	159	189	188	185	186	190	185	68	67	60	60	65	64	57	52	4	7	6	7	8	5	3	3
River Forest 6	1,684	20	15	19	17	14	14	15	12	6	2	6	2	2	2	3	13	11	11	9	7	5	123	133	151	150	152	145	152	143	42	41	37	35	36	36	33	30	5	5	5	7	6	4	3	5
River Forest 7	2,680	28	27	33	24	14	18	18	16	13	12	12	9	10	9	8	13	15	13	11	10	9	174	204	244	238	240	234	239	224	74	70	62	64	62	64	56	52	9	9	8	6	7	8	4	6
River Forest 8	3,402	37	33	35	29	24	27	29	28	14	12	8	3	7	1	3	15	14	14	14	15	10	221	253	291	287	293	284	287	278	108	103	98	102	97	95	94	85	7	8	11	9	4	3	4	8
Riverside 13	134	4	5	3	1	2	3	2	4	1	0	2	0	0	0	0	0	0	0	2	1	0	7	10	8	9	9	8	9	9	3	6	5	4	5	4	4	3	0	1	0	0	0	0	0	0
