Precinct	total_votes	votes|Chakena Sims (Warren)	votes|Allen Louis Linton, II (Warren)	votes|Grace Chan McKibben (Warren)	votes|William E. Hall (Warren)	votes|Shelley Davis (Warren)	votes|Nicholas ''Nick'' Shields (Warren)	votes|Rebecca Zorach (Warren)	votes|Devlin Joseph Schoop (Warren)	votes|Jeanette Taylor (Sanders)	votes|Maria R. Bell (Sanders)	votes|Naomi Davis (Sanders)	votes|Patricia L. Guinn (Sanders)	votes|Robert Peters (Sanders)	votes|Rodney Gipson (Sanders)	votes|Raheem Uqdah (Sanders)	votes|Larry Gilman (Sanders)	votes|Preston Brown Jr (Sanders)	votes|Evajamania Brown (Sanders)	votes|Linda Hudson (Sanders)	votes|Darren Fuller (Yang)	votes|Carol Horton (Yang)	votes|Ben Silvian (Yang)	votes|Laura Sieh (Yang)	votes|Michelle A. Harris (Biden)	votes|Roderick T. Sawyer (Biden)	votes|Ertharin Cousin (Biden)	votes|Robert ''Bob'' Rita (Biden)	votes|Andrea Zopp (Biden)	votes|Timothy Wright III (Biden)	votes|Deborah Lane (Biden)	votes|Kouri C. Marshall (Biden)	votes|John Hart (Klobuchar)	votes|Myra Hart (Klobuchar)	votes|Norene Shader (Klobuchar)
03002	202	2	0	2	0	0	1	1	0	8	7	8	6	5	8	5	4	3	2	3	1	1	2	1	17	15	17	15	18	16	18	16	0	0	0
03004	1889	26	10	20	21	22	13	13	8	63	49	60	51	37	45	47	27	33	29	30	3	4	0	4	188	158	153	151	159	160	154	143	1	4	3
03007	1408	27	17	11	16	27	9	11	8	48	39	53	37	25	32	31	25	28	18	22	3	7	3	9	123	113	102	112	113	114	108	87	10	10	10
03012	215	3	1	2	2	1	2	1	0	7	6	5	7	6	4	3	3	3	7	4	0	0	0	0	20	21	19	16	20	17	18	17	0	0	0
03018	994	9	4	5	4	12	6	10	5	41	35	41	32	19	21	22	20	14	20	20	1	0	0	5	88	80	82	79	81	84	74	68	2	3	7
03023	305	6	2	3	4	3	1	1	0	9	4	7	4	2	5	5	3	5	3	5	1	1	0	0	33	30	26	30	27	30	29	22	1	2	1
03029	227	3	1	5	2	2	3	2	2	8	3	9	4	7	9	4	5	7	3	4	2	3	1	3	22	18	15	14	18	17	14	15	1	1	0
03030	857	10	4	6	2	11	6	1	4	29	23	28	18	14	14	17	8	10	16	15	2	1	0	0	79	80	77	75	81	80	77	65	1	1	2
03031	45	0	0	0	1	0	0	0	0	4	4	5	4	4	4	3	4	1	1	2	0	0	0	0	1	1	1	1	1	1	1	1	0	0	0
03035	826	12	7	6	5	9	4	5	3	31	29	35	31	16	19	25	12	16	17	12	4	3	4	3	70	69	67	60	67	63	59	55	3	3	2
03038	1807	39	18	24	19	32	18	12	13	51	38	50	44	22	28	36	25	26	22	27	7	9	7	11	164	160	154	148	159	155	143	132	8	3	3
03041	1786	22	16	19	17	25	13	12	9	71	77	73	71	55	54	56	44	34	43	36	6	6	4	9	141	133	129	124	125	124	120	104	3	7	4
04001	3404	55	43	47	39	47	35	46	30	211	194	214	190	173	146	197	113	75	126	105	13	14	12	12	169	164	156	155	154	155	149	139	8	10	8
04003	1530	27	12	13	14	20	12	11	10	63	57	81	59	42	40	39	34	29	27	37	4	5	1	5	125	114	110	111	114	114	104	92	2	1	1
04004	270	2	1	4	3	2	0	2	1	8	10	10	9	7	8	4	3	5	6	4	0	3	0	0	25	22	22	21	23	23	20	20	0	1	1
04008	2258	30	15	18	15	24	14	15	18	93	82	99	89	73	68	64	44	40	50	45	5	5	3	5	195	170	161	167	163	170	162	141	7	6	2
04009	3212	40	22	25	30	29	21	20	18	83	68	77	59	52	52	51	38	36	42	41	9	8	4	11	317	309	297	291	298	302	277	264	10	7	4
04011	879	16	6	4	7	9	7	7	5	34	26	29	28	18	16	25	13	19	15	13	2	4	1	5	78	71	72	67	69	69	66	63	4	8	3
04012	2590	32	12	11	17	29	9	11	12	98	82	100	76	69	61	65	44	47	58	40	10	6	6	6	241	225	201	206	219	207	190	181	7	5	7
04014	1717	22	12	16	18	19	10	11	13	55	58	59	55	36	37	42	31	34	35	32	7	8	2	2	158	137	134	134	140	142	129	123	2	1	3
04015	1791	20	9	11	7	21	8	9	5	75	62	68	60	53	49	49	35	33	44	40	8	6	3	7	159	146	139	133	142	139	129	111	4	5	2
04018	2057	27	23	21	28	23	23	24	22	77	80	83	70	55	49	51	40	40	43	41	15	7	6	15	177	158	152	146	152	155	127	110	5	6	6
04019	1325	25	8	11	9	20	9	8	8	58	46	58	52	31	33	32	32	28	26	33	4	4	3	7	116	97	100	98	92	99	90	80	4	2	2
04022	2480	30	20	32	24	30	19	26	17	82	81	98	79	67	58	65	49	34	37	26	9	8	3	7	214	199	193	189	210	193	193	169	4	8	7
04023	3386	44	30	40	29	40	28	32	24	163	166	177	164	149	123	142	98	56	86	73	6	7	5	8	218	217	207	212	215	209	205	191	5	12	5
04024	2350	30	19	19	17	27	13	14	13	75	68	81	65	59	48	54	43	43	47	44	8	9	2	4	212	202	191	184	192	189	185	177	6	5	5
04026	2045	28	10	16	16	14	12	14	11	77	59	71	55	41	31	40	32	24	36	32	5	9	3	8	188	188	179	175	180	178	158	143	5	4	3
04027	3076	39	28	38	25	37	32	38	31	172	170	178	155	145	129	146	97	56	82	74	5	1	6	7	187	180	178	169	172	171	163	150	6	4	5
04028	592	8	3	7	4	10	5	4	3	16	20	23	18	14	10	11	11	7	11	16	2	6	1	2	52	52	50	48	50	48	43	36	0	1	0
04029	1191	21	13	7	9	11	7	5	4	53	53	59	47	36	36	31	25	22	26	29	7	5	2	3	94	88	82	84	91	89	74	73	2	2	1
04030	2068	33	15	16	20	24	17	17	13	68	59	71	60	46	47	44	30	35	45	42	12	11	5	3	195	167	168	172	168	168	152	129	5	5	6
04031	3006	26	18	15	14	15	21	12	13	47	47	61	50	45	41	42	25	26	22	25	8	6	4	8	319	310	303	298	303	305	290	274	7	4	2
04032	2403	30	18	20	17	28	18	16	12	97	86	102	78	66	69	67	46	40	59	53	10	10	7	12	201	190	175	181	184	180	168	150	3	6	4
04033	2449	31	21	19	18	20	13	11	11	114	110	115	105	73	72	70	56	52	79	78	10	9	7	9	178	173	175	170	170	169	155	139	4	6	7
04036	1431	14	8	11	10	11	8	10	8	48	43	48	38	27	30	35	20	25	29	27	7	10	4	8	130	124	117	119	121	119	111	102	1	5	3
04038	2565	34	13	21	17	19	16	15	13	94	83	90	75	51	57	61	44	35	47	38	6	5	3	9	238	221	211	217	215	218	205	184	2	6	2
05002	1352	22	7	9	6	23	9	7	5	46	40	49	39	26	24	27	22	24	37	37	2	4	2	5	136	112	114	106	111	110	97	90	0	2	2
05003	2676	47	29	58	29	40	29	37	31	151	151	163	143	124	100	136	91	52	86	71	3	5	3	8	146	134	136	130	138	135	127	126	5	8	4
05004	2909	35	22	22	19	29	16	22	16	178	170	196	158	138	126	150	100	67	97	90	7	7	5	7	169	156	147	142	156	151	150	139	8	6	8
05005	1686	32	15	20	19	21	19	12	11	77	62	68	64	52	50	48	32	35	37	41	7	4	3	10	136	127	116	112	119	117	111	96	4	5	4
05007	2435	44	35	38	33	41	30	35	28	82	78	92	74	55	52	58	35	28	39	40	1	2	2	5	207	190	182	185	195	180	188	169	4	4	4
05008	2806	28	26	38	22	27	20	34	19	136	130	136	126	111	103	112	85	38	64	61	5	4	5	9	190	184	185	183	187	176	177	163	9	6	7
05009	3143	59	39	48	32	47	38	37	32	143	139	156	143	125	117	135	84	46	77	72	10	16	8	9	210	198	185	182	199	186	179	168	5	14	5
05010	1097	13	11	9	10	20	5	8	7	47	44	48	47	39	29	32	34	21	24	32	2	6	1	3	83	79	75	77	81	79	66	60	3	2	0
05011	1019	14	9	10	9	13	5	8	5	62	58	57	55	51	45	51	34	14	21	17	2	2	2	2	66	63	58	55	58	54	57	55	3	3	1
05012	1083	20	10	12	13	14	6	9	7	44	40	46	41	31	32	32	24	27	20	22	7	4	4	3	97	78	77	73	78	79	64	58	3	6	2
05013	1726	25	13	12	17	20	13	8	8	68	60	78	66	50	50	46	34	30	38	37	7	7	3	4	151	131	130	121	128	128	120	104	4	10	5
05015	2151	30	20	30	21	28	21	24	19	103	85	103	86	83	74	72	46	35	47	51	9	14	7	12	153	148	140	136	141	139	134	128	3	5	4
05016	1798	32	7	10	12	20	15	10	10	81	73	83	74	46	51	43	40	37	51	50	7	7	1	6	147	141	126	126	124	130	120	109	1	6	2
05017	1283	20	14	7	11	19	9	13	4	64	49	58	51	45	39	41	28	27	33	33	5	4	6	3	106	92	88	90	86	87	76	70	3	1	1
05018	1360	22	12	22	13	21	13	22	9	78	73	80	75	65	50	66	41	23	43	39	4	9	5	6	75	73	69	68	73	70	72	63	2	2	2
05019	2644	49	43	65	39	45	36	41	33	123	116	125	122	119	91	107	81	41	65	51	3	2	4	7	161	160	149	149	159	153	151	134	7	9	4
05020	2967	51	28	33	32	38	25	35	19	111	106	118	104	74	65	89	51	51	63	52	10	13	12	10	237	223	225	224	226	215	212	193	7	8	7
05021	2493	32	20	26	23	29	19	26	16	144	142	146	130	123	106	125	84	39	67	65	6	4	4	3	142	134	141	139	145	136	129	119	10	11	8
05022	3111	32	21	30	18	29	14	20	15	98	85	95	79	75	62	69	48	27	42	42	4	6	5	10	291	279	274	265	284	277	254	238	6	8	9
05024	2729	42	39	45	31	39	28	37	29	164	151	160	151	135	105	131	88	48	84	71	5	4	2	5	153	146	140	136	145	136	137	128	4	6	4
05025	325	7	3	2	2	6	2	4	2	15	9	14	10	11	8	10	5	9	9	10	4	1	1	2	31	25	20	22	22	22	17	17	2	0	1
05027	2889	35	28	44	26	32	22	32	18	165	162	168	166	147	133	147	91	47	95	79	6	6	4	9	162	161	153	148	153	147	145	140	5	7	6
05030	1253	19	11	8	11	14	8	6	8	44	40	52	38	36	37	36	29	23	23	21	6	4	2	3	115	107	93	96	98	94	89	79	2	0	1
05033	1991	36	21	17	17	30	21	16	21	64	45	60	55	47	38	41	28	29	28	30	4	9	3	7	187	180	166	162	165	162	157	130	5	2	8
05034	3127	41	35	47	30	39	28	43	31	146	154	159	152	143	104	130	89	36	79	72	12	12	8	8	197	187	188	187	196	181	182	178	6	14	13
05035	2716	53	38	52	34	41	35	41	34	123	117	131	124	105	81	97	66	48	63	60	6	9	8	10	184	171	167	166	170	159	152	146	7	12	6
05039	2083	26	19	33	21	27	20	31	20	77	78	82	77	71	55	67	49	24	37	31	6	12	9	10	155	156	148	147	148	147	145	132	8	7	8
06001	2012	24	12	17	13	22	11	15	10	55	40	55	39	33	28	32	19	24	29	33	7	8	7	13	203	207	186	181	186	182	164	145	3	6	3
06002	2126	28	15	18	16	23	13	15	10	63	62	61	40	24	32	31	25	26	26	34	5	9	5	7	203	215	197	194	204	199	165	154	1	4	2
06003	1932	29	20	17	17	26	18	16	8	45	47	50	44	26	25	21	22	27	19	27	7	9	4	11	192	189	177	180	172	174	159	141	7	3	3
06004	1150	13	8	8	11	12	4	9	7	49	48	52	48	41	37	32	34	29	30	36	6	4	3	4	87	86	78	77	78	79	71	60	2	4	3
06005	882	14	8	8	13	16	5	10	6	30	32	28	31	27	32	24	19	18	13	18	4	2	3	3	70	77	65	59	63	67	60	50	1	5	1
06006	1838	31	13	16	8	22	8	17	12	51	43	59	45	25	34	34	26	35	27	32	6	5	3	6	180	187	151	152	153	158	152	132	5	4	6
06007	1367	19	12	15	14	25	14	15	13	41	41	41	38	28	31	27	14	23	29	29	4	5	4	4	124	129	100	107	108	112	99	91	3	7	1
06008	1930	24	8	7	13	16	10	10	8	55	45	56	45	34	26	34	18	33	30	36	5	6	5	4	187	185	177	174	172	179	160	158	5	2	3
06009	1176	16	9	9	13	19	10	10	4	40	36	33	41	27	31	23	22	19	15	27	4	4	3	9	100	106	90	88	90	97	88	81	2	7	3
06010	949	16	9	7	11	11	6	6	6	51	38	49	40	28	26	35	24	29	18	25	2	3	2	4	73	70	55	58	61	61	60	53	5	3	4
06011	1378	9	7	6	9	12	3	7	6	54	46	59	47	31	35	34	31	22	22	27	4	1	4	3	121	118	110	108	112	111	106	99	4	6	4
06012	1006	21	12	12	15	14	12	10	7	40	32	35	38	28	32	27	21	15	12	13	2	1	0	2	81	80	71	74	73	79	73	63	3	4	4
06013	1214	15	4	7	11	14	7	6	2	46	33	45	39	23	26	27	20	18	19	26	1	4	1	1	116	116	97	98	102	101	96	87	1	4	1
06014	1503	11	9	7	9	11	12	6	8	39	37	50	33	27	29	25	23	19	23	22	2	4	4	0	148	155	133	132	137	141	123	115	3	3	3
06015	1036	13	8	6	7	10	9	5	8	37	31	40	37	27	25	25	17	21	13	20	6	6	6	5	106	89	71	77	80	84	71	63	6	5	2
06016	2001	31	13	14	17	19	10	9	12	88	68	83	76	49	53	45	36	41	51	54	8	7	3	4	174	172	146	147	148	148	137	125	4	4	5
06017	858	10	7	6	8	8	9	4	2	27	24	29	19	18	20	14	11	15	15	15	3	3	1	3	82	79	73	70	69	73	68	66	5	1	1
06018	1288	12	1	5	8	12	4	7	8	27	28	34	31	27	20	15	19	19	12	17	4	4	3	5	128	125	120	122	122	117	110	114	4	4	0
06019	1168	16	2	6	6	13	2	4	4	38	32	46	42	27	31	29	25	23	17	20	2	0	1	1	108	104	97	95	96	100	93	81	1	5	1
06020	857	8	6	7	4	5	8	5	4	24	23	27	21	20	22	18	14	13	7	14	1	1	0	3	76	84	71	78	76	80	70	65	1	1	0
06021	47	1	1	1	1	1	2	1	1	0	1	0	1	0	0	0	0	0	0	0	1	0	0	0	5	4	5	4	4	4	4	4	1	0	0
06022	1096	12	13	13	15	19	13	13	10	33	32	36	35	28	27	30	25	22	19	19	11	9	11	10	86	88	76	74	69	77	76	62	11	13	9
06023	646	5	2	3	4	8	4	2	3	25	21	28	26	25	28	21	19	13	14	17	4	2	2	0	48	47	43	43	44	48	46	43	5	2	1
06024	713	11	8	6	7	8	8	4	4	29	23	23	32	23	22	20	21	12	17	14	7	3	3	2	54	63	48	53	46	51	44	45	2	0	0
06025	690	15	6	6	5	11	4	3	5	23	26	24	24	21	22	18	14	14	11	13	4	5	3	6	57	56	49	52	55	48	44	40	1	4	1
06026	906	19	8	6	9	14	10	8	11	29	28	34	32	23	24	21	18	18	17	24	3	1	2	4	74	71	66	66	72	64	64	60	2	3	1
06027	688	12	7	10	7	10	6	8	4	25	19	24	21	14	18	12	9	12	8	10	1	1	1	0	64	58	56	60	54	59	54	42	1	1	0
06028	681	8	7	4	8	8	5	3	3	27	21	25	25	20	16	14	13	11	10	13	4	4	3	1	60	59	52	53	54	54	49	42	3	1	1
06029	1827	23	9	12	13	18	8	9	6	52	51	61	46	34	41	38	29	32	25	26	5	5	4	2	170	174	161	154	160	159	151	141	5	2	1
06030	1172	10	4	8	12	13	5	6	5	43	35	56	36	33	24	29	18	24	25	21	5	7	3	8	103	101	93	93	90	96	86	73	3	2	2
06031	1954	32	12	15	15	18	15	10	12	57	47	67	48	32	36	38	27	37	35	37	4	2	7	2	182	187	161	165	165	165	160	147	5	7	5
06032	1476	21	10	9	12	19	9	8	8	37	33	45	34	26	27	24	16	17	21	22	4	5	2	4	147	152	128	129	131	135	121	110	4	2	4
06033	1504	15	9	7	14	13	6	12	6	52	51	54	45	31	34	33	26	24	29	26	7	4	5	6	142	146	117	118	125	128	114	98	1	1	5
06034	1809	29	18	13	15	29	10	16	12	62	48	57	50	35	33	37	24	25	28	34	9	8	1	7	157	160	152	149	151	155	140	128	5	5	7
06035	1732	20	11	14	15	16	11	9	9	53	43	56	48	35	42	31	32	31	27	27	3	6	4	9	160	161	138	136	143	155	139	127	8	8	5
06036	2016	32	14	19	20	26	16	15	12	50	44	60	39	20	24	24	18	18	16	34	8	7	3	8	205	207	182	177	190	188	173	153	4	8	2
06037	2020	33	18	18	18	21	13	12	8	59	47	68	54	36	39	42	29	29	24	31	9	5	8	10	185	193	171	169	178	171	160	145	3	11	3
06038	1972	24	11	6	8	17	9	13	12	75	67	80	59	36	48	46	31	30	38	27	3	7	4	1	182	174	162	162	168	162	157	138	4	10	1
06039	1142	20	6	9	10	8	7	10	3	41	36	40	36	27	32	28	21	18	21	26	3	4	1	4	98	103	88	90	89	93	85	77	4	3	1
06040	1335	20	6	11	15	15	9	7	3	42	29	47	37	21	28	20	20	23	20	18	5	2	3	2	127	135	114	108	115	116	107	100	3	4	3
06041	1781	35	14	17	17	22	18	15	14	71	67	65	62	32	38	35	32	32	28	35	4	6	4	2	158	157	139	137	135	139	128	111	3	6	3
06042	1450	14	10	9	11	13	9	9	8	45	44	50	45	36	27	32	26	27	25	30	4	2	2	5	134	134	116	116	123	120	113	105	1	2	3
06043	1439	17	8	9	10	11	10	10	8	47	46	44	39	23	28	33	29	24	21	22	5	4	1	3	137	139	118	121	127	125	112	99	5	2	2
06044	1715	19	6	10	12	16	8	8	3	62	53	71	56	37	30	29	20	33	48	44	5	9	4	7	155	164	140	143	150	150	118	99	3	1	2
06045	1940	27	6	6	13	16	7	6	7	62	51	67	54	42	41	34	29	38	32	36	5	7	5	3	184	181	168	166	164	173	153	141	6	8	2
06046	1111	15	7	5	10	15	8	4	8	41	37	43	40	21	18	25	21	34	22	26	3	3	6	6	103	101	85	76	82	85	76	66	6	8	5
06047	1109	16	7	12	9	12	5	11	4	41	39	45	36	28	26	26	17	17	16	24	2	5	0	3	95	102	88	90	87	90	80	69	3	2	2
06048	1401	16	8	3	6	15	7	8	8	52	49	48	51	25	32	31	16	28	23	28	7	5	4	6	128	136	110	111	118	114	107	94	2	4	1
07001	625	3	2	2	5	6	2	4	2	29	22	29	20	19	16	18	14	10	11	13	3	1	1	3	58	50	48	46	48	48	48	41	1	0	2
08001	1074	19	6	8	4	11	5	7	5	43	40	41	30	20	28	29	15	24	26	17	3	3	0	3	93	91	81	84	82	83	83	75	4	4	7
08002	1157	10	5	4	4	7	8	5	9	44	36	44	32	32	33	32	21	12	21	18	3	3	1	5	113	102	92	96	97	95	89	82	1	1	0
08003	2273	18	10	8	11	18	5	5	10	69	54	59	58	36	38	38	34	32	34	32	5	7	3	5	234	217	214	210	212	213	198	183	1	2	0
08004	799	7	2	3	5	6	3	4	2	25	25	31	24	17	21	20	18	16	9	9	1	1	1	2	82	71	68	66	69	65	63	57	2	3	1
08005	2017	30	11	15	15	16	11	5	8	52	44	52	39	26	29	32	22	24	31	30	5	7	2	4	211	207	188	187	191	183	170	158	6	3	3
08006	1695	23	6	9	10	13	4	9	9	51	42	57	48	32	36	36	25	24	25	25	5	4	7	7	173	154	146	142	144	150	142	127	3	5	2
08008	1929	28	13	19	16	17	13	12	7	59	58	66	51	35	39	42	29	29	34	31	4	2	2	2	178	173	166	167	166	164	153	143	4	4	3
08010	2480	31	17	19	15	30	20	14	15	60	50	63	51	29	33	33	28	31	35	35	7	7	3	5	257	242	231	218	236	236	216	200	5	4	4
08011	1044	8	4	7	6	11	5	4	6	37	34	36	36	24	22	15	18	12	16	23	5	2	4	3	99	92	87	87	88	90	81	74	4	3	1
08012	1543	20	16	16	16	14	11	9	11	43	37	53	43	33	32	31	26	26	19	25	7	2	6	4	142	134	128	123	132	131	131	106	7	5	4
08013	1614	21	5	10	11	23	13	10	10	57	53	64	45	34	36	39	24	37	23	29	4	7	4	10	153	142	127	127	126	132	123	106	3	4	2
08014	1039	19	9	12	14	15	12	8	8	49	32	44	41	30	24	26	21	25	21	35	6	4	4	7	79	81	63	68	67	76	69	62	4	3	1
08015	1487	26	8	8	11	21	6	13	10	49	43	53	43	28	27	29	25	28	29	28	4	5	1	1	143	132	127	124	117	124	114	101	3	4	2
08016	514	10	6	4	3	5	3	6	3	18	15	18	13	10	14	10	7	6	8	10	2	3	2	3	43	42	39	38	41	44	40	39	3	3	3
08018	1022	24	17	16	16	14	10	9	10	43	34	33	28	16	18	20	17	17	13	26	7	3	4	3	100	88	79	78	77	76	62	57	3	3	1
08019	2244	27	15	18	15	23	13	13	6	68	57	71	58	38	39	46	38	30	26	36	7	6	1	2	215	213	197	199	197	205	177	171	8	5	4
08020	1977	21	11	15	14	19	12	13	11	60	48	66	51	33	38	50	32	31	26	23	1	3	3	6	200	182	169	172	171	171	165	152	4	3	1
08021	1955	25	11	15	20	22	15	14	11	67	49	57	49	29	37	32	26	26	26	30	11	7	4	10	205	176	164	163	170	168	158	149	3	3	3
08022	1548	27	11	12	12	17	12	10	15	39	37	44	35	24	24	24	15	17	20	22	4	3	3	5	155	149	142	140	143	136	128	112	4	4	3
08023	1173	17	7	8	7	12	8	7	3	36	32	40	28	23	18	20	17	17	17	19	4	7	5	6	122	109	104	104	98	102	85	83	2	4	2
08024	1132	13	7	3	6	13	8	3	6	44	46	56	41	37	31	28	25	28	24	19	3	3	0	1	92	92	80	86	87	89	80	73	3	4	1
08025	1432	22	10	11	12	15	12	13	8	45	36	44	35	29	26	29	25	21	19	21	4	1	5	4	145	122	128	122	120	117	119	106	4	1	1
08026	1029	13	7	9	9	13	10	12	5	46	37	48	37	30	33	25	22	14	20	19	3	3	3	3	91	86	71	76	73	73	67	61	2	5	3
08027	476	3	1	0	0	2	1	0	1	12	8	12	9	5	6	4	2	5	7	6	2	1	0	2	50	48	49	48	47	52	47	44	1	1	0
08029	1822	17	6	6	13	18	5	9	6	53	57	55	53	35	43	43	36	31	26	19	4	6	2	3	180	165	158	164	161	162	143	136	3	2	2
08030	1752	26	12	7	8	17	8	8	12	58	49	59	50	28	44	46	31	36	30	34	7	7	6	4	170	156	145	141	139	148	127	120	6	8	5
08031	1163	21	9	11	9	12	6	8	6	35	32	34	29	22	22	28	16	17	14	15	4	2	1	2	118	105	100	99	101	96	92	92	2	2	1
08033	1124	18	5	11	7	14	7	10	8	24	17	30	25	15	17	14	15	10	10	18	2	2	2	4	121	109	101	107	100	104	94	90	4	6	3
08034	1541	20	7	11	6	13	4	4	3	35	31	31	29	24	21	20	13	15	21	29	4	4	6	3	178	157	148	146	141	144	135	121	6	8	3
08035	1996	23	18	10	13	18	13	8	13	54	43	57	41	39	42	37	27	30	23	28	8	4	5	9	199	183	178	168	178	183	169	155	8	7	5
08037	1509	21	15	10	12	19	12	9	5	43	37	44	34	24	25	33	23	30	36	47	7	6	2	8	135	134	128	125	130	124	117	101	3	5	5
08038	1096	14	7	6	10	10	10	3	4	31	29	32	29	22	18	18	26	23	19	19	6	3	2	1	114	92	92	93	92	94	86	82	4	2	3
08040	1419	23	8	10	14	17	9	11	10	39	36	41	34	22	27	22	15	23	26	26	1	2	1	4	137	139	128	121	127	122	107	109	2	3	3
08041	1655	37	14	19	21	24	14	13	10	45	46	54	45	40	40	33	37	29	21	31	0	5	3	6	156	140	129	132	137	131	120	117	3	3	0
08043	822	14	7	8	7	10	5	9	6	25	17	28	20	14	13	12	11	13	5	9	3	0	2	1	82	81	71	75	72	72	66	60	3	1	0
08044	1077	15	9	5	4	16	6	2	1	29	23	33	30	16	20	23	12	16	11	14	5	3	1	3	119	104	94	93	94	99	92	79	2	1	3
08045	1088	13	6	11	13	12	9	12	5	44	37	42	35	26	30	24	24	21	12	21	4	3	1	8	95	92	83	87	82	82	80	69	4	1	0
08047	1333	18	9	9	9	14	4	8	5	30	27	34	29	13	14	16	12	19	16	17	8	4	3	5	150	126	125	127	124	127	113	110	2	4	2
08048	1353	16	12	11	14	19	9	7	7	58	41	50	38	34	29	31	24	23	21	26	6	4	1	6	123	115	105	104	102	112	99	95	3	5	3
08049	1649	24	8	14	8	20	6	10	6	47	40	57	45	32	35	41	24	30	26	24	7	6	3	6	164	145	141	133	146	141	133	119	2	5	1
08050	1082	9	3	6	6	5	6	4	1	31	31	27	28	22	24	21	16	15	13	16	3	3	0	1	114	98	94	97	100	101	95	87	1	2	2
08051	1872	20	8	11	11	18	7	8	11	47	37	48	36	36	35	28	23	33	23	27	3	5	1	5	196	177	171	171	172	174	168	150	5	4	3
08052	2515	29	17	9	16	15	9	9	7	63	55	64	56	32	37	29	29	37	35	44	6	6	6	6	271	247	240	242	234	238	223	195	5	2	2
08054	1153	19	6	12	15	16	10	11	13	41	30	31	32	27	28	20	21	15	12	27	1	7	2	6	105	103	91	88	94	100	83	74	2	7	4
08055	1687	21	12	14	12	23	10	6	10	37	29	33	26	16	16	16	12	16	12	23	4	5	3	5	195	172	167	161	162	167	149	140	6	3	4
08056	1896	21	5	9	13	14	10	13	10	51	52	63	43	32	36	38	25	33	30	38	4	4	6	3	194	179	164	160	170	162	156	143	4	7	4
09012	1780	18	7	9	12	18	11	7	6	38	32	43	30	18	26	28	22	20	14	21	2	2	1	3	186	188	173	166	173	174	164	154	5	6	3
09023	1849	27	15	10	7	11	10	10	11	39	47	52	41	31	41	34	33	30	24	24	2	4	5	4	190	177	171	166	166	167	152	139	2	4	3
09024	1710	20	13	8	14	14	13	9	11	47	44	56	42	33	37	39	23	24	25	25	2	5	4	9	165	155	143	146	149	154	144	130	3	3	1
09025	1688	22	15	8	9	13	12	13	10	65	52	53	50	38	47	39	30	21	24	25	5	3	2	3	166	150	138	136	136	137	131	120	3	7	5
09036	1164	19	11	12	13	22	9	9	7	43	31	44	26	26	25	24	17	17	19	21	6	3	2	3	122	101	84	84	95	98	83	76	3	5	4
09042	1867	20	13	11	12	22	7	7	7	67	54	62	49	39	45	45	32	35	31	29	10	7	3	5	173	175	150	152	157	161	140	135	3	7	2
09047	1882	21	10	12	13	21	8	13	14	48	45	54	47	34	37	34	26	24	21	21	3	2	1	6	182	181	176	164	176	168	163	148	3	2	4
09048	1661	19	9	13	13	12	9	7	7	49	31	44	34	28	31	37	25	29	21	19	3	4	3	6	170	166	150	144	148	149	142	130	1	5	3
09049	1826	23	12	4	10	13	13	5	6	63	53	68	51	34	38	43	28	29	36	35	5	4	5	4	179	168	159	150	151	160	139	128	3	6	1
09050	2607	25	10	8	14	23	11	11	8	75	73	81	67	47	49	39	36	44	38	39	5	5	4	5	249	251	232	231	237	238	232	197	9	8	6
09051	1782	23	15	15	16	23	10	9	13	60	47	53	39	23	29	29	25	27	36	38	3	5	5	5	172	170	155	150	153	157	148	122	3	1	3
13019	1724	30	15	28	14	28	7	10	9	111	126	131	123	101	101	95	80	47	65	71	10	9	8	9	73	61	57	58	65	57	61	48	5	7	4
13041	302	2	2	4	2	4	3	2	1	17	19	18	13	12	10	7	9	8	12	12	0	1	0	2	23	17	16	20	15	16	17	16	0	2	0
16006	0	0	0	0	0	0	0	0	0	0	0	0	0	0	0	0	0	0	0	0	0	0	0	0	0	0	0	0	0	0	0	0	0	0	0
16009	907	11	5	7	10	12	7	3	5	34	27	35	27	20	12	22	11	18	18	24	4	4	2	7	88	80	78	74	70	73	61	54	1	2	1
16027	209	2	0	0	1	4	1	2	0	10	8	11	9	8	10	7	4	6	4	5	1	0	0	1	17	16	14	15	12	14	13	11	1	1	1
16028	741	7	7	8	7	20	6	10	7	32	27	26	23	13	18	17	13	13	12	18	8	5	2	6	59	59	51	52	48	58	54	40	7	4	4
16030	556	10	7	4	12	10	4	4	3	22	21	20	17	11	9	10	7	9	8	7	5	3	1	3	56	44	43	44	40	47	38	30	3	3	1
16031	236	5	3	4	0	5	1	2	1	8	8	10	9	6	4	4	4	4	3	3	1	1	0	0	22	17	17	20	17	20	19	18	0	0	0
16034	209	4	0	1	0	2	1	0	4	6	4	6	4	2	1	0	1	4	4	5	0	0	1	1	21	19	19	20	19	21	20	15	2	1	1
17001	1353	9	7	8	13	14	4	11	3	67	78	79	77	64	63	63	43	42	48	55	4	2	4	7	81	72	71	70	75	73	66	65	6	4	5
17002	1153	25	5	8	17	12	8	7	15	44	24	45	29	19	23	24	17	23	18	19	5	5	5	2	113	106	92	94	90	95	84	73	5	1	1
17003	1220	22	13	12	16	16	8	9	10	41	36	47	34	21	25	24	22	26	23	27	3	4	4	8	106	100	94	94	98	98	88	80	3	4	4
17004	1675	31	10	5	20	18	14	10	14	55	47	72	42	35	34	41	30	32	23	25	10	2	7	5	153	148	134	127	132	149	125	115	3	3	4
17005	843	11	8	3	7	14	11	9	7	37	29	34	26	19	18	13	13	15	15	20	2	3	1	3	74	73	62	67	67	71	59	49	0	2	1
17006	873	9	2	5	7	7	1	4	2	36	32	35	33	21	25	22	18	15	16	22	4	3	4	6	75	64	68	70	66	70	65	60	0	4	2
17008	881	7	6	5	8	8	5	5	4	32	32	34	34	26	21	19	17	13	18	19	3	1	4	6	83	73	65	69	67	70	63	59	2	2	1
17009	985	19	6	5	16	12	10	12	6	40	31	38	30	22	25	25	17	21	19	17	5	6	4	3	90	81	67	72	73	84	68	57	1	1	2
17010	1640	24	17	14	15	18	15	13	14	51	43	48	46	32	37	40	31	24	25	29	8	8	6	7	152	139	131	133	137	139	123	109	8	1	3
17011	862	14	6	8	11	10	5	3	8	36	29	36	25	17	22	17	17	11	11	14	3	7	3	8	82	67	67	67	64	69	61	51	4	5	4
17012	213	7	3	3	0	5	3	1	2	11	12	14	11	11	8	8	6	5	3	4	1	1	0	2	13	11	11	10	13	10	8	9	2	3	2
17013	0	0	0	0	0	0	0	0	0	0	0	0	0	0	0	0	0	0	0	0	0	0	0	0	0	0	0	0	0	0	0	0	0	0	0
17015	1353	32	10	10	24	13	11	11	21	57	36	59	40	31	28	30	18	20	21	20	9	7	3	7	127	117	99	98	99	111	94	82	2	3	3
17016	897	11	6	8	8	9	8	5	6	54	50	54	55	33	37	32	33	28	20	34	1	5	0	6	60	53	47	47	46	47	48	41	1	2	2
17017	1137	18	6	10	10	13	6	5	1	48	45	47	45	35	26	29	29	26	21	27	9	8	4	6	100	89	79	85	79	82	76	60	4	6	3
17018	1558	31	9	10	25	11	8	11	20	59	38	67	38	28	29	29	19	24	25	21	7	4	3	6	152	146	124	125	124	132	117	106	4	3	3
17020	1878	37	10	19	27	20	9	8	17	66	45	70	49	34	31	27	30	29	25	27	6	3	3	8	190	179	153	151	156	171	143	123	4	3	5
17021	2044	34	10	19	20	20	13	15	15	62	44	78	47	41	41	45	33	30	33	38	4	4	5	4	190	187	167	169	172	187	161	143	3	6	4
17022	1097	19	10	10	18	14	16	11	13	47	35	42	37	20	20	20	16	21	19	19	3	6	6	5	102	93	84	84	76	94	68	58	4	6	1
17023	844	16	4	4	7	9	6	3	5	27	29	27	18	21	13	13	15	17	15	13	6	5	2	1	79	80	69	74	66	73	64	56	3	2	2
17024	1436	25	7	7	15	15	9	4	14	50	40	57	45	32	32	31	24	16	15	30	1	6	7	2	142	133	116	115	118	127	104	90	2	4	1
17025	965	12	7	11	12	18	4	10	7	38	34	42	32	20	23	17	19	19	17	19	3	7	6	6	82	77	71	69	74	73	66	62	4	1	3
17026	1507	27	14	10	12	16	11	12	10	58	45	57	46	29	34	28	25	33	21	28	7	7	3	6	140	121	117	120	118	123	112	100	8	6	3
17027	1226	28	10	12	22	18	12	7	22	45	35	55	32	24	20	17	17	14	14	21	2	3	7	5	118	107	90	91	95	115	81	70	8	5	4
17028	958	15	1	3	10	7	3	0	7	29	25	40	19	18	21	21	19	17	8	12	2	4	2	2	95	91	80	83	83	91	75	67	2	5	1
17029	973	21	6	6	15	11	6	8	13	39	30	45	29	17	16	16	12	15	30	25	3	2	5	2	87	85	73	74	73	83	63	58	0	1	4
17030	974	7	9	11	5	14	10	8	6	60	68	58	59	46	43	41	36	22	28	41	4	7	9	6	57	47	43	47	46	47	42	40	2	3	2
17032	930	15	5	3	11	11	4	6	9	34	25	37	24	29	21	21	16	21	15	18	6	6	7	5	87	73	69	70	69	80	62	60	2	3	6
17033	103	2	0	0	1	0	0	0	0	6	3	5	3	5	2	4	0	3	2	5	0	0	1	0	11	8	9	8	6	5	8	5	1	0	0
17034	757	13	5	4	13	9	8	5	6	22	16	24	20	15	8	11	6	14	16	14	4	6	5	5	68	69	67	64	67	67	55	48	1	1	1
17035	308	5	3	1	5	4	4	2	4	11	8	11	7	7	5	4	7	2	3	4	0	1	0	1	30	27	26	27	26	28	24	21	0	0	0
17036	922	17	7	8	8	18	6	7	8	37	34	39	33	22	27	20	18	16	16	19	2	3	2	6	81	68	68	65	64	71	65	57	2	3	5
17037	1281	28	12	7	21	22	10	7	17	40	36	36	39	20	23	22	16	23	10	21	0	4	4	8	130	117	101	103	101	117	88	84	6	6	2
17038	1277	18	4	5	15	12	5	5	15	45	38	56	41	27	28	30	23	17	22	25	4	6	2	4	126	113	98	100	101	110	94	79	2	3	4
17039	1338	29	7	10	23	23	8	6	19	54	36	49	37	25	23	27	19	17	15	23	6	5	3	6	127	114	108	103	106	116	95	76	6	6	11
17040	1654	31	8	10	23	16	7	7	24	50	30	50	34	26	23	24	19	25	18	26	5	5	2	1	167	159	141	142	144	168	136	127	2	3	1
17041	1792	27	9	11	21	12	11	10	21	67	47	66	41	31	30	33	22	21	28	26	5	4	3	1	180	168	150	153	149	162	143	125	4	6	5
18001	1317	19	8	8	18	10	11	9	6	60	54	59	53	39	36	36	22	31	25	34	7	8	5	8	102	98	93	93	96	96	87	75	3	5	3
18002	1211	16	8	11	7	8	7	10	5	72	80	80	75	52	48	52	46	34	48	45	5	2	3	7	68	62	58	62	58	60	57	53	5	4	3
18003	1103	18	11	12	11	14	7	16	11	53	51	51	49	39	37	43	32	21	19	31	13	10	11	12	69	65	65	64	66	64	59	47	10	9	13
18004	1840	26	14	14	9	23	11	11	10	58	47	63	45	34	36	40	33	29	29	29	6	5	7	5	171	160	156	154	157	155	151	136	5	4	7
18005	894	15	5	9	12	13	5	6	5	45	38	39	32	24	26	22	19	22	19	24	3	3	1	2	76	65	64	64	60	67	56	45	5	1	2
18006	1351	11	7	7	10	10	11	7	5	46	57	55	55	39	39	47	35	25	29	24	6	7	5	10	108	96	94	98	99	99	96	85	8	10	11
18007	1356	16	10	9	7	9	9	8	5	55	49	56	46	35	33	41	31	25	23	25	8	7	4	7	119	112	106	103	101	111	96	82	5	2	1
18008	1680	19	14	6	14	17	10	8	8	62	50	66	47	32	39	38	34	28	28	37	7	5	2	3	150	143	137	136	142	143	128	117	5	4	1
18009	1640	18	13	11	11	17	10	10	7	45	35	49	36	21	26	27	22	25	24	22	2	6	3	5	168	154	148	156	149	144	142	123	5	3	3
18010	2542	22	15	17	17	22	11	18	15	84	75	92	77	44	51	36	47	47	50	59	4	10	6	6	237	227	219	209	212	219	194	185	7	3	5
18011	1251	13	6	8	6	9	4	6	5	61	62	66	62	55	43	49	45	32	29	36	4	6	6	3	95	79	73	83	79	75	75	64	6	4	2
18012	1304	17	14	9	11	22	9	10	15	42	36	44	35	19	20	18	16	17	26	34	9	9	7	7	122	115	108	110	114	116	85	81	3	2	2
18013	1671	12	9	10	9	18	6	9	8	50	46	54	50	26	31	26	24	20	28	30	5	3	6	2	166	155	144	149	153	147	136	128	3	3	5
18014	1677	21	10	15	8	7	9	6	5	58	48	56	46	38	45	41	39	35	30	30	4	3	4	3	159	147	140	137	142	143	125	117	3	2	1
18015	61	1	0	0	0	1	1	0	0	1	5	5	3	3	4	4	2	3	2	2	1	0	0	0	4	3	2	2	3	2	2	2	1	1	1
18016	1503	23	10	11	14	14	10	7	9	38	36	56	38	25	25	28	22	22	21	23	4	5	3	5	146	138	131	129	135	135	125	106	3	4	2
18017	1563	16	9	10	13	14	8	18	11	66	69	74	61	52	45	51	41	31	35	43	2	3	2	4	121	110	107	108	114	114	107	95	3	4	2
18018	1364	23	13	11	13	14	12	7	6	28	33	37	32	28	28	23	19	20	19	20	3	6	6	1	136	131	119	116	120	123	102	102	5	5	3
18019	1372	23	8	8	11	13	7	5	6	34	28	29	28	19	24	20	16	14	15	18	3	4	4	4	139	134	133	128	130	133	122	108	1	2	1
18020	1148	25	9	13	13	16	10	12	11	28	27	32	27	14	14	10	10	12	16	17	5	4	5	8	112	110	102	99	101	99	89	81	5	7	5
18021	2050	20	11	14	15	23	11	11	11	68	63	64	56	44	47	52	39	36	36	35	8	7	6	5	192	187	164	169	174	171	156	144	4	4	3
18022	1926	25	15	15	15	22	10	9	6	55	47	61	48	31	36	31	24	30	32	29	5	4	2	4	192	170	167	166	177	175	154	146	7	7	9
18023	1432	15	6	5	11	8	6	11	5	67	62	70	70	49	50	45	43	23	31	27	3	7	6	7	117	100	100	102	101	100	94	86	1	2	2
18026	2202	23	15	14	19	24	14	13	10	60	47	73	43	38	44	38	31	24	27	27	5	7	6	6	217	207	201	197	200	211	186	162	5	3	5
18027	1390	14	9	10	14	8	9	4	9	57	56	72	54	36	41	41	35	30	40	32	7	8	4	2	113	102	99	102	96	100	88	85	5	3	5
18028	1339	21	14	14	14	14	11	14	7	59	68	71	66	57	52	49	39	29	28	33	8	6	8	11	83	80	78	82	79	79	76	69	9	7	4
18029	1715	20	16	10	12	12	7	11	8	72	67	77	70	61	55	55	37	32	32	30	6	7	4	12	143	129	128	127	121	120	118	106	4	5	1
18031	1732	14	11	10	12	20	14	10	12	67	76	75	68	58	50	49	35	27	34	39	7	7	7	8	132	131	124	126	131	125	122	113	6	8	4
18032	1758	27	8	16	9	18	15	12	14	57	52	60	49	34	38	30	22	31	32	31	9	4	4	8	162	155	145	147	144	154	134	117	8	9	3
18033	1120	22	10	12	14	20	10	8	11	46	32	43	40	24	30	27	27	18	17	22	3	4	2	4	102	90	83	79	85	81	83	68	1	1	1
18034	2155	17	5	8	14	21	12	13	8	45	46	54	36	25	31	21	20	26	28	29	5	10	5	4	229	217	209	202	216	215	187	179	9	5	4
18035	2012	20	15	12	13	20	7	14	9	49	50	55	41	40	38	45	31	17	19	25	8	4	4	8	197	195	183	184	182	188	169	155	5	8	2
18036	1448	16	8	12	9	19	13	14	7	59	61	55	62	41	45	41	41	24	26	32	7	7	2	7	117	109	100	107	103	105	100	83	3	7	6
18037	2042	32	15	17	19	26	9	13	9	68	69	77	61	41	53	55	35	37	52	43	4	0	3	6	186	171	157	157	159	160	153	139	6	5	5
18038	1471	18	11	11	14	20	9	5	4	47	41	46	32	32	32	25	30	18	19	27	7	8	5	5	147	135	123	125	121	127	116	105	2	2	2
18039	1057	16	8	9	10	9	5	8	8	33	36	32	40	27	23	32	26	18	24	26	1	6	1	5	93	87	78	84	81	79	75	67	4	4	2
18041	1925	21	14	19	19	30	13	16	15	54	53	54	44	23	32	38	25	32	28	34	8	3	4	7	199	179	161	163	166	168	154	138	4	3	4
18042	1201	13	9	14	5	14	3	10	6	52	52	55	44	39	37	32	27	15	26	28	3	2	1	3	100	91	89	90	86	89	83	76	3	3	1
18044	1228	18	11	10	15	14	9	13	16	56	59	58	60	43	44	35	35	23	31	38	4	9	2	7	77	74	71	82	78	76	75	64	8	7	6
18045	1201	17	9	11	6	16	9	11	6	59	65	59	62	46	46	47	44	24	34	36	9	9	4	8	75	78	65	69	72	71	65	55	4	4	6
18047	1061	15	6	9	10	17	9	8	5	50	40	55	44	28	37	25	19	22	28	26	5	4	3	1	89	80	72	78	72	74	66	56	2	3	3
18048	994	18	11	10	11	13	8	15	6	32	28	33	23	21	17	22	15	8	15	14	3	7	2	3	96	86	80	78	81	81	78	66	2	5	6
18049	869	8	5	3	3	3	1	5	2	34	30	32	28	21	23	18	12	19	19	19	6	3	1	3	79	73	75	71	75	72	61	62	1	1	1
18050	957	12	4	6	6	17	5	7	3	51	46	52	52	35	33	37	26	19	18	23	5	5	3	5	64	65	55	61	57	61	62	50	6	4	2
19002	2582	28	12	15	12	21	9	12	14	74	64	74	61	47	52	62	38	37	33	40	2	4	3	5	250	236	233	229	229	234	222	212	5	8	5
19005	1684	14	8	10	9	11	12	13	9	52	53	61	55	46	41	44	30	26	28	28	5	3	5	6	147	141	136	135	142	136	135	117	6	10	10
19010	293	5	4	3	3	2	2	2	2	4	6	6	6	7	5	5	5	1	1	3	0	0	0	0	28	28	27	28	26	25	25	25	3	3	3
19011	105	2	1	1	1	1	0	1	0	2	2	3	2	4	2	3	2	3	2	2	4	2	1	1	8	8	8	8	8	8	5	5	1	2	2
19013	2466	37	19	24	20	25	20	21	14	91	75	102	77	64	66	60	43	46	46	48	4	4	2	4	218	211	187	190	200	196	175	160	5	9	3
19014	2095	18	17	15	15	15	16	12	14	59	59	69	60	37	42	42	40	18	27	20	4	3	4	5	192	186	181	189	195	188	164	162	11	9	7
19020	2051	20	14	14	17	19	11	11	13	55	57	60	42	28	28	39	28	37	28	35	9	7	5	9	207	185	173	182	184	179	170	157	12	8	8
19025	531	5	3	5	2	6	0	1	0	27	23	26	21	18	17	18	10	8	9	9	1	2	4	2	39	39	41	37	37	38	36	33	4	5	5
19027	2271	34	19	31	14	24	15	27	15	82	84	93	84	64	60	70	42	36	43	46	8	15	7	10	173	168	166	166	170	162	160	146	10	12	15
19028	2284	35	10	19	16	27	14	13	15	72	69	82	65	46	53	58	44	29	27	32	8	10	8	11	213	201	186	187	192	188	179	157	6	7	5
19031	1949	18	15	18	15	15	14	14	16	68	70	69	65	48	42	45	31	24	37	36	8	8	5	10	164	153	153	154	166	149	147	136	10	13	13
19036	2572	36	17	20	19	27	13	16	20	103	92	113	88	64	81	80	52	51	52	51	9	12	7	10	205	195	178	179	194	195	189	170	9	17	8
19037	2395	30	18	25	21	21	23	22	20	99	101	112	95	71	63	67	56	33	50	50	3	5	4	7	189	177	168	174	180	172	167	158	4	6	4
19038	1787	20	12	11	16	18	10	16	11	67	71	79	65	47	54	48	36	26	41	33	7	4	8	3	138	139	135	130	138	135	129	120	7	6	7
19039	655	4	1	3	3	5	4	7	5	25	22	25	23	13	18	18	12	12	6	14	2	2	2	1	62	56	53	54	55	51	48	44	1	2	2
19040	2223	28	17	20	21	24	19	18	14	76	82	91	87	62	60	54	44	26	38	44	10	10	10	10	178	177	163	167	177	164	153	135	14	16	14
19042	1702	18	6	13	6	10	9	15	10	51	42	54	45	34	31	36	26	29	30	21	8	9	7	10	162	146	148	146	149	144	133	123	11	10	10
19043	2676	37	22	22	21	23	16	17	14	76	62	78	57	33	51	48	37	44	32	37	5	10	6	8	261	253	240	237	244	244	223	207	3	5	3
19047	3154	35	17	21	25	28	18	15	15	103	87	108	79	63	73	61	50	52	63	52	17	13	14	12	293	270	269	273	273	257	240	231	9	7	11
19048	2073	27	17	12	20	26	16	16	13	75	63	76	55	40	42	51	38	38	47	46	10	7	5	9	186	173	164	167	159	175	149	132	5	8	6
19049	2523	37	17	19	13	24	16	10	12	82	74	82	75	53	47	52	31	41	41	38	11	16	8	14	232	229	214	201	226	216	202	171	4	8	7
19057	197	2	3	3	2	2	3	3	2	4	4	6	4	5	2	4	2	2	3	3	2	2	2	2	18	15	15	14	15	14	14	14	4	4	3
20001	1489	22	7	10	7	16	13	11	8	71	51	61	50	34	38	40	26	28	37	40	9	12	5	4	128	121	109	109	108	121	99	89	1	1	3
20003	1267	9	11	5	11	6	7	4	5	52	35	45	35	29	30	32	18	25	23	22	4	3	4	4	121	112	102	108	109	109	96	85	2	3	1
20005	1892	25	14	11	13	24	8	14	12	103	79	107	84	52	51	60	50	51	48	52	6	8	6	7	144	133	121	125	129	130	117	99	3	4	2
20007	1342	19	8	13	12	19	7	12	5	80	51	60	53	29	41	37	27	32	27	33	3	11	5	8	115	99	83	87	95	99	84	77	3	6	2
20008	1265	23	5	6	10	17	7	8	8	44	21	33	24	23	15	18	18	14	13	17	3	5	3	6	133	130	116	115	112	115	104	93	3	1	2
20009	2494	39	21	22	22	30	25	18	21	99	75	94	74	63	59	64	42	47	45	45	8	3	3	6	218	202	189	193	205	197	173	169	13	9	1
20010	918	13	7	6	11	11	11	5	9	45	29	35	29	21	17	20	10	18	14	16	4	3	3	1	92	75	69	74	72	67	64	63	1	3	0
20011	1293	15	4	8	7	10	8	2	3	60	42	60	45	36	34	31	24	31	29	25	2	4	2	6	114	100	101	100	98	99	95	87	4	6	1
20012	964	8	7	6	8	14	4	7	2	42	32	40	31	27	25	24	18	11	16	15	3	2	4	3	92	81	78	74	73	82	72	59	0	1	3
20013	1353	33	9	12	20	21	10	11	17	59	35	53	40	31	26	31	24	19	16	31	5	9	9	13	126	107	105	103	91	97	92	83	5	5	5
20014	811	7	4	10	8	9	6	8	6	38	31	39	36	29	24	25	26	17	24	18	0	2	3	2	62	58	51	55	56	59	50	46	2	0	0
20016	1941	27	26	20	25	23	18	22	15	106	87	92	88	78	69	73	52	48	47	49	10	9	10	9	135	130	112	116	114	116	106	90	4	10	5
20018	876	9	3	5	3	8	2	4	2	34	20	29	22	15	20	16	6	17	9	11	5	2	8	2	87	84	76	76	80	84	72	61	2	1	1
20019	1364	28	8	17	15	23	11	14	13	60	49	62	54	33	33	29	27	39	30	36	6	8	6	3	103	98	95	97	96	99	84	74	3	9	2
20022	2174	25	12	20	11	18	14	12	8	99	76	97	76	67	66	67	44	42	42	41	9	11	3	7	177	171	158	161	167	167	152	141	4	5	4
20023	1089	16	9	12	13	16	12	8	7	54	40	54	41	31	33	30	23	21	26	22	1	4	2	4	93	81	78	69	77	77	65	63	2	5	0
20024	1967	17	14	17	11	21	17	16	12	129	108	112	101	90	84	82	60	38	49	48	8	6	6	10	130	121	112	115	112	105	103	92	7	9	5
20026	1619	32	17	22	17	22	21	12	15	96	74	88	68	63	58	52	46	31	36	40	5	3	5	6	118	105	94	100	94	101	91	78	4	2	3
20027	538	11	5	7	7	10	7	9	2	24	15	20	22	8	14	7	5	13	13	12	3	4	0	3	49	43	37	42	35	44	33	31	0	1	2
20028	763	8	5	3	4	10	5	5	4	28	15	23	17	9	11	6	7	11	14	11	2	5	1	3	77	76	72	71	68	69	61	53	5	4	0
20029	1582	18	13	15	7	14	16	5	5	73	45	66	50	39	42	43	33	36	27	35	5	5	6	6	139	128	118	121	121	123	114	94	7	8	5
20030	220	2	2	1	4	1	2	2	2	11	7	6	10	5	7	3	7	6	3	5	0	1	0	0	18	17	18	20	16	14	16	13	1	0	0
20031	616	10	2	4	6	4	2	3	4	30	26	32	26	17	23	20	17	9	10	12	3	2	1	0	48	45	43	42	41	44	44	41	0	2	3
20033	953	9	7	3	8	11	6	3	3	45	36	45	35	19	23	21	17	22	22	28	4	4	1	4	78	74	77	74	76	76	60	59	1	2	0
20034	2557	34	22	30	20	26	20	23	12	182	166	185	165	162	140	154	108	65	87	70	6	7	2	7	126	110	96	104	111	107	105	95	4	5	1
20035	704	9	9	5	7	13	8	2	5	33	31	27	34	23	23	17	17	10	13	11	5	2	6	1	68	46	47	55	41	44	44	39	3	2	4
20037	338	6	1	1	2	2	1	2	1	17	7	11	7	7	5	8	3	6	5	4	0	1	0	3	33	30	28	29	29	32	28	25	2	1	1
21001	1808	20	9	11	9	18	12	12	8	57	49	61	45	39	35	35	27	39	34	32	2	5	4	2	173	164	150	150	155	160	146	133	4	5	3
21002	1101	19	7	10	8	17	6	9	4	36	37	42	39	31	23	25	21	19	15	19	9	6	6	3	98	91	81	86	90	82	80	70	1	6	5
21003	1793	26	10	15	12	18	14	17	16	51	54	65	52	31	32	40	26	29	34	31	4	5	3	6	171	162	146	156	149	147	138	122	4	5	2
21004	1398	26	12	15	17	27	8	16	10	47	38	49	36	23	28	28	21	21	29	28	4	5	2	2	133	117	115	112	107	115	104	95	1	5	2
21005	1962	29	11	14	15	32	15	10	10	71	62	77	55	38	48	39	27	26	40	40	2	7	5	11	182	171	157	154	160	164	146	126	5	7	6
21006	1411	19	9	7	10	15	6	6	12	32	24	35	30	21	22	21	17	16	16	19	8	8	3	3	141	132	131	133	129	135	125	118	2	1	5
21007	1772	26	17	12	20	28	14	12	16	56	41	53	39	35	30	33	28	30	26	30	7	5	6	6	169	154	150	152	146	151	140	125	7	5	3
21008	1543	26	12	10	12	17	10	10	12	43	37	41	26	22	28	17	15	25	14	23	7	6	3	4	153	149	132	135	134	148	137	119	5	5	6
21009	1774	22	13	11	13	18	7	9	9	51	41	48	49	37	34	31	24	25	31	24	9	6	7	7	179	160	158	158	151	158	143	128	4	5	4
21010	1297	19	7	10	10	22	10	12	13	38	31	41	23	21	18	18	16	13	14	22	2	1	1	1	132	123	117	120	115	116	107	99	3	1	1
21011	1404	20	13	16	17	19	11	12	15	41	36	41	41	27	22	29	19	19	17	19	6	4	3	3	139	121	117	114	117	120	113	100	2	6	5
21012	1383	24	15	11	18	25	11	12	6	46	53	50	45	37	34	35	24	26	21	29	6	4	1	6	117	110	100	106	105	104	106	90	3	2	1
21013	1363	23	12	13	13	20	16	10	17	45	38	51	51	30	31	30	32	22	19	28	2	7	5	8	122	108	103	104	109	110	92	84	0	5	3
21014	1763	28	13	17	19	19	19	13	17	50	49	52	45	34	39	34	28	26	29	22	3	5	4	6	163	147	148	149	150	152	139	129	5	6	4
21015	1368	20	13	8	17	21	13	12	12	45	39	49	39	26	30	28	24	26	22	29	5	3	8	5	125	114	112	119	109	109	92	84	5	4	1
21016	1332	20	11	13	16	20	10	11	12	46	31	41	36	30	29	27	17	16	20	23	6	8	8	4	129	108	107	110	110	105	102	95	4	3	4
21017	1240	13	10	8	11	10	9	7	5	38	46	42	32	29	29	29	21	18	16	16	9	7	5	8	116	105	102	104	102	108	95	82	6	1	1
21018	1713	18	8	6	11	18	8	8	10	57	40	54	52	29	34	29	28	31	29	25	6	11	8	8	169	152	151	144	144	154	133	123	8	4	3
21019	1649	20	17	19	15	16	11	12	12	59	38	61	44	29	31	32	28	30	28	36	5	3	4	3	151	142	137	138	138	142	126	115	2	4	1
21020	1350	21	12	8	11	24	7	12	11	46	45	48	37	24	28	33	26	22	26	30	3	10	4	5	122	117	107	102	100	108	93	91	7	6	4
21021	1202	26	10	9	15	9	7	7	8	36	24	37	27	18	21	24	18	16	16	19	6	6	3	6	115	108	104	105	104	101	92	89	6	4	6
21022	1370	16	11	11	9	10	8	8	3	46	34	43	35	24	20	23	15	16	23	18	7	3	7	5	132	124	120	124	122	119	119	109	1	3	2
21023	1404	10	6	8	7	11	5	7	6	31	30	43	35	24	20	26	20	27	25	21	4	7	4	5	142	130	127	129	128	132	116	108	2	4	4
21024	1733	18	9	8	10	23	7	7	9	58	48	65	54	41	36	39	32	28	26	24	3	4	4	5	168	154	148	144	144	145	139	122	4	5	2
21025	1491	20	18	10	13	20	11	14	8	47	42	51	40	30	27	25	21	26	27	30	4	4	2	5	138	131	122	122	124	127	117	102	5	5	3
21026	1196	15	7	9	10	17	10	3	4	45	46	46	41	35	36	32	28	23	22	28	5	1	4	6	105	90	87	87	89	94	87	70	6	6	2
21027	1601	24	10	6	9	18	9	9	10	59	55	66	48	34	37	39	23	36	39	39	6	3	1	6	136	133	129	132	125	126	124	104	4	2	0
21028	1671	21	15	13	17	20	12	15	8	53	49	54	49	39	32	32	32	27	19	22	5	1	3	5	161	150	136	139	141	143	132	119	3	2	2
21029	1930	28	17	17	23	22	17	13	10	54	49	63	52	28	35	39	21	30	28	31	6	9	8	5	197	179	170	161	162	170	141	131	5	5	4
21030	1099	21	14	13	13	19	9	11	6	36	27	30	28	21	18	21	15	14	19	17	6	5	1	3	106	97	88	91	92	90	88	75	2	3	0
21031	1283	15	6	9	12	11	10	9	10	30	25	40	28	16	21	21	16	14	13	16	0	2	4	6	134	128	118	117	115	115	106	99	5	7	5
21032	1418	21	8	13	13	18	9	7	5	47	40	50	39	23	30	26	25	31	28	25	6	3	2	2	138	120	114	115	117	119	113	100	3	5	3
21033	1452	26	11	14	11	20	13	13	11	45	30	46	33	26	30	25	23	23	14	20	9	6	4	8	141	133	116	137	121	126	111	95	5	3	3
21034	1230	25	8	15	8	20	15	7	8	39	38	50	35	26	30	25	23	23	21	28	6	3	5	3	113	102	91	96	91	99	89	78	5	0	5
21035	1894	28	15	17	22	20	14	13	12	39	43	51	44	30	31	34	23	18	26	31	7	10	7	6	190	179	168	164	167	168	154	146	6	7	4
21036	1505	14	12	16	15	21	7	8	6	51	44	51	42	27	32	30	21	27	19	25	2	3	6	5	145	137	128	122	124	135	110	108	4	3	5
21037	1092	15	3	8	9	12	3	6	5	37	34	35	28	20	27	23	26	23	15	17	4	5	9	3	103	97	85	86	89	92	88	80	1	3	1
21038	1338	18	6	6	10	16	7	8	5	62	52	64	52	44	37	33	35	29	29	24	16	9	6	7	111	99	94	100	93	97	86	74	5	2	2
21039	1128	15	9	8	10	19	9	10	6	52	38	54	42	27	29	28	22	21	16	18	3	4	4	6	96	86	85	86	81	85	75	73	3	5	3
21040	1555	21	5	12	9	18	11	6	8	54	41	45	41	41	35	31	24	28	20	30	7	7	2	8	144	134	130	125	127	131	129	118	5	6	2
21041	1640	30	8	10	13	21	7	10	7	56	48	59	47	29	38	38	22	28	29	32	4	6	3	3	162	143	131	131	134	141	124	115	4	6	1
21042	1805	19	12	14	13	18	11	8	9	58	46	62	43	37	34	35	24	40	30	40	8	4	3	5	173	163	149	153	156	154	142	129	7	5	1
21043	1398	17	7	9	13	16	9	6	6	44	37	49	35	22	24	28	20	25	21	23	4	6	2	6	138	124	119	124	122	125	109	103	2	2	1
21044	1728	14	8	9	9	17	7	1	5	41	44	46	39	36	37	31	32	26	20	23	6	6	4	5	173	160	152	156	152	162	152	143	4	4	4
21045	1245	15	7	9	2	19	7	5	3	32	31	38	29	25	27	20	20	20	16	21	5	10	2	5	130	110	106	107	104	111	101	100	3	3	2
21046	1693	23	11	10	13	21	10	11	7	59	49	64	51	44	37	32	27	30	31	32	5	5	2	6	164	144	136	135	139	141	130	111	6	6	1
21047	1230	17	10	6	7	17	6	9	11	45	32	49	33	28	30	26	24	25	19	24	4	7	4	7	111	104	100	101	97	99	94	76	2	4	2
21048	1400	22	8	5	10	20	7	8	6	48	46	50	46	29	30	33	26	28	26	24	6	6	4	4	124	124	111	117	115	117	103	88	3	3	3
21049	1958	29	18	12	18	27	13	11	13	56	53	58	41	38	36	34	28	29	29	31	6	2	2	5	190	182	172	170	164	173	159	146	4	3	6
21050	1129	14	5	8	7	10	9	5	6	28	27	29	25	20	20	19	18	20	14	13	1	2	2	2	118	108	103	98	101	103	98	88	1	5	2
21051	1653	24	17	14	12	23	11	10	9	55	48	60	50	32	31	40	23	22	27	28	10	9	4	1	157	143	123	135	137	137	130	118	3	5	5
21052	1393	30	16	13	10	22	12	6	9	45	40	49	43	27	28	25	19	26	24	25	7	5	3	5	121	118	108	111	108	118	112	98	6	1	3
21053	1356	13	4	6	6	15	6	6	4	47	41	45	37	29	28	34	18	25	27	27	4	5	3	5	127	125	110	111	116	116	106	100	3	5	2
21054	1304	23	6	10	12	21	8	8	10	41	33	42	37	23	19	18	18	18	19	25	2	6	3	3	129	117	111	109	110	104	108	98	4	5	4
34001	1850	25	12	12	17	21	12	9	9	52	49	59	48	29	29	31	32	46	40	41	7	6	2	2	174	166	159	157	162	157	148	128	4	3	2
34002	1171	17	10	9	13	11	12	9	5	37	27	37	32	28	30	32	22	34	26	25	5	4	2	5	102	93	89	93	94	97	87	75	2	4	3
34003	1671	22	13	12	14	14	8	11	14	51	47	61	45	37	38	36	25	32	30	34	13	5	6	7	153	133	133	147	132	142	128	113	5	5	5
34005	1423	23	11	8	8	19	8	9	11	37	39	35	34	17	25	25	17	36	15	25	2	1	5	3	140	132	126	134	125	128	115	102	3	2	3
34006	1793	28	11	10	8	17	10	6	7	57	59	59	56	45	38	31	32	38	30	32	5	6	7	5	165	143	143	159	151	153	135	126	7	7	7
34007	1805	28	16	15	20	19	14	13	12	44	41	58	41	29	35	29	30	63	52	52	6	7	1	7	170	156	146	143	146	139	137	118	6	7	5
34008	1120	10	6	6	11	15	6	5	5	34	21	35	28	20	19	20	19	33	22	27	3	5	6	6	108	102	96	94	89	104	81	80	0	3	1
34009	858	11	6	7	9	11	8	7	6	34	26	31	31	22	20	16	12	21	25	27	1	4	2	3	73	58	60	74	64	74	57	49	6	2	1
34010	1668	21	6	4	13	12	4	8	9	50	46	59	54	31	36	31	27	46	43	41	9	3	6	5	149	143	137	143	142	147	125	112	3	2	1
34011	1154	15	9	3	5	13	9	4	5	34	34	31	26	26	21	22	18	27	24	21	4	4	2	2	110	103	100	103	99	100	89	82	6	2	1
34012	1733	26	9	5	13	11	8	8	10	54	36	56	44	34	29	25	34	38	22	33	7	9	7	7	178	159	149	144	146	153	140	127	3	6	3
34013	1633	26	8	13	14	21	11	12	6	49	34	48	43	24	25	27	27	51	39	38	8	4	6	9	145	144	137	136	136	140	124	112	4	6	6
34014	1148	14	13	12	8	14	10	7	12	39	31	39	32	21	16	18	13	21	20	19	3	3	3	3	108	100	95	113	92	95	80	84	1	4	5
34015	1165	13	12	6	15	19	9	8	13	43	33	35	33	18	13	15	17	15	25	31	6	9	5	7	116	101	94	104	92	107	76	67	3	2	3
34016	1256	16	3	6	7	15	8	5	10	47	41	47	35	25	26	28	25	32	30	23	3	9	6	6	118	108	99	104	98	103	88	76	3	3	3
34017	2005	30	14	11	16	22	12	13	9	58	60	62	56	35	44	37	30	48	38	43	5	6	5	7	191	179	163	167	165	166	157	142	6	4	4
34019	1445	20	8	10	16	15	7	3	10	54	53	61	50	34	37	36	30	36	40	42	5	4	2	4	122	117	110	106	109	110	99	87	2	5	1
34020	2147	31	14	15	13	25	10	13	15	48	50	57	47	32	35	36	30	38	39	27	6	10	5	8	210	198	189	194	197	194	182	166	4	7	2
34021	2091	23	15	12	14	20	18	13	17	53	54	58	38	25	29	29	25	48	47	44	3	8	4	9	208	192	187	193	192	191	162	150	3	5	2
34022	838	8	3	4	2	5	4	2	1	20	20	23	21	12	14	13	17	15	18	22	3	5	1	4	86	77	75	75	72	76	71	63	3	1	2
34025	2501	33	12	11	22	24	17	19	14	83	65	89	72	50	55	50	47	62	54	55	4	4	1	7	232	214	209	204	196	209	195	175	2	8	7
34026	1780	27	11	12	13	24	11	17	13	56	54	62	46	36	38	34	29	37	35	45	4	6	9	10	160	154	142	155	143	151	126	113	2	4	1
34029	1330	16	7	10	12	14	7	7	10	43	39	44	31	24	28	26	26	44	39	31	6	6	7	6	135	114	107	110	99	108	86	77	2	7	2
34030	708	7	3	0	1	8	0	2	3	19	19	22	19	14	18	14	14	19	17	14	3	3	1	3	67	61	55	70	60	61	56	54	1	0	0
34031	1064	15	9	14	13	17	9	9	7	35	34	40	30	15	15	17	15	27	23	26	5	8	7	6	95	94	84	101	82	90	61	58	1	1	1
34032	1395	19	8	10	11	13	5	7	4	48	45	49	46	35	31	34	31	39	32	36	5	7	2	4	125	108	106	109	116	112	102	88	0	4	4
34033	1033	7	9	5	7	9	4	5	4	18	13	23	13	14	14	14	13	14	10	7	4	2	2	4	113	106	104	115	102	106	87	84	1	0	0
34034	1950	41	20	18	18	27	15	11	15	62	58	63	52	47	39	44	42	39	34	33	6	6	2	8	175	160	155	158	154	161	148	126	4	5	4
34035	1792	30	12	13	13	18	6	8	13	64	53	67	66	38	44	34	36	55	45	43	8	2	4	5	157	140	136	140	137	142	132	123	3	2	3
34040	1617	21	8	12	12	15	8	12	8	44	40	50	51	30	35	32	26	48	45	49	6	9	6	5	150	137	128	132	131	134	114	107	6	4	2
34041	173	3	3	2	3	4	1	2	3	3	5	3	2	2	4	2	1	4	4	6	0	1	0	1	15	15	13	15	12	15	16	13	0	0	0
34042	1745	29	12	14	12	28	19	15	16	45	51	61	46	30	33	32	22	30	30	42	7	7	10	9	158	148	142	152	146	138	133	118	2	4	4
34043	1537	12	6	6	7	23	6	6	6	32	27	28	25	16	13	14	12	27	20	28	5	3	1	6	171	163	152	164	153	153	129	116	2	5	0
34044	1578	26	9	7	10	24	6	12	13	50	45	53	43	27	28	31	24	32	23	27	5	5	4	7	168	137	131	136	133	132	120	104	2	3	1
34045	1435	20	11	10	13	15	11	10	18	38	37	47	33	24	25	24	20	25	35	30	6	3	6	3	130	125	122	127	123	125	114	95	4	3	3
34046	1189	12	4	6	6	10	2	4	2	34	30	36	29	20	17	19	15	25	25	24	5	4	3	4	118	115	101	108	105	110	95	92	5	3	1
34047	1540	25	11	8	17	23	12	7	13	50	45	53	46	33	31	31	22	26	37	32	4	7	5	6	135	127	128	126	123	131	119	100	4	3	0
34048	1925	22	13	13	13	17	10	7	8	58	53	66	50	35	45	40	35	49	45	37	4	5	3	2	183	180	166	159	165	167	141	123	4	5	2
34049	1679	20	10	11	16	19	11	15	9	50	42	56	37	22	25	28	32	35	28	32	8	6	3	8	162	155	138	139	143	145	133	121	5	7	8
34050	1198	16	7	10	13	17	7	9	9	45	37	44	36	24	26	25	18	27	24	27	5	7	2	4	103	96	95	105	89	95	86	78	4	4	4
34051	2010	22	14	12	15	18	15	9	14	65	49	55	51	37	31	31	25	43	39	47	5	4	2	6	182	182	170	183	177	178	172	153	1	1	2
34052	1360	24	11	9	15	11	9	7	6	46	38	39	27	27	22	26	15	25	20	23	1	2	1	0	137	126	122	119	120	118	106	102	4	1	1
Bremen 1	1,927	21	8	7	5	18	11	10	7	59	61	69	58	37	44	52	38	31	38	38	3	5	5	6	174	168	156	178	161	163	149	141	2	3	1
Bremen 2	1,538	23	19	21	18	19	16	25	11	66	62	67	63	43	38	34	37	25	36	41	13	11	12	12	111	98	99	108	102	95	91	90	11	13	8
Bremen 3	1,041	8	4	6	2	6	4	7	6	36	37	40	39	29	26	22	24	12	20	21	13	10	8	8	83	79	81	88	79	82	73	65	7	8	8
Bremen 4	1,244	10	5	5	11	16	10	9	7	43	47	45	52	48	39	36	34	21	23	26	4	3	3	4	103	92	88	100	89	90	86	78	6	6	5
Bremen 5	883	8	6	9	2	5	5	6	2	38	41	41	36	31	27	29	22	13	18	18	2	5	1	1	69	64	63	71	63	65	61	55	2	4	0
Bremen 6	985	13	6	10	7	14	10	7	10	47	54	49	52	29	30	26	26	15	29	27	5	6	5	7	67	63	58	63	64	67	56	54	2	3	4
Bremen 9	1,094	8	7	15	7	12	7	9	8	55	58	53	53	41	34	36	27	15	20	22	5	4	3	5	79	74	70	76	73	73	68	60	8	6	3
Bremen 10	1,348	9	7	10	11	8	9	10	7	67	68	68	62	53	46	49	44	21	36	37	4	5	4	5	86	89	85	94	90	88	86	74	5	6	5
Bremen 11	1,450	15	12	11	9	7	7	8	12	46	47	53	58	37	33	33	30	23	33	31	4	6	6	7	122	115	115	119	114	119	103	96	8	5	6
Bremen 12	1,254	11	8	6	6	11	8	7	6	40	38	43	40	24	27	24	19	14	27	29	5	6	2	6	115	109	113	112	107	112	94	81	1	2	1
Bremen 13	1,260	19	7	11	10	11	5	9	6	50	51	58	50	39	34	27	26	19	27	30	6	8	4	8	97	91	92	114	97	90	74	67	8	8	7
Bremen 14	927	11	5	10	8	10	9	11	7	45	41	45	39	31	30	32	30	19	25	27	5	5	3	3	68	56	56	59	58	56	57	53	2	4	7
Bremen 15	1,028	11	5	6	6	9	4	6	3	52	52	57	46	37	37	32	23	21	30	30	5	2	3	5	76	71	67	70	68	72	58	55	4	1	4
Bremen 16	1,349	7	5	8	6	7	4	8	6	55	55	57	60	40	43	41	35	19	27	28	9	12	7	8	101	98	97	107	107	98	95	84	4	6	5
Bremen 17	1,540	22	13	12	10	21	9	13	4	43	41	44	43	34	26	26	20	30	22	28	5	5	7	7	144	133	128	148	130	134	119	110	1	5	3
Bremen 18	1,446	11	10	13	10	11	11	12	5	77	78	79	73	50	48	46	42	26	39	42	4	2	3	6	103	93	91	91	95	95	85	79	5	5	6
Bremen 19	576	10	8	4	7	16	7	8	9	17	19	25	21	7	12	11	6	6	13	16	3	6	2	4	50	43	43	51	42	40	36	33	0	0	1
Bremen 20	927	5	4	8	4	11	8	10	6	44	48	45	49	34	33	28	29	14	28	30	5	5	2	4	65	60	55	64	57	58	55	45	4	5	5
Bremen 21	1,680	21	15	10	16	16	12	12	12	53	60	61	57	40	41	35	35	30	35	38	3	1	3	6	147	130	128	139	134	144	127	110	2	5	2
Bremen 22	1,035	6	6	7	7	9	2	8	5	54	58	59	52	48	39	40	31	17	30	30	8	7	8	10	70	62	59	60	56	61	56	53	6	7	4
Bremen 23	490	8	3	4	3	7	4	4	4	19	15	22	17	12	12	9	7	8	7	12	2	4	0	3	41	37	34	45	40	39	33	28	2	4	1
Bremen 24	971	6	5	4	4	7	6	6	6	39	43	41	41	31	32	27	30	17	19	18	4	5	6	8	75	71	69	73	72	69	64	59	5	5	4
Bremen 25	1,554	18	13	19	14	22	16	19	7	73	79	73	80	60	51	43	44	28	41	54	12	13	12	10	111	90	87	101	88	91	86	75	11	7	6
Bremen 27	1,306	13	10	15	9	13	12	13	8	56	61	63	69	43	41	44	40	24	36	40	6	6	9	3	92	87	81	89	89	85	72	64	5	4	4
Bremen 28	611	7	5	7	6	6	3	6	5	30	29	26	27	17	15	17	17	13	12	19	5	9	6	9	41	36	36	42	39	40	36	35	3	3	4
Bremen 30	1,004	13	7	11	12	11	10	15	10	43	40	40	42	32	27	23	21	10	24	32	3	5	2	6	73	66	70	72	75	74	65	59	5	2	4
Bremen 33	1,059	11	5	13	7	13	8	11	6	33	38	33	35	26	23	25	18	11	22	25	4	5	3	6	87	83	84	84	87	83	79	70	5	9	7
Bremen 34	1,304	16	12	14	14	17	11	15	14	49	53	57	53	38	35	36	32	19	30	28	6	5	8	8	95	86	87	90	91	88	85	80	10	11	11
Bremen 36	716	6	5	6	4	8	6	5	6	32	31	33	32	23	23	25	20	14	17	21	2	4	0	3	53	48	50	51	47	47	43	41	3	3	4
Bremen 37	1,089	19	18	17	17	18	11	13	10	40	38	41	36	32	25	26	25	23	19	22	8	7	6	6	88	76	75	76	70	76	69	60	10	7	5
Bremen 40	790	10	7	9	9	6	7	7	6	20	21	19	16	12	13	13	10	12	9	13	3	2	0	2	74	73	68	69	67	74	67	63	4	3	2
Bremen 41	720	10	5	7	4	6	7	7	4	29	30	26	30	26	22	25	25	14	13	17	1	6	3	4	51	46	46	50	50	50	51	42	5	4	4
Bremen 42	1,727	14	9	15	10	17	14	20	13	79	87	86	88	67	65	58	60	25	29	44	17	19	15	15	115	104	103	113	109	107	96	92	8	5	9
Bremen 43	1,085	8	5	6	5	8	9	9	9	51	54	62	64	35	34	32	28	25	37	37	3	4	3	0	78	64	66	72	70	71	62	60	4	6	4
Bremen 45	292	4	2	2	1	4	1	2	1	9	13	15	12	8	7	7	7	5	9	10	1	1	0	1	20	21	22	21	22	24	20	19	0	0	1
Bremen 46	1,070	12	10	9	6	10	10	9	7	57	57	58	54	43	31	35	25	24	41	42	6	7	7	6	69	63	64	67	61	61	55	52	4	5	3
Bremen 50	1,405	12	12	14	11	12	8	14	8	58	66	65	61	43	36	33	32	19	37	37	10	8	9	10	103	98	98	110	97	94	91	85	3	5	6
Bremen 52	871	9	4	7	8	5	3	7	6	43	48	46	45	38	33	32	26	24	23	33	4	3	2	3	59	51	53	56	50	49	42	45	5	5	4
Bremen 53	737	9	5	5	3	10	9	6	3	44	38	37	37	23	20	18	20	10	21	24	3	3	2	5	53	48	50	52	46	47	40	36	2	4	4
Bremen 54	875	8	3	5	5	8	4	8	5	37	37	39	38	31	29	22	17	10	22	26	4	4	1	8	65	63	61	66	64	60	55	51	7	7	5
Bremen 55	1,196	14	6	8	11	14	10	10	5	71	63	64	64	43	33	42	31	23	35	43	5	6	5	3	78	76	71	81	71	75	73	59	1	0	2
Bremen 57	1,204	8	7	9	10	10	7	6	5	46	48	50	48	37	27	32	29	19	30	32	9	8	7	7	89	86	89	88	86	87	82	81	9	7	9
Bremen 58	1,388	13	10	13	13	14	8	15	9	43	53	53	61	36	33	32	41	23	35	38	5	11	11	12	109	103	98	105	100	94	93	86	5	7	6
Bremen 59	1,272	11	5	8	5	8	1	9	1	34	39	39	35	27	31	31	24	21	20	18	3	2	1	0	121	113	111	114	113	110	108	99	3	3	4
Bremen 60	1,052	14	8	17	12	15	8	12	9	35	36	43	33	28	27	31	29	16	17	13	7	8	6	7	85	75	69	86	76	76	72	63	4	8	7
Bremen 61	903	8	6	10	8	12	10	9	9	43	49	47	51	36	28	31	21	15	31	40	4	4	6	4	57	51	53	58	51	50	44	40	7	6	4
Bremen 62	1,313	13	11	18	10	18	10	12	10	51	52	52	52	40	39	26	24	24	35	33	5	6	4	8	108	94	94	100	93	95	85	84	3	3	1
Bremen 64	1,658	16	8	9	4	9	6	9	4	83	83	78	85	60	50	47	49	31	40	55	5	11	10	10	121	109	105	112	110	105	111	94	9	9	11
Bremen 65	789	15	6	6	2	8	5	10	5	33	25	26	21	13	10	11	9	15	15	17	3	5	2	2	76	71	62	69	64	70	61	48	1	3	0
Bremen 67	1,380	12	7	13	10	13	6	11	8	63	64	60	61	49	46	43	40	21	35	33	5	8	4	8	98	93	91	94	100	93	89	83	6	6	7
Bremen 68	638	7	6	7	5	7	4	7	4	15	19	17	22	14	11	10	10	8	11	10	3	1	3	4	57	53	49	56	53	51	49	43	9	7	6
Bremen 69	1,483	18	8	10	6	7	8	7	6	70	68	72	72	51	39	46	33	26	41	43	4	9	7	8	110	104	100	104	102	100	96	91	7	5	5
Bremen 72	804	3	1	5	1	5	5	3	2	39	41	36	37	31	26	24	29	12	19	23	4	4	4	4	59	57	57	58	52	50	51	47	5	5	5
Bremen 73	1,335	15	11	16	10	18	13	20	13	48	60	60	54	42	36	39	26	19	34	38	9	7	8	8	96	95	89	96	90	93	77	74	8	6	7
Bremen 74	1,342	13	5	7	5	11	8	12	5	52	50	53	55	36	41	30	30	15	23	30	4	6	6	9	111	103	101	105	104	103	102	93	3	4	7
Bremen 76	904	12	7	14	13	13	10	17	13	37	39	41	40	27	25	29	20	12	22	23	7	6	6	8	62	57	52	64	58	51	52	53	4	4	6
Bremen 77	1,899	24	18	26	13	22	18	17	13	79	81	85	85	63	50	53	46	32	43	44	6	10	3	7	141	130	131	139	130	135	120	113	8	9	5
Bremen 79	1,053	7	3	6	6	9	5	11	6	40	42	44	41	30	23	29	21	12	25	26	8	10	10	11	77	74	76	84	82	74	70	68	7	9	7
Calumet 1	1,493	11	6	14	8	15	9	12	9	72	69	82	73	47	47	48	36	37	45	55	10	12	8	7	98	91	91	124	87	90	82	76	9	6	7
Calumet 2	1,440	16	8	9	9	9	8	11	5	89	94	85	88	64	59	59	44	32	56	62	7	6	4	9	81	74	72	88	75	77	65	60	5	6	4
Calumet 3	1,803	20	9	14	8	16	13	8	9	60	47	60	47	29	32	26	26	23	37	38	3	8	8	7	170	166	156	178	155	165	134	124	2	3	2
Calumet 5	1,607	18	10	9	14	19	10	9	13	56	57	52	46	30	35	30	25	21	29	32	7	5	3	3	153	138	127	154	124	133	122	103	6	7	7
Calumet 6	2,563	34	20	24	22	17	20	20	17	106	104	109	102	71	70	80	61	46	63	64	12	11	14	12	202	192	178	209	178	180	160	136	10	11	8
Calumet 7	1,732	23	10	14	9	21	10	14	11	81	77	80	72	50	54	51	41	29	48	45	7	9	13	7	130	113	116	146	116	118	102	96	7	6	6
Calumet 8	1,091	15	9	11	12	6	8	10	7	55	45	53	52	35	32	32	29	22	27	34	3	6	2	6	78	68	67	92	70	73	63	57	4	4	4
Calumet 9	1,535	20	13	10	17	13	9	9	10	46	38	46	40	23	25	24	24	18	25	26	5	6	7	6	144	138	132	162	136	138	116	104	0	3	2
Calumet 10	2,463	30	13	16	16	23	12	15	11	75	59	82	68	52	54	42	43	34	46	50	9	7	6	12	220	213	208	239	214	214	191	178	6	2	3
Calumet 11	2,793	37	21	19	21	36	16	12	20	76	70	78	61	40	41	42	28	28	43	50	11	8	11	14	277	259	238	296	241	246	234	212	2	2	3
Calumet 12	1,412	23	9	11	12	17	9	15	6	52	49	50	43	26	23	24	19	18	26	32	8	2	6	7	128	119	108	134	116	118	103	94	1	3	1
Orland 3	745	6	5	6	3	6	6	8	4	41	38	47	42	24	26	22	16	19	22	25	4	6	3	5	51	47	48	46	44	45	40	36	1	1	2
Orland 5	967	12	7	14	8	16	8	13	9	49	50	46	51	39	31	35	30	10	27	30	6	10	3	8	58	53	50	59	54	53	53	45	8	9	13
Orland 6	817	8	4	4	5	8	4	5	5	40	43	40	40	32	26	35	28	20	19	24	4	4	6	4	52	52	49	56	48	48	46	45	6	4	3
Orland 7	726	4	4	5	4	6	5	5	2	33	30	30	32	18	16	16	13	9	20	22	2	4	6	8	56	52	52	53	57	53	51	48	4	2	4
Orland 10	1,407	8	6	11	5	13	8	8	6	50	52	56	50	41	31	42	33	13	21	31	3	4	3	5	118	113	107	109	113	108	107	100	11	9	12
Orland 11	963	5	5	7	7	6	4	8	7	43	52	51	50	32	33	35	28	20	33	32	3	6	3	3	66	59	58	63	61	59	56	55	4	5	4
Orland 13	2,045	14	8	12	12	15	13	21	10	78	74	82	79	59	51	58	49	28	43	47	13	8	10	11	168	155	152	163	157	155	147	126	9	9	9
Orland 14	1,178	5	3	6	3	9	5	9	4	36	40	33	41	28	26	27	20	16	18	18	3	4	4	7	99	100	101	102	100	102	102	94	3	4	6
Orland 17	883	5	3	6	2	6	5	7	3	37	39	36	37	25	20	23	18	7	21	27	4	5	4	3	72	74	65	69	70	69	62	55	1	1	2
Orland 19	893	8	6	12	7	11	9	13	10	35	39	38	42	35	30	34	31	17	16	17	3	4	4	6	61	58	55	58	57	56	52	46	10	6	7
Orland 21	1,628	9	6	13	9	9	9	13	7	56	61	63	61	42	41	45	33	18	33	39	4	7	3	10	133	126	124	137	133	128	120	112	7	11	6
Orland 24	1,068	12	8	11	6	14	10	9	6	47	54	49	52	41	37	43	36	16	26	29	5	5	6	4	70	65	63	71	67	68	64	62	4	3	5
Orland 25	2,095	13	6	9	7	10	9	13	7	84	82	90	85	66	63	62	40	27	53	54	4	7	0	7	170	172	162	168	166	162	153	135	4	3	2
Orland 27	961	10	7	7	6	8	6	9	7	35	38	45	38	31	28	31	24	17	21	22	4	3	4	4	72	67	70	71	72	65	69	59	4	4	3
Orland 28	803	6	5	6	6	3	4	5	2	35	37	35	37	20	27	27	19	14	20	22	1	2	1	4	64	61	60	61	58	55	51	50	2	1	2
Orland 30	762	5	2	2	3	4	6	5	1	28	32	33	30	18	16	23	15	14	20	17	6	6	5	7	62	55	57	58	59	60	52	46	6	6	3
Orland 31	921	7	5	5	4	5	6	8	3	41	45	38	45	32	29	28	23	14	20	24	4	3	2	4	68	67	65	69	69	65	59	56	3	3	2
Orland 32	926	8	1	4	3	4	4	4	2	45	45	44	41	27	23	31	28	12	34	32	4	1	4	4	67	67	62	63	63	63	62	60	5	6	3
Orland 33	1,091	7	4	9	5	7	6	6	2	33	36	38	36	25	23	25	21	16	21	21	3	2	1	3	95	93	95	91	93	89	89	79	6	7	4
Orland 34	1,358	15	9	11	9	8	7	10	8	58	67	56	64	50	43	45	44	16	25	29	5	8	2	5	96	95	92	99	96	94	89	81	7	9	6
Orland 35	1,423	7	4	6	5	8	6	6	3	50	45	44	45	33	32	28	26	8	22	27	8	9	8	10	124	121	123	124	124	118	114	108	9	7	11
Orland 37	1,366	9	8	13	9	15	11	9	8	39	36	36	41	28	21	29	26	9	18	21	5	6	3	5	130	118	116	121	119	117	115	107	6	6	6
Orland 38	607	3	1	2	3	4	3	4	1	34	32	33	34	28	25	27	17	10	20	24	6	7	6	5	38	36	34	35	34	35	33	29	2	1	1
Orland 40	1,388	10	9	13	8	13	10	13	7	59	66	68	60	40	39	38	29	25	34	36	13	12	12	14	101	94	95	94	96	93	91	81	5	5	5
Orland 46	906	6	4	3	5	4	6	4	2	30	33	35	35	22	25	24	23	17	16	25	5	7	6	7	73	69	67	71	69	66	70	65	4	4	4
Orland 48	1,202	5	3	6	6	8	6	9	6	47	50	51	51	33	35	38	30	15	21	25	4	7	4	6	96	90	87	93	92	91	82	77	8	11	9
Orland 50	574	5	2	3	1	3	2	2	2	34	34	35	37	27	27	28	25	10	13	17	2	2	1	1	36	34	32	33	33	31	30	29	3	0	0
Orland 52	1,157	7	5	9	9	12	10	13	6	30	36	37	33	23	16	19	19	9	19	20	8	7	3	7	107	100	95	106	99	98	92	86	7	6	4
Orland 54	1,975	13	9	14	9	13	17	15	9	66	69	70	68	57	45	58	32	19	41	41	15	11	14	20	157	149	151	159	154	155	151	138	14	13	9
Orland 55	1,087	15	8	14	7	16	5	14	6	40	47	44	48	34	27	29	26	19	25	25	4	3	2	4	88	78	75	75	84	75	73	64	3	5	5
Orland 62	1,563	12	6	13	5	13	7	9	7	72	83	81	82	62	61	65	51	21	38	39	0	0	3	4	101	95	98	115	109	101	100	90	4	8	8
Orland 67	1,028	8	5	6	6	5	3	6	4	42	45	48	49	34	34	32	24	12	25	26	7	7	5	8	75	69	73	72	71	68	66	64	10	11	8
Orland 69	832	10	5	5	3	7	6	9	6	36	38	45	38	35	28	27	32	20	21	15	3	6	2	0	57	52	51	50	53	50	53	44	7	10	8
Orland 72	1,186	9	5	8	4	9	5	10	5	51	56	58	59	49	41	45	45	16	29	27	4	7	5	7	81	80	78	87	80	79	72	64	6	2	3
Orland 73	1,827	22	13	19	12	16	12	13	8	57	61	62	64	47	49	48	40	20	25	29	5	7	4	4	157	148	145	148	148	150	136	126	11	10	11
Palos 1	786	4	2	3	1	4	3	3	1	41	41	41	41	30	24	26	18	10	25	23	4	6	4	2	54	55	53	55	58	52	48	41	3	5	5
Palos 9	533	4	3	4	1	7	3	6	2	31	30	29	31	18	15	16	14	7	18	19	3	4	3	3	33	33	31	32	35	33	31	27	2	3	2
Palos 33	1,774	9	7	9	9	7	8	9	9	48	44	40	46	39	32	27	32	16	17	20	9	8	9	8	171	158	160	165	163	159	153	138	14	16	15
Rich 7	2,308	25	11	10	13	19	13	10	11	58	55	55	46	35	36	31	22	22	28	27	7	9	5	7	232	222	218	224	229	219	208	190	2	5	4
Rich 20	2,785	23	15	17	18	21	16	18	14	61	57	66	55	36	40	46	33	27	36	38	8	6	6	11	259	258	262	270	268	262	251	241	15	18	13
Thornton 31	443	7	1	2	5	3	3	2	2	19	15	18	18	14	13	11	9	5	11	7	0	1	1	1	37	36	35	42	34	34	29	26	1	1	0
Thornton 49	57	1	0	0	1	1	1	0	1	3	3	3	2	2	1	2	2	0	1	0	1	1	1	0	5	4	4	4	3	3	4	3	0	0	0
Thornton 97	680	4	3	3	4	6	2	9	1	24	26	25	25	18	12	12	17	8	11	19	2	4	3	2	57	57	53	59	54	59	51	44	4	0	2
Worth 7	1,287	2	2	4	2	3	4	6	6	36	36	40	35	27	27	21	17	12	22	24	8	9	6	11	120	115	110	120	116	115	108	96	8	10	9
Worth 8	1,910	27	17	18	13	20	14	16	16	84	89	87	84	48	46	56	39	32	44	53	5	6	5	7	147	136	135	142	137	142	117	114	3	6	5
Worth 9	780	11	10	10	9	13	9	7	10	31	35	32	29	20	18	16	17	11	19	22	2	3	2	3	59	54	56	64	52	55	48	45	2	3	3
Worth 10	2,379	26	23	27	21	30	23	29	18	92	96	99	101	63	58	66	58	29	49	56	8	9	6	13	180	170	165	177	170	170	159	147	14	13	14
Worth 12	1,056	8	2	8	5	7	5	5	4	53	55	53	56	46	44	37	31	19	28	29	5	5	4	7	74	66	64	69	66	68	66	60	2	2	3
Worth 13	1,873	20	8	15	14	14	9	9	11	75	71	79	73	58	58	59	48	28	35	45	10	8	6	7	152	136	132	139	136	138	135	122	11	7	5
Worth 14	1,845	18	15	16	11	24	12	24	13	102	106	106	95	68	64	66	62	31	68	55	4	5	8	9	115	106	102	118	113	108	105	88	1	4	3
Worth 15	1,232	14	5	7	8	11	6	8	7	43	42	45	40	27	27	23	26	13	22	26	2	3	3	2	109	103	100	100	102	105	102	88	7	2	4
Worth 16	1,772	18	9	20	14	16	17	20	11	79	93	92	91	67	67	62	56	35	46	47	13	18	11	16	112	104	95	109	107	101	98	93	10	12	13
Worth 17	1,912	17	6	8	12	20	9	12	13	107	106	110	114	85	84	71	61	49	54	59	11	8	8	11	123	115	110	121	105	104	99	83	6	5	6
Worth 18	1,104	8	8	13	10	9	6	11	7	36	37	41	39	35	30	29	28	10	22	21	5	7	7	7	86	82	82	88	83	86	82	74	6	4	5
Worth 19	1,736	14	10	14	12	14	13	12	11	87	90	88	87	77	72	67	53	26	42	46	12	7	10	9	122	105	104	108	113	102	96	89	7	7	10
Worth 20	349	5	2	2	1	3	3	2	2	16	17	17	16	16	12	13	11	4	10	8	0	1	0	0	25	23	23	24	22	23	19	17	3	5	4
Worth 23	1,253	15	9	11	7	14	11	15	8	52	50	47	58	42	37	40	34	15	19	24	3	5	6	4	99	87	81	93	96	90	84	76	5	8	8
Worth 24	861	10	9	5	7	10	8	5	3	49	55	40	52	42	36	39	32	16	34	38	4	5	4	6	50	42	40	51	45	39	37	35	4	5	4
Worth 29	1,627	18	10	11	10	14	13	10	8	54	48	55	55	49	45	41	30	25	33	38	2	6	5	9	138	129	121	127	118	131	128	113	13	11	9
Worth 31	2,544	36	21	29	22	26	25	28	20	115	106	113	104	76	71	78	62	44	58	75	11	16	10	13	189	174	164	173	181	175	156	144	8	9	12
Worth 32	1,291	9	6	8	6	11	11	7	8	40	41	47	44	32	31	23	29	17	22	22	11	10	10	10	113	103	99	110	99	102	93	88	11	9	9
Worth 34	1,405	15	7	11	15	16	11	10	11	65	67	74	63	42	41	42	38	24	39	43	2	7	6	5	104	100	91	94	93	91	88	83	3	3	1
Worth 37	1,440	14	9	9	11	9	6	8	8	62	68	71	66	44	50	42	39	28	33	32	3	3	4	3	108	109	106	107	105	98	90	85	3	3	4
Worth 38	2,373	31	15	21	19	27	20	17	15	87	88	91	79	59	57	62	57	27	40	44	7	8	7	7	200	185	183	180	183	186	178	166	10	5	12
Worth 39	1,765	14	12	16	11	19	12	13	8	68	73	74	76	56	51	50	50	16	36	37	9	8	12	18	134	123	121	130	127	123	119	113	11	13	12
Worth 42	1,064	14	9	12	9	11	9	11	9	46	51	46	48	35	33	38	34	10	25	27	7	5	5	5	74	68	66	76	65	67	62	61	9	8	9
Worth 43	1,147	17	11	7	14	17	9	9	9	40	30	36	29	21	15	21	18	19	20	32	2	2	4	0	97	93	89	111	94	99	89	79	5	6	3
Worth 45	1,423	18	12	19	13	23	11	13	12	43	46	43	43	29	34	36	27	14	15	19	5	6	5	4	125	111	106	120	118	110	109	108	9	8	9
Worth 50	1,434	10	6	10	7	13	8	6	6	50	51	47	47	29	31	27	19	13	27	31	3	6	2	10	128	123	119	130	127	117	117	102	4	3	5
Worth 52	1,160	10	5	11	8	12	10	10	2	54	56	53	58	46	43	35	37	19	32	29	11	9	6	12	75	71	70	78	72	70	71	60	9	8	8
Worth 54	2,098	12	4	9	7	12	7	9	5	82	92	86	90	72	64	61	57	34	35	46	7	9	7	8	161	153	158	165	160	163	152	147	8	9	7
Worth 55	889	10	6	9	8	8	8	8	2	48	52	53	55	40	38	31	26	13	28	34	3	3	3	3	51	49	49	54	50	50	44	39	3	4	7
Worth 57	2,290	14	10	14	11	23	13	13	12	82	78	77	76	62	46	46	40	25	44	52	6	9	8	11	193	189	184	192	193	185	185	167	8	13	9
Worth 59	2,868	45	20	23	27	35	14	21	20	93	94	111	87	46	51	50	43	31	45	54	11	11	9	15	270	247	238	246	240	255	211	191	5	5	4
Worth 64	2,013	10	11	22	14	15	6	15	8	79	80	75	77	55	49	46	47	30	40	43	5	7	7	9	165	154	153	153	164	157	146	132	11	13	15
Worth 65	2,038	8	8	15	7	15	12	18	9	74	72	69	78	54	44	50	43	29	35	40	16	19	8	12	172	164	155	168	158	159	146	137	17	15	12
Worth 68	1,498	17	17	15	15	21	13	14	9	55	64	63	65	39	41	44	30	24	35	40	4	7	4	7	113	105	105	109	113	106	98	95	3	4	4
Worth 69	2,474	27	14	21	17	18	14	23	14	105	114	106	97	66	66	75	58	46	64	62	8	7	7	13	189	177	177	185	181	184	167	150	8	9	5
Worth 72	2,067	26	16	25	11	18	15	13	9	68	75	78	71	56	47	51	45	34	43	47	5	5	5	9	171	163	164	165	166	157	149	135	6	10	9
Worth 73	1,135	16	8	11	10	16	10	11	9	61	59	57	56	38	40	34	31	16	28	33	1	5	2	5	80	73	70	74	69	67	66	57	7	9	6
Worth 79	779	8	6	9	8	9	9	9	4	28	27	26	25	18	22	21	18	10	15	15	3	4	3	4	64	62	62	62	62	57	56	48	1	4	0
Worth 80	2,143	28	18	21	17	25	12	15	7	102	83	96	87	67	60	69	57	32	48	43	7	6	7	6	173	157	151	156	154	145	140	135	8	7	4
Worth 81	558	6	4	7	4	5	2	9	3	17	16	16	16	17	14	12	11	5	5	8	3	8	4	6	47	43	42	44	42	43	39	38	6	7	9
Worth 87	1,083	10	5	6	6	12	6	10	9	53	58	60	61	43	41	36	37	16	30	34	4	5	4	8	71	68	65	72	69	63	57	54	3	5	2
Worth 88	1,001	8	2	6	7	9	6	8	4	51	48	47	42	36	30	34	33	18	19	25	4	6	4	5	71	70	66	72	68	60	61	60	6	7	8
Worth 89	1,729	9	11	9	7	6	8	8	11	53	59	56	61	43	37	33	35	19	31	37	6	7	6	11	151	145	136	150	146	146	134	120	14	12	12
Worth 95	1,753	7	4	9	7	12	12	11	7	67	66	66	67	54	50	52	41	15	32	34	9	5	3	8	141	135	136	145	135	138	130	124	11	11	9
Worth 96	2,389	19	9	20	14	22	12	14	14	87	83	86	87	56	59	46	56	44	47	49	7	13	10	13	205	189	183	190	191	195	176	165	11	10	7
Worth 97	1,505	14	10	12	10	11	10	8	3	50	48	55	51	34	31	30	25	19	21	26	4	5	4	5	138	130	126	132	129	123	119	106	5	6	5
