Precinct	total_votes	votes|Kim Foxx	votes|Patrick W. ''Pat'' O'Brien	votes|Brian Dennehy
01001	700	476	164	60
01002	582	432	99	51
01003	792	504	228	60
01004	797	471	264	62
01005	729	442	234	53
01006	620	347	217	56
01007	461	289	124	48
01008	599	391	158	50
01009	474	329	112	33
01010	867	515	282	70
01011	782	493	242	47
01012	832	507	254	71
01013	338	216	93	29
01014	670	430	206	34
01015	614	366	182	66
01016	725	508	161	56
01017	591	418	122	51
01018	651	476	104	71
01019	784	575	147	62
01020	515	372	86	57
01021	987	638	275	74
01022	462	308	117	37
01023	857	649	136	72
01024	615	444	123	48
01025	658	480	125	53
01026	459	319	95	45
01027	750	467	215	68
01028	236	177	44	15
01029	872	578	239	55
01030	763	533	163	67
01031	614	404	169	41
01032	653	385	205	63
01033	774	437	284	53
01034	519	378	96	45
01035	844	450	307	87
01036	786	474	247	65
01037	718	404	243	71
01038	639	429	160	50
01039	552	329	169	54
01040	614	356	203	55
01041	390	271	76	43
01042	217	126	66	25
01043	426	262	127	37
01044	611	429	124	58
02001	775	502	202	71
02002	484	198	260	26
02003	791	484	238	69
02004	687	468	164	55
02005	814	475	257	82
02006	733	468	208	57
02007	646	399	202	45
02008	879	529	293	57
02009	688	308	348	32
02010	499	166	305	28
02011	681	241	409	31
02012	576	332	210	34
02013	538	219	284	35
02014	689	418	202	69
02015	633	415	170	48
02016	668	433	197	38
02017	760	453	245	62
02018	613	269	300	44
02019	459	155	280	24
02020	912	439	414	59
02021	728	468	202	58
02022	722	304	381	37
02023	423	144	257	22
02024	624	301	285	38
02025	798	467	278	53
02026	609	282	287	40
02027	611	224	355	32
02028	775	365	354	56
02029	752	334	373	45
02030	566	214	320	32
02031	748	275	435	38
02032	589	267	295	27
02033	924	348	519	57
02034	485	165	301	19
02035	909	425	434	50
02036	759	320	383	56
02037	566	236	293	37
02038	610	221	354	35
02039	464	186	247	31
02040	950	469	427	54
02041	815	340	425	50
02042	759	386	331	42
02043	910	369	504	37
02044	398	157	214	27
02045	783	420	310	53
02046	379	157	202	20
03001	790	716	34	40
03002	623	568	36	19
03003	504	381	95	28
03004	649	600	33	16
03005	352	307	27	18
03006	892	460	365	67
03007	363	327	21	15
03008	460	402	39	19
03009	669	615	27	27
03010	309	280	20	9
03011	641	582	34	25
03012	563	511	36	16
03013	739	377	294	68
03014	731	474	199	58
03015	571	505	41	25
03016	478	435	25	18
03017	907	695	150	62
03018	822	693	83	46
03019	791	368	373	50
03020	633	581	39	13
03021	687	401	260	26
03022	894	480	348	66
03023	517	435	63	19
03024	510	456	31	23
03025	1149	525	555	69
03026	728	379	312	37
03027	831	402	368	61
03028	361	317	24	20
03029	639	561	44	34
03030	513	467	28	18
03031	699	634	26	39
03032	1032	648	310	74
03033	820	491	269	60
03034	981	601	313	67
03035	315	275	27	13
03036	283	260	12	11
03037	520	473	24	23
03038	428	390	25	13
03039	1262	732	453	77
03040	651	477	140	34
03041	445	358	68	19
04001	887	740	115	32
04002	852	490	297	65
04003	520	486	20	14
04004	804	730	56	18
04005	625	558	45	22
04006	711	590	98	23
04007	774	709	43	22
04008	681	632	23	26
04009	646	580	45	21
04010	767	667	54	46
04011	627	552	42	33
04012	777	698	46	33
04013	883	567	238	78
04014	616	542	50	24
04015	686	609	53	24
04016	1147	703	355	89
04017	754	492	201	61
04018	596	525	44	27
04019	500	454	28	18
04020	534	301	194	39
04021	729	450	215	64
04022	596	478	82	36
04023	743	625	74	44
04024	584	496	59	29
04025	838	486	278	74
04026	563	502	40	21
04027	829	711	79	39
04028	548	478	47	23
04029	591	543	34	14
04030	855	780	37	38
04031	575	494	55	26
04032	683	609	53	21
04033	579	501	42	36
04034	566	492	49	25
04035	701	607	61	33
04036	753	661	58	34
04037	1210	764	379	67
04038	670	596	51	23
05001	536	472	28	36
05002	435	392	20	23
05003	580	505	59	16
05004	764	677	46	41
05005	531	473	24	34
05006	459	411	28	20
05007	582	499	56	27
05008	596	461	122	13
05009	674	596	58	20
05010	480	421	25	34
05011	562	463	68	31
05012	369	321	33	15
05013	505	467	19	19
05014	445	401	26	18
05015	569	477	61	31
05016	549	491	37	21
05017	469	404	33	32
05018	536	455	54	27
05019	527	427	77	23
05020	619	530	64	25
05021	590	494	65	31
05022	678	535	105	38
05023	1003	803	140	60
05024	712	628	58	26
05025	528	471	36	21
05026	556	485	34	37
05027	592	467	106	19
05028	581	506	41	34
05029	584	521	36	27
05030	375	341	13	21
05031	437	389	25	23
05032	619	559	29	31
05033	613	551	31	31
05034	612	476	104	32
05035	718	574	99	45
05036	357	320	19	18
05037	586	463	90	33
05038	539	472	28	39
05039	471	356	93	22
05040	434	392	23	19
05041	267	211	43	13
06001	484	450	19	15
06002	469	413	30	26
06003	490	449	18	23
06004	341	307	15	19
06005	317	290	17	10
06006	529	484	26	19
06007	461	422	21	18
06008	464	423	23	18
06009	459	418	19	22
06010	343	312	21	10
06011	402	369	21	12
06012	361	328	16	17
06013	346	320	10	16
06014	426	390	21	15
06015	417	380	27	10
06016	488	445	24	19
06017	333	293	23	17
06018	336	302	21	13
06019	388	351	13	24
06020	302	283	10	9
06021	236	215	13	8
06022	303	274	20	9
06023	260	230	21	9
06024	256	233	19	4
06025	254	232	12	10
06026	364	323	19	22
06027	289	266	12	11
06028	236	215	14	7
06029	473	429	21	23
06030	394	360	19	15
06031	458	424	23	11
06032	441	401	23	17
06033	453	409	23	21
06034	458	420	21	17
06035	415	363	29	23
06036	491	466	10	15
06037	482	436	27	19
06038	493	441	27	25
06039	393	350	24	19
06040	401	369	17	15
06041	462	419	27	16
06042	457	419	20	18
06043	440	398	21	21
06044	534	488	33	13
06045	463	427	15	21
06046	350	321	13	16
06047	334	297	27	10
06048	455	415	29	11
07001	455	390	39	26
07002	459	406	33	20
07003	435	396	16	23
07004	438	403	25	10
07005	402	348	33	21
07006	565	500	32	33
07007	439	387	31	21
07008	361	325	22	14
07009	737	648	52	37
07010	502	462	23	17
07011	505	463	18	24
07012	437	391	20	26
07013	290	260	19	11
07014	504	451	30	23
07015	429	389	18	22
07016	432	380	36	16
07017	351	319	14	18
07018	419	368	32	19
07019	418	369	30	19
07020	350	315	15	20
07021	334	288	25	21
07022	383	324	39	20
07023	408	365	19	24
07024	368	332	23	13
07025	368	295	48	25
07026	340	310	17	13
07027	351	322	9	20
07028	345	298	33	14
07029	396	351	23	22
07030	346	302	29	15
07031	319	256	38	25
07032	535	480	27	28
07033	521	476	31	14
07034	536	488	28	20
07035	469	418	29	22
07036	529	465	44	20
07037	448	392	29	27
07038	371	339	19	13
07039	394	364	12	18
07040	376	343	20	13
07041	407	369	22	16
07042	388	347	19	22
07043	408	375	18	15
07044	374	345	15	14
07045	428	374	34	20
07046	147	130	12	5
08001	397	339	35	23
08002	425	379	24	22
08003	490	446	28	16
08004	494	460	18	16
08005	476	449	11	16
08006	440	409	18	13
08007	501	450	37	14
08008	452	420	20	12
08009	290	262	15	13
08010	543	501	21	21
08011	380	347	24	9
08012	390	357	18	15
08013	522	468	31	23
08014	380	331	27	22
08015	431	384	22	25
08016	147	131	13	3
08017	382	350	17	15
08018	435	392	26	17
08019	482	446	28	8
08020	519	462	32	25
08021	586	535	29	22
08022	405	363	25	17
08023	357	326	14	17
08024	256	227	12	17
08025	460	403	30	27
08026	397	346	23	28
08027	496	444	29	23
08028	450	413	15	22
08029	500	463	22	15
08030	499	455	21	23
08031	356	320	18	18
08032	359	341	7	11
08033	376	343	13	20
08034	419	392	15	12
08035	507	452	33	22
08036	454	415	20	19
08037	357	317	19	21
08038	337	302	18	17
08039	440	401	22	17
08040	384	341	27	16
08041	491	447	25	19
08042	581	537	21	23
08043	258	232	15	11
08044	330	299	22	9
08045	399	362	20	17
08046	361	325	20	16
08047	385	352	22	11
08048	422	376	27	19
08049	415	380	17	18
08050	450	422	16	12
08051	451	421	19	11
08052	546	500	21	25
08053	266	240	18	8
08054	385	335	30	20
08055	355	331	13	11
08056	468	430	25	13
09001	423	391	18	14
09002	348	319	17	12
09003	308	271	19	18
09004	342	320	12	10
09005	422	393	14	15
09006	400	376	14	10
09007	336	307	20	9
09008	467	421	20	26
09009	499	464	17	18
09010	327	303	12	12
09011	316	287	14	15
09012	483	438	29	16
09013	478	451	17	10
09014	475	435	25	15
09015	532	473	31	28
09016	420	370	27	23
09017	319	300	14	5
09018	307	289	13	5
09019	427	393	19	15
09020	406	374	21	11
09021	400	362	23	15
09022	460	424	21	15
09023	478	442	22	14
09024	425	387	26	12
09025	416	390	16	10
09026	541	489	26	26
09027	359	335	14	10
09028	283	231	36	16
09029	379	344	23	12
09030	368	324	23	21
09031	352	311	24	17
09032	442	404	18	20
09033	325	294	20	11
09034	364	336	18	10
09035	395	368	17	10
09036	377	345	18	14
09037	629	410	159	60
09038	413	380	16	17
09039	452	424	13	15
09040	462	427	16	19
09041	352	325	14	13
09042	443	405	26	12
09043	389	353	15	21
09044	372	345	15	12
09045	355	315	22	18
09046	409	353	37	19
09047	442	413	12	17
09048	457	417	28	12
09049	474	438	20	16
09050	591	536	33	22
09051	416	383	24	9
10001	362	279	51	32
10002	464	144	263	57
10003	497	224	218	55
10004	355	262	66	27
10005	390	132	197	61
10006	389	202	150	37
10007	337	177	109	51
10008	248	198	28	22
10009	468	175	245	48
10010	500	198	238	64
10011	585	349	167	69
10012	339	154	137	48
10013	399	262	100	37
10014	569	236	249	84
10015	788	725	34	29
10016	369	156	169	44
10017	613	214	345	54
10018	262	203	35	24
10019	489	194	247	48
10020	476	210	203	63
10021	472	215	192	65
10022	273	154	87	32
10023	410	235	138	37
10024	487	153	286	48
10025	126	95	20	11
10026	332	218	77	37
10027	413	321	58	34
10028	517	290	158	69
10029	478	260	150	68
10030	425	242	126	57
10031	381	239	91	51
10032	488	234	205	49
10033	357	216	104	37
10034	315	236	58	21
10035	509	198	259	52
10036	121	82	30	9
11001	582	257	266	59
11002	41	23	14	4
11003	566	371	137	58
11004	442	218	186	38
11005	721	460	203	58
11006	868	512	283	73
11007	533	346	146	41
11008	516	258	210	48
11009	487	212	236	39
11010	556	216	291	49
11011	630	262	310	58
11012	753	112	592	49
11013	724	136	536	52
11014	326	124	185	17
11015	222	99	104	19
11016	415	143	239	33
11017	671	345	260	66
11018	471	152	269	50
11019	732	384	261	87
11020	410	130	244	36
11021	668	191	426	51
11022	690	289	341	60
11023	312	96	186	30
11024	618	179	398	41
11025	695	281	342	72
11026	601	246	306	49
11027	220	90	117	13
11028	286	79	179	28
11029	671	172	465	34
11030	305	114	174	17
11031	579	152	396	31
11032	263	64	183	16
11033	727	378	286	63
11034	185	65	102	18
11035	104	41	57	6
11036	280	111	149	20
11037	176	105	65	6
11038	286	185	74	27
12001	485	273	158	54
12002	409	236	124	49
12003	570	313	189	68
12004	556	300	196	60
12005	451	196	199	56
12006	569	311	213	45
12007	447	325	63	59
12008	494	256	191	47
12009	419	209	158	52
12010	615	438	100	77
12011	518	312	158	48
12012	486	279	157	50
12013	533	302	179	52
12014	430	302	87	41
12015	438	279	111	48
12016	414	269	104	41
12017	554	312	188	54
12018	414	279	80	55
12019	477	262	171	44
12020	573	388	133	52
12021	523	290	166	67
12022	457	319	75	63
12023	510	278	168	64
13001	413	120	236	57
13002	347	86	233	28
13003	356	220	108	28
13004	467	126	298	43
13005	498	274	177	47
13006	418	100	301	17
13007	359	178	138	43
13008	334	118	187	29
13009	461	252	165	44
13010	384	60	298	26
13011	449	132	273	44
13012	390	192	154	44
13013	401	204	159	38
13014	417	218	165	34
13015	587	351	179	57
13016	306	185	90	31
13017	377	138	202	37
13018	364	99	237	28
13019	533	355	128	50
13020	316	85	216	15
13021	509	88	385	36
13022	490	112	338	40
13023	349	185	125	39
13024	421	199	172	50
13025	439	232	165	42
13026	437	177	225	35
13027	423	157	223	43
13028	324	175	119	30
13029	344	160	164	20
13030	332	209	93	30
13031	482	106	346	30
13032	394	70	301	23
13033	418	100	283	35
13034	409	253	123	33
13035	365	191	128	46
13036	300	168	89	43
13037	420	236	149	35
13038	367	88	248	31
13039	397	218	144	35
13040	416	201	189	26
13041	499	314	130	55
13042	464	98	337	29
13043	430	181	201	48
13044	437	271	116	50
13045	453	154	260	39
13046	486	235	190	61
13047	472	304	129	39
13048	376	99	241	36
14001	537	80	416	41
14002	621	349	222	50
14003	441	296	96	49
14004	504	107	371	26
14005	641	425	149	67
14006	245	150	69	26
14007	612	361	188	63
14008	565	314	181	70
14009	614	179	384	51
14010	343	185	122	36
14011	274	174	81	19
14012	517	269	198	50
14013	424	236	140	48
14014	441	302	96	43
14015	491	328	114	49
14016	341	185	122	34
14017	407	264	108	35
14018	225	105	92	28
14019	428	275	108	45
14020	355	206	112	37
14021	443	283	117	43
14022	659	292	308	59
14023	395	183	177	35
14024	569	142	377	50
14025	263	152	76	35
14026	353	216	95	42
14027	463	245	164	54
14028	393	245	121	27
14029	349	221	86	42
14030	314	222	71	21
14031	252	149	75	28
15001	392	222	107	63
15002	254	228	14	12
15003	277	252	11	14
15004	451	280	121	50
15005	422	262	109	51
15006	474	266	164	44
15007	268	232	17	19
15008	439	290	91	58
15009	596	366	178	52
15010	597	331	200	66
15011	555	338	163	54
15012	551	330	171	50
15013	434	299	99	36
15014	401	274	92	35
15015	402	266	96	40
15016	503	356	94	53
15017	264	242	13	9
15018	239	210	15	14
15019	379	272	73	34
15020	279	257	12	10
15021	228	200	19	9
15022	268	247	17	4
15023	290	264	18	8
15024	276	245	20	11
16001	545	361	136	48
16002	332	274	36	22
16003	303	282	12	9
16004	384	326	31	27
16005	250	232	13	5
16006	307	277	17	13
16007	349	294	38	17
16008	246	206	26	14
16009	320	295	11	14
16010	314	284	16	14
16011	352	274	45	33
16012	314	253	34	27
16013	406	305	69	32
16014	267	235	20	12
16015	333	299	18	16
16016	294	264	17	13
16017	464	364	67	33
16018	406	326	51	29
16019	346	277	42	27
16020	254	228	18	8
16021	299	271	14	14
16022	324	278	34	12
16023	462	343	84	35
16024	170	157	7	6
16025	397	356	20	21
16026	249	227	11	11
16027	270	253	8	9
16028	303	268	24	11
16029	290	254	24	12
16030	275	247	12	16
16031	321	287	19	15
16032	453	317	89	47
16033	275	263	7	5
16034	293	270	9	14
16035	501	405	64	32
16036	241	211	20	10
17001	464	335	91	38
17002	408	366	23	19
17003	408	350	28	30
17004	492	450	27	15
17005	322	285	17	20
17006	422	365	32	25
17007	410	306	66	38
17008	371	325	30	16
17009	322	291	14	17
17010	527	467	32	28
17011	327	299	16	12
17012	582	432	102	48
17013	326	309	10	7
17014	460	354	65	41
17015	426	397	19	10
17016	479	377	71	31
17017	421	355	44	22
17018	454	423	15	16
17019	251	223	14	14
17020	491	456	19	16
17021	476	428	26	22
17022	385	360	12	13
17023	273	245	16	12
17024	423	387	18	18
17025	327	282	25	20
17026	419	393	17	9
17027	382	346	19	17
17028	332	306	13	13
17029	398	369	14	15
17030	397	287	83	27
17031	245	230	9	6
17032	333	307	15	11
17033	237	202	19	16
17034	286	270	9	7
17035	284	254	16	14
17036	377	340	21	16
17037	324	287	25	12
17038	458	419	19	20
17039	405	374	18	13
17040	441	412	20	9
17041	532	496	17	19
18001	430	364	46	20
18002	514	333	132	49
18003	413	216	170	27
18004	476	416	36	24
18005	279	259	12	8
18006	415	198	193	24
18007	465	352	88	25
18008	448	402	35	11
18009	427	365	51	11
18010	548	478	51	19
18011	424	289	105	30
18012	417	360	36	21
18013	493	419	54	20
18014	464	429	28	7
18015	489	338	121	30
18016	428	368	42	18
18017	461	361	69	31
18018	342	314	13	15
18019	398	368	17	13
18020	339	321	11	7
18021	557	464	60	33
18022	491	449	28	14
18023	451	380	45	26
18024	457	225	186	46
18025	496	234	209	53
18026	538	461	52	25
18027	392	332	39	21
18028	462	203	220	39
18029	520	381	116	23
18030	567	276	244	47
18031	489	407	56	26
18032	448	406	24	18
18033	342	316	18	8
18034	491	434	43	14
18035	505	451	40	14
18036	496	332	126	38
18037	497	434	43	20
18038	410	378	14	18
18039	389	325	41	23
18040	493	318	145	30
18041	525	458	47	20
18042	408	325	48	35
18043	404	225	148	31
18044	440	198	215	27
18045	472	332	109	31
18046	527	288	201	38
18047	352	281	49	22
18048	326	282	23	21
18049	304	259	32	13
18050	364	311	31	22
19001	464	61	386	17
19002	665	437	202	26
19003	463	28	421	14
19004	634	73	542	19
19005	571	278	264	29
19006	592	71	503	18
19007	478	117	335	26
19008	604	42	536	26
19009	377	60	303	14
19010	630	311	288	31
19011	532	28	494	10
19012	482	33	438	11
19013	590	508	56	26
19014	555	312	212	31
19015	731	75	624	32
19016	535	37	473	25
19017	450	61	364	25
19018	493	206	274	13
19019	651	310	310	31
19020	408	273	113	22
19021	576	64	486	26
19022	564	237	295	32
19023	554	65	463	26
19024	401	24	362	15
19025	491	184	290	17
19026	517	149	338	30
19027	499	349	112	38
19028	581	493	60	28
19029	597	74	487	36
19030	530	50	457	23
19031	480	152	297	31
19032	473	80	357	36
19033	598	51	529	18
19034	462	155	281	26
19035	462	167	279	16
19036	701	516	140	45
19037	494	336	130	28
19038	456	323	112	21
19039	235	189	34	12
19040	562	264	268	30
19041	535	53	471	11
19042	429	251	156	22
19043	681	577	77	27
19044	639	63	557	19
19045	544	94	426	24
19046	539	73	457	9
19047	704	494	173	37
19048	609	549	33	27
19049	604	466	116	22
19050	446	119	298	29
19051	587	114	452	21
19052	645	88	523	34
19053	492	112	357	23
19054	470	40	414	16
19055	484	44	430	10
19056	529	277	229	23
19057	421	233	161	27
20001	468	432	21	15
20002	169	153	9	7
20003	401	366	18	17
20004	209	166	33	10
20005	539	472	39	28
20006	205	181	7	17
20007	547	494	26	27
20008	404	371	19	14
20009	635	551	41	43
20010	330	305	14	11
20011	600	543	27	30
20012	438	393	20	25
20013	469	409	42	18
20014	267	248	7	12
20015	457	331	89	37
20016	539	475	42	22
20017	303	223	59	21
20018	326	293	18	15
20019	475	430	23	22
20020	350	243	71	36
20021	383	342	25	16
20022	615	540	43	32
20023	445	407	23	15
20024	592	510	55	27
20025	326	291	23	12
20026	433	381	32	20
20027	269	236	19	14
20028	292	265	11	16
20029	533	489	28	16
20030	210	183	20	7
20031	562	498	39	25
20032	382	343	25	14
20033	279	252	15	12
20034	575	493	54	28
20035	347	313	21	13
20036	153	137	11	5
20037	141	128	6	7
20038	160	135	20	5
20039	40	40	0	0
21001	483	447	23	13
21002	357	318	20	19
21003	446	403	26	17
21004	432	409	14	9
21005	468	431	21	16
21006	379	344	21	14
21007	442	410	20	12
21008	476	431	24	21
21009	459	431	15	13
21010	371	340	16	15
21011	411	382	15	14
21012	406	379	12	15
21013	462	422	26	14
21014	471	444	17	10
21015	411	373	15	23
21016	421	378	27	16
21017	391	355	23	13
21018	504	466	22	16
21019	486	457	14	15
21020	409	376	19	14
21021	372	328	18	26
21022	401	360	23	18
21023	407	382	9	16
21024	452	411	24	17
21025	386	348	21	17
21026	469	425	28	16
21027	478	447	18	13
21028	528	490	22	16
21029	482	436	20	26
21030	390	356	20	14
21031	328	297	16	15
21032	445	417	16	12
21033	384	347	27	10
21034	422	382	25	15
21035	528	471	41	16
21036	446	407	20	19
21037	331	308	11	12
21038	453	420	20	13
21039	402	371	19	12
21040	401	357	23	21
21041	464	426	23	15
21042	481	434	28	19
21043	445	407	20	18
21044	474	413	44	17
21045	426	386	24	16
21046	467	426	26	15
21047	415	381	20	14
21048	436	394	17	25
21049	477	445	16	16
21050	314	277	23	14
21051	447	410	21	16
21052	447	410	21	16
21053	370	332	23	15
21054	386	352	16	18
22001	261	240	11	10
22002	569	238	274	57
22003	677	433	162	82
22004	354	238	74	42
22005	420	255	123	42
22006	424	271	100	53
22007	339	252	53	34
22008	647	348	233	66
22009	359	248	77	34
22010	599	398	149	52
22011	356	238	77	41
22012	378	193	145	40
22013	462	304	101	57
22014	371	266	61	44
22015	378	249	78	51
22016	363	230	90	43
22017	599	395	145	59
22018	375	256	81	38
22019	220	188	17	15
22020	446	315	98	33
22021	441	394	31	16
22022	423	274	98	51
22023	502	443	37	22
22024	519	338	129	52
22025	423	280	92	51
23001	436	97	318	21
23002	494	127	327	40
23003	436	84	325	27
23004	526	128	347	51
23005	450	261	138	51
23006	461	229	188	44
23007	419	246	131	42
23008	547	223	266	58
23009	421	261	120	40
23010	510	272	186	52
23011	502	310	143	49
23012	500	78	384	38
23013	419	266	111	42
23014	443	89	320	34
23015	412	273	102	37
23016	464	86	352	26
23017	351	230	89	32
23018	418	104	277	37
23019	382	230	101	51
23020	316	201	87	28
23021	450	85	342	23
23022	468	154	270	44
23023	437	106	291	40
23024	396	221	132	43
23025	379	223	136	20
23026	449	213	179	57
23027	433	65	334	34
23028	512	133	339	40
23029	400	110	253	37
23030	513	278	181	54
23031	384	246	105	33
23032	415	251	113	51
23033	499	304	140	55
23034	487	299	136	52
23035	358	93	238	27
23036	460	85	344	31
23037	510	105	383	22
23038	422	119	263	40
23039	484	296	147	41
24001	352	320	17	15
24002	391	357	23	11
24003	460	408	32	20
24004	330	299	10	21
24005	215	207	6	2
24006	398	353	24	21
24007	276	196	46	34
24008	184	165	14	5
24009	390	355	19	16
24010	185	167	12	6
24011	457	408	30	19
24012	250	215	20	15
24013	236	209	12	15
24014	368	330	28	10
24015	215	193	17	5
24016	1130	925	118	87
24017	289	265	14	10
24018	408	372	19	17
24019	452	412	23	17
24020	332	309	12	11
24021	205	175	17	13
24022	462	409	25	28
24023	335	307	19	9
24024	435	397	23	15
24025	309	279	18	12
24026	569	519	30	20
24027	389	349	30	10
24028	251	230	11	10
24029	278	254	10	14
24030	238	217	16	5
24031	419	379	20	20
24032	202	189	7	6
24033	243	212	17	14
24034	377	340	18	19
24035	390	360	14	16
24036	438	389	30	19
24037	218	201	9	8
24038	294	263	23	8
24039	387	310	50	27
24040	471	426	25	20
24041	274	254	18	2
25001	451	290	113	48
25002	688	529	102	57
25003	1057	566	417	74
25004	459	346	98	15
25005	592	345	174	73
25006	204	86	104	14
25007	594	422	113	59
25008	643	445	108	90
25009	559	384	109	66
25010	868	406	395	67
25011	587	386	123	78
25012	538	331	135	72
25013	660	460	115	85
25014	441	234	170	37
25015	489	314	132	43
25016	1058	454	548	56
25017	611	413	126	72
25018	365	169	156	40
25019	597	436	109	52
25020	352	299	35	18
25021	1133	702	340	91
25022	570	414	108	48
25023	644	424	143	77
25024	573	417	103	53
25025	540	244	265	31
25026	564	347	143	74
25027	800	441	287	72
25028	595	412	124	59
25029	469	358	79	32
25030	547	345	133	69
25031	1213	542	584	87
25032	503	261	188	54
26001	477	334	108	35
26002	377	262	86	29
26003	553	340	156	57
26004	330	233	64	33
26005	399	304	59	36
26006	374	255	81	38
26007	411	319	59	33
26008	275	179	55	41
26009	374	255	87	32
26010	439	300	94	45
26011	424	251	125	48
26012	463	332	85	46
26013	263	179	57	27
26014	355	253	68	34
26015	293	196	65	32
26016	240	153	57	30
26017	408	189	179	40
26018	321	215	70	36
26019	290	216	51	23
26020	407	282	86	39
26021	522	399	84	39
26022	260	162	77	21
26023	325	224	72	29
26024	377	256	87	34
26025	365	274	73	18
26026	321	247	41	33
26027	502	356	105	41
26028	576	325	205	46
26029	241	177	50	14
26030	358	271	63	24
26031	214	135	60	19
26032	548	299	184	65
26033	509	365	90	54
26034	465	351	88	26
26035	387	275	73	39
26036	451	279	126	46
26037	465	348	76	41
26038	236	148	54	34
26039	516	341	121	54
26040	296	195	67	34
26041	483	353	82	48
26042	358	266	67	25
26043	263	167	52	44
26044	242	170	45	27
26045	229	152	53	24
26046	349	163	141	45
26047	329	221	79	29
26048	461	333	81	47
26049	291	189	76	26
27001	1270	678	498	94
27002	584	332	209	43
27003	259	230	17	12
27004	280	228	34	18
27005	412	332	53	27
27006	655	411	211	33
27007	771	487	206	78
27008	403	339	36	28
27009	298	131	143	24
27010	433	374	44	15
27011	683	324	296	63
27012	471	237	213	21
27013	704	553	116	35
27014	242	219	12	11
27015	258	230	17	11
27016	655	349	256	50
27017	513	394	93	26
27018	352	286	44	22
27019	261	208	34	19
27020	379	339	28	12
27021	549	241	260	48
27022	236	209	16	11
27023	346	315	18	13
27024	333	266	50	17
27025	486	374	86	26
27026	337	293	32	12
27027	664	527	87	50
27028	757	411	299	47
27029	315	227	58	30
27030	238	207	15	16
27031	374	323	36	15
27032	468	368	68	32
27033	747	466	232	49
27034	329	291	19	19
27035	678	334	286	58
27036	358	287	44	27
27037	578	373	178	27
27038	713	468	191	54
27039	350	288	42	20
27040	784	447	263	74
27041	414	372	31	11
27042	373	221	129	23
27043	392	331	38	23
27044	348	307	26	15
27045	1660	893	659	108
27046	497	188	275	34
27047	348	280	55	13
27048	1058	715	284	59
27049	346	306	26	14
27050	471	412	36	23
28001	302	273	21	8
28002	365	313	32	20
28003	296	269	17	10
28004	426	259	139	28
28005	267	204	43	20
28006	226	131	75	20
28007	398	370	17	11
28008	649	358	246	45
28009	386	356	18	12
28010	560	346	172	42
28011	914	645	183	86
28012	364	338	18	8
28013	473	423	29	21
28014	373	330	25	18
28015	74	70	2	2
28016	250	224	15	11
28017	324	299	9	16
28018	328	294	22	12
28019	336	205	92	39
28020	325	284	21	20
28021	313	288	14	11
28022	372	331	23	18
28023	494	456	21	17
28024	338	290	32	16
28025	564	498	42	24
28026	368	342	15	11
28027	445	223	183	39
28028	546	273	222	51
28029	213	180	24	9
28030	55	48	5	2
28031	452	409	28	15
28032	375	337	22	16
28033	423	382	21	20
28034	691	582	58	51
28035	450	410	24	16
28036	207	190	11	6
28037	445	404	25	16
28038	148	133	9	6
28039	308	271	22	15
28040	487	458	15	14
28041	263	242	12	9
28042	398	363	18	17
28043	499	464	17	18
28044	286	263	11	12
28045	624	347	210	67
28046	775	503	217	55
29001	638	373	207	58
29002	612	571	27	14
29003	520	473	31	16
29004	564	496	35	33
29005	374	319	29	26
29006	361	327	18	16
29007	505	363	114	28
29008	449	403	25	21
29009	535	283	222	30
29010	632	372	217	43
29011	271	242	19	10
29012	559	469	52	38
29013	492	441	28	23
29014	410	376	18	16
29015	515	450	42	23
29016	446	414	18	14
29017	447	401	29	17
29018	459	399	34	26
29019	469	426	31	12
29020	489	444	32	13
29021	657	594	38	25
29022	380	300	54	26
29023	596	283	280	33
29024	455	389	40	26
29025	526	485	27	14
29026	449	390	43	16
29027	425	386	21	18
29028	583	544	23	16
29029	632	221	348	63
29030	664	461	158	45
29031	593	201	343	49
29032	597	189	350	58
29033	337	303	26	8
29034	353	282	53	18
29035	360	328	13	19
29036	401	362	18	21
29037	447	384	36	27
29038	609	317	231	61
29039	577	229	300	48
29040	536	482	28	26
29041	408	368	22	18
29042	526	484	21	21
29043	600	411	145	44
29044	617	545	49	23
30001	603	322	210	71
30002	583	277	248	58
30003	434	250	133	51
30004	537	250	228	59
30005	422	247	140	35
30006	439	247	154	38
30007	591	344	185	62
30008	646	398	183	65
30009	491	239	200	52
30010	586	333	193	60
30011	535	339	140	56
30012	509	278	181	50
30013	539	274	211	54
30014	420	256	127	37
30015	478	257	177	44
30016	317	175	115	27
30017	568	292	230	46
30018	654	459	129	66
30019	545	357	150	38
30020	596	315	215	66
30021	406	159	217	30
30022	766	504	186	76
30023	675	434	176	65
30024	797	561	176	60
30025	799	549	169	81
30026	353	191	128	34
30027	397	215	149	33
30028	551	359	149	43
30029	374	239	104	31
30030	238	130	79	29
30031	363	185	142	36
30032	452	280	131	41
31001	352	222	90	40
31002	318	191	94	33
31003	363	191	132	40
31004	458	329	103	26
31005	368	197	123	48
31006	267	158	73	36
31007	525	386	107	32
31008	333	203	102	28
31009	392	234	120	38
31010	427	292	96	39
31011	317	178	110	29
31012	323	147	134	42
31013	402	238	114	50
31014	359	210	110	39
31015	370	191	131	48
31016	433	312	94	27
31017	351	195	121	35
31018	342	194	105	43
31019	337	176	120	41
31020	325	185	112	28
31021	330	185	108	37
31022	319	220	64	35
31023	392	240	117	35
31024	379	244	97	38
31025	364	188	142	34
31026	374	214	129	31
31027	418	244	144	30
31028	331	197	102	32
31029	353	194	115	44
31030	293	184	71	38
31031	317	167	119	31
31032	301	181	90	30
31033	352	189	121	42
31034	395	229	138	28
31035	448	264	129	55
31036	390	206	137	47
31037	356	215	114	27
31038	332	207	95	30
31039	406	293	71	42
31040	410	266	109	35
31041	341	223	84	34
32001	860	480	287	93
32002	786	432	300	54
32003	713	468	195	50
32004	651	360	244	47
32005	736	429	237	70
32006	827	498	274	55
32007	799	430	310	59
32008	911	459	394	58
32009	730	396	275	59
32010	815	401	356	58
32011	589	463	96	30
32012	458	350	87	21
32013	807	399	354	54
32014	710	532	135	43
32015	672	369	245	58
32016	680	403	215	62
32017	645	459	142	44
32018	712	314	351	47
32019	667	381	224	62
32020	619	466	107	46
32021	707	384	280	43
32022	796	594	145	57
32023	758	397	319	42
32024	648	289	322	37
32025	677	351	261	65
32026	685	503	130	52
32027	777	341	384	52
32028	660	479	126	55
32029	725	459	220	46
32030	732	297	389	46
32031	776	391	327	58
32032	809	458	281	70
32033	689	375	267	47
32034	777	458	237	82
32035	697	351	294	52
32036	760	418	292	50
32037	824	474	282	68
32038	735	384	288	63
32039	839	330	465	44
32040	713	355	295	63
32041	772	368	355	49
32042	699	355	293	51
32043	595	418	131	46
33001	703	490	153	60
33002	929	614	233	82
33003	941	647	218	76
33004	919	547	282	90
33005	688	405	209	74
33006	598	354	168	76
33007	720	473	179	68
33008	846	526	261	59
33009	774	420	275	79
33010	597	306	207	84
33011	707	423	219	65
33012	709	400	202	107
33013	655	434	157	64
33014	335	229	80	26
33015	706	452	180	74
33016	955	529	305	121
33017	713	421	224	68
33018	993	694	209	90
33019	855	497	254	104
33020	860	599	200	61
33021	709	455	191	63
33022	648	349	224	75
33023	755	449	215	91
33024	814	484	273	57
33025	828	486	262	80
33026	533	388	101	44
33027	817	542	206	69
33028	618	466	95	57
34001	474	446	12	16
34002	387	351	32	4
34003	443	404	22	17
34004	338	315	15	8
34005	399	364	21	14
34006	500	448	35	17
34007	479	441	19	19
34008	385	355	22	8
34009	315	282	19	14
34010	453	412	22	19
34011	388	355	14	19
34012	474	434	25	15
34013	450	408	26	16
34014	361	328	18	15
34015	418	383	19	16
34016	399	365	22	12
34017	542	504	20	18
34018	318	290	18	10
34019	501	450	30	21
34020	485	443	25	17
34021	503	459	21	23
34022	438	408	20	10
34023	368	346	14	8
34024	390	357	20	13
34025	659	616	25	18
34026	509	474	23	12
34027	372	328	25	19
34028	292	269	14	9
34029	364	335	17	12
34030	419	387	18	14
34031	363	334	19	10
34032	440	398	25	17
34033	375	351	13	11
34034	506	469	26	11
34035	545	495	30	20
34036	382	351	21	10
34037	253	231	14	8
34038	222	195	21	6
34039	338	316	10	12
34040	491	451	12	28
34041	269	244	9	16
34042	428	405	12	11
34043	389	358	12	19
34044	414	387	18	9
34045	448	404	22	22
34046	295	273	13	9
34047	403	378	14	11
34048	441	396	28	17
34049	408	368	29	11
34050	357	331	13	13
34051	464	421	32	11
34052	334	302	20	12
34053	310	283	10	17
35001	622	406	152	64
35002	595	414	135	46
35003	537	368	122	47
35004	592	334	190	68
35005	507	379	87	41
35006	608	433	114	61
35007	607	472	84	51
35008	589	423	103	63
35009	546	332	171	43
35010	686	558	90	38
35011	678	461	154	63
35012	433	284	99	50
35013	429	297	88	44
35014	473	317	116	40
35015	696	496	122	78
35016	347	237	81	29
35017	594	438	97	59
35018	386	241	104	41
35019	381	253	87	41
35020	600	376	143	81
35021	597	417	117	63
35022	701	497	157	47
35023	606	357	193	56
35024	533	336	136	61
35025	615	474	107	34
35026	505	282	172	51
35027	554	366	134	54
35028	571	383	125	63
35029	587	375	157	55
35030	566	349	163	54
35031	618	382	183	53
36001	503	274	185	44
36002	496	316	135	45
36003	438	256	146	36
36004	537	331	150	56
36005	430	297	114	19
36006	456	261	158	37
36007	600	200	351	49
36008	412	243	115	54
36009	474	309	116	49
36010	654	321	267	66
36011	355	202	111	42
36012	334	224	88	22
36013	372	237	105	30
36014	550	236	248	66
36015	547	213	282	52
36016	517	227	237	53
36017	624	245	300	79
36018	553	237	247	69
36019	629	352	221	56
36020	579	270	257	52
36021	450	262	138	50
36022	441	280	125	36
36023	446	283	114	49
36024	596	281	256	59
36025	508	317	133	58
36026	515	175	286	54
36027	454	223	177	54
36028	532	215	271	46
36029	567	216	294	57
36030	497	200	246	51
37001	371	328	25	18
37002	364	305	35	24
37003	304	267	23	14
37004	344	275	42	27
37005	437	391	29	17
37006	441	396	31	14
37007	351	271	60	20
37008	308	245	43	20
37009	434	387	27	20
37010	524	421	70	33
37011	286	265	17	4
37012	401	311	59	31
37013	314	280	17	17
37014	462	395	42	25
37015	446	399	29	18
37016	489	438	35	16
37017	316	288	20	8
37018	370	325	28	17
37019	312	264	28	20
37020	382	344	26	12
37021	374	297	45	32
37022	396	312	55	29
37023	401	370	25	6
37024	439	394	30	15
37025	371	332	31	8
37026	559	458	77	24
37027	392	349	23	20
37028	383	332	37	14
37029	403	368	23	12
37030	416	376	27	13
37031	481	415	39	27
37032	368	326	32	10
37033	462	418	31	13
37034	369	335	21	13
37035	412	377	17	18
37036	403	353	32	18
37037	465	425	28	12
37038	447	392	36	19
37039	406	373	24	9
37040	445	407	22	16
37041	437	378	33	26
38001	517	239	227	51
38002	604	59	517	28
38003	593	176	368	49
38004	546	149	348	49
38005	585	196	347	42
38006	589	174	373	42
38007	551	105	404	42
38008	545	168	337	40
38009	661	154	472	35
38010	505	186	278	41
38011	510	193	283	34
38012	573	83	457	33
38013	640	166	419	55
38014	582	215	327	40
38015	528	205	271	52
38016	548	141	355	52
38017	685	133	507	45
38018	597	171	378	48
38019	637	199	394	44
38020	595	96	448	51
38021	529	212	258	59
38022	507	196	252	59
38023	569	212	307	50
38024	606	122	447	37
38025	535	178	322	35
38026	606	189	379	38
38027	603	160	395	48
38028	691	155	481	55
38029	604	187	371	46
38030	592	151	401	40
38031	542	221	277	44
38032	534	212	257	65
38033	547	237	262	48
38034	512	250	210	52
38035	548	249	239	60
38036	541	194	292	55
38037	548	215	298	35
38038	560	168	329	63
38039	585	199	331	55
38040	564	208	300	56
38041	499	243	208	48
39001	565	168	354	43
39002	444	189	230	25
39003	606	303	240	63
39004	547	151	353	43
39005	572	261	265	46
39006	561	291	207	63
39007	498	233	221	44
39008	597	299	257	41
39009	520	241	233	46
39010	264	147	83	34
39011	549	235	268	46
39012	730	467	208	55
39013	503	267	190	46
39014	555	242	247	66
39015	678	177	462	39
39016	541	315	179	47
39017	580	265	273	42
39018	556	273	237	46
39019	546	268	230	48
39020	713	200	466	47
39021	563	153	367	43
39022	549	332	174	43
39023	573	170	366	37
39024	715	171	485	59
39025	480	294	149	37
39026	545	156	361	28
39027	87	22	60	5
39028	674	388	225	61
39029	297	200	75	22
39030	648	432	171	45
39031	485	254	182	49
39032	523	195	292	36
39033	572	315	212	45
39034	658	372	225	61
39035	562	335	172	55
39036	137	70	56	11
39037	528	171	322	35
39038	288	109	162	17
39039	348	142	181	25
39040	594	198	357	39
39041	600	208	349	43
39042	597	131	442	24
39043	591	179	381	31
39044	466	122	314	30
39045	511	128	364	19
40001	571	287	238	46
40002	633	358	216	59
40003	753	502	195	56
40004	384	224	134	26
40005	656	409	200	47
40006	714	520	144	50
40007	598	373	179	46
40008	814	569	179	66
40009	496	305	144	47
40010	690	448	194	48
40011	615	383	173	59
40012	551	325	184	42
40013	889	662	166	61
40014	594	292	248	54
40015	623	326	233	64
40016	810	559	174	77
40017	518	291	194	33
40018	504	366	110	28
40019	753	437	241	75
40020	648	387	205	56
40021	683	462	178	43
40022	739	504	184	51
40023	715	509	155	51
40024	583	304	233	46
40025	711	505	155	51
40026	656	459	162	35
40027	781	537	171	73
40028	634	469	119	46
40029	627	325	261	41
40030	523	232	268	23
40031	683	476	162	45
40032	669	474	156	39
40033	590	418	132	40
40034	572	287	253	32
40035	433	257	147	29
40036	539	367	133	39
40037	640	450	146	44
40038	757	495	204	58
40039	260	161	80	19
41001	576	84	459	33
41002	641	71	540	30
41003	582	161	385	36
41004	594	89	476	29
41005	727	153	530	44
41006	674	127	531	16
41007	640	113	486	41
41008	605	98	465	42
41009	596	150	413	33
41010	609	108	475	26
41011	658	117	498	43
41012	646	143	463	40
41013	739	135	569	35
41014	639	173	438	28
41015	762	157	547	58
41016	580	104	438	38
41017	536	122	381	33
41018	576	98	439	39
41019	660	183	436	41
41020	449	110	312	27
41021	599	141	420	38
41022	673	139	499	35
41023	657	96	533	28
41024	588	116	441	31
41025	608	213	353	42
41026	528	105	383	40
41027	584	142	401	41
41028	662	271	338	53
41029	521	162	317	42
41030	587	143	396	48
41031	553	121	408	24
41032	507	109	361	37
41033	570	112	435	23
41034	566	113	423	30
41035	744	140	556	48
41036	604	148	422	34
41037	670	153	482	35
41038	603	132	418	53
41039	647	144	473	30
41040	702	103	569	30
41041	659	110	511	38
41042	632	106	489	37
41043	647	137	474	36
41044	629	79	514	36
41045	593	129	428	36
41046	606	105	467	34
41047	671	149	494	28
42001	581	187	362	32
42002	884	485	352	47
42003	723	409	277	37
42004	1760	836	810	114
42005	613	260	316	37
42006	647	260	339	48
42007	843	327	480	36
42008	581	275	272	34
42009	925	513	326	86
42010	993	489	423	81
42011	486	179	280	27
42012	606	227	342	37
42013	539	191	313	35
42014	1015	449	501	65
42015	1032	412	559	61
42016	743	355	328	60
42017	1201	471	658	72
42018	944	483	397	64
42019	895	302	547	46
42020	952	407	483	62
42021	872	497	336	39
42022	427	169	239	19
42023	816	292	486	38
42024	687	247	407	33
42025	851	351	449	51
42026	1222	537	613	72
42027	497	228	234	35
42028	705	329	326	50
42029	863	315	489	59
42030	541	162	356	23
42031	888	349	478	61
42032	889	391	449	49
42033	777	433	293	51
42034	581	192	365	24
42035	904	437	395	72
42036	1287	618	573	96
42037	575	221	325	29
42038	727	285	395	47
42039	1335	638	620	77
42040	1067	541	437	89
42041	730	372	302	56
42042	1271	698	497	76
43001	379	190	176	13
43002	752	355	367	30
43003	663	266	353	44
43004	875	401	420	54
43005	660	296	334	30
43006	535	296	212	27
43007	451	226	209	16
43008	507	239	239	29
43009	696	309	347	40
43010	855	384	427	44
43011	664	295	346	23
43012	428	225	172	31
43013	659	377	236	46
43014	692	283	378	31
43015	702	323	341	38
43016	994	537	408	49
43017	548	236	283	29
43018	799	345	407	47
43019	700	351	319	30
43020	840	441	344	55
43021	802	417	338	47
43022	498	290	179	29
43023	500	243	231	26
43024	533	247	251	35
43025	555	227	285	43
43026	416	206	190	20
43027	625	302	288	35
43028	866	398	417	51
43029	974	518	409	47
43030	710	352	317	41
43031	652	338	279	35
43032	717	388	292	37
43033	689	238	417	34
43034	432	234	172	26
43035	722	278	416	28
43036	461	256	180	25
43037	779	485	234	60
43038	536	185	334	17
43039	563	266	272	25
43040	510	313	171	26
43041	827	380	405	42
43042	664	367	239	58
43043	729	271	420	38
43044	684	345	307	32
43045	407	189	191	27
43046	447	247	180	20
44001	1062	655	325	82
44002	756	378	323	55
44003	386	191	181	14
44004	571	304	221	46
44005	704	471	188	45
44006	945	605	276	64
44007	475	201	243	31
44008	987	659	262	66
44009	749	384	314	51
44010	796	444	306	46
44011	838	440	328	70
44012	745	439	264	42
44013	639	302	301	36
44014	696	399	253	44
44015	672	426	211	35
44016	853	442	343	68
44017	936	594	278	64
44018	834	480	300	54
44019	858	532	284	42
44020	882	571	266	45
44021	854	566	232	56
44022	676	377	246	53
44023	686	456	180	50
44024	514	281	209	24
44025	753	400	307	46
44026	894	595	237	62
44027	859	469	335	55
44028	753	483	213	57
44029	861	513	292	56
44030	898	484	354	60
44031	664	385	225	54
44032	850	467	324	59
44033	764	562	147	55
44034	738	466	219	53
44035	809	432	323	54
44036	819	481	279	59
44037	801	503	270	28
44038	927	480	377	70
44039	797	439	321	37
44040	743	375	309	59
44041	947	623	247	77
45001	477	277	154	46
45002	573	388	147	38
45003	512	293	164	55
45004	680	341	285	54
45005	610	275	283	52
45006	774	410	306	58
45007	818	382	363	73
45008	585	282	248	55
45009	579	296	233	50
45010	583	254	274	55
45011	441	213	185	43
45012	549	274	218	57
45013	486	229	207	50
45014	817	421	316	80
45015	671	331	273	67
45016	469	220	201	48
45017	642	282	301	59
45018	649	256	343	50
45019	344	157	153	34
45020	423	185	200	38
45021	526	180	304	42
45022	564	205	320	39
45023	557	166	358	33
45024	472	122	308	42
45025	383	108	243	32
45026	339	95	229	15
45027	580	180	372	28
45028	494	182	262	50
45029	385	109	242	34
45030	533	248	229	56
45031	474	229	204	41
45032	537	216	263	58
45033	405	187	166	52
45034	587	260	280	47
45035	624	240	340	44
45036	610	237	342	31
45037	566	216	301	49
45038	579	238	286	55
45039	570	191	319	60
45040	533	135	348	50
45041	536	153	335	48
45042	534	150	349	35
45043	604	167	395	42
45044	553	143	363	47
45045	403	93	288	22
45046	462	114	310	38
45047	425	101	306	18
45048	489	104	359	26
46001	491	331	118	42
46002	640	457	132	51
46003	781	478	251	52
46004	620	446	119	55
46005	888	568	254	66
46006	604	437	116	51
46007	670	367	249	54
46008	474	370	76	28
46009	729	496	160	73
46010	1172	765	326	81
46011	689	439	194	56
46012	733	540	134	59
46013	697	422	202	73
46014	755	602	113	40
46015	712	420	224	68
46016	727	512	152	63
46017	713	426	223	64
46018	786	447	270	69
46019	455	229	179	47
46020	568	429	102	37
46021	518	359	113	46
46022	477	369	72	36
46023	606	455	111	40
46024	832	540	229	63
46025	642	486	111	45
46026	945	664	189	92
46027	876	599	198	79
46028	623	343	231	49
46029	554	337	177	40
46030	724	518	152	54
46031	698	472	158	68
46032	664	484	128	52
46033	718	442	234	42
46034	852	580	188	84
46035	751	540	164	47
46036	645	343	246	56
46037	552	412	104	36
46038	807	589	162	56
46039	655	384	215	56
46040	549	360	141	48
47001	485	273	176	36
47002	692	331	302	59
47003	649	316	285	48
47004	820	450	309	61
47005	724	490	179	55
47006	836	500	275	61
47007	655	381	223	51
47008	685	363	273	49
47009	681	381	258	42
47010	816	587	172	57
47011	729	396	276	57
47012	740	454	231	55
47013	663	441	162	60
47014	641	342	256	43
47015	806	653	105	48
47016	674	373	247	54
47017	697	344	287	66
47018	671	369	242	60
47019	1069	810	196	63
47020	699	432	213	54
47021	651	411	197	43
47022	731	440	245	46
47023	773	578	132	63
47024	754	440	265	49
47025	854	558	249	47
47026	915	669	193	53
47027	608	358	204	46
47028	634	394	192	48
47029	803	485	258	60
47030	842	582	195	65
47031	714	476	180	58
47032	818	614	157	47
47033	721	393	270	58
47034	704	445	220	39
47035	692	377	275	40
47036	776	545	174	57
47037	660	431	177	52
47038	694	460	185	49
47039	687	441	188	58
47040	640	396	203	41
47041	757	480	217	60
47042	657	448	162	47
47043	647	311	281	55
47044	656	347	258	51
47045	617	428	156	33
47046	736	380	298	58
47047	847	452	339	56
47048	51	34	17	0
48001	633	490	100	43
48002	292	166	107	19
48003	737	532	150	55
48004	618	464	110	44
48005	355	214	114	27
48006	780	570	157	53
48007	675	502	131	42
48008	338	175	128	35
48009	458	234	183	41
48010	875	656	172	47
48011	519	371	121	27
48012	798	597	158	43
48013	812	494	257	61
48014	310	179	114	17
48015	416	276	108	32
48016	708	521	122	65
48017	558	396	110	52
48018	452	288	123	41
48019	442	311	100	31
48020	667	491	128	48
48021	856	616	174	66
48022	495	258	196	41
48023	600	361	192	47
48024	784	404	302	78
48025	521	369	120	32
48026	313	191	97	25
48027	629	467	113	49
48028	751	460	230	61
48029	281	184	78	19
48030	535	408	106	21
48031	906	661	164	81
48032	696	514	129	53
48033	344	197	122	25
48034	560	391	134	35
48035	412	267	109	36
48036	358	208	123	27
48037	683	496	137	50
48038	644	426	186	32
48039	503	304	160	39
48040	559	405	114	40
48041	836	662	105	69
48042	693	533	108	52
48043	749	524	168	57
48044	780	585	150	45
48045	465	348	71	46
48046	418	288	109	21
49001	423	360	32	31
49002	394	290	72	32
49003	794	603	132	59
49004	833	647	108	78
49005	597	448	91	58
49006	569	426	100	43
49007	531	366	134	31
49008	584	408	131	45
49009	667	483	130	54
49010	721	540	129	52
49011	819	658	113	48
49012	783	614	114	55
49013	740	545	150	45
49014	515	376	101	38
49015	485	368	80	37
49016	601	419	120	62
49017	520	372	128	20
49018	804	633	117	54
49019	619	494	81	44
49020	976	787	131	58
49021	407	300	80	27
49022	680	493	131	56
49023	831	653	115	63
49024	542	447	56	39
49025	823	616	142	65
49026	759	575	133	51
49027	744	572	101	71
49028	902	688	117	97
49029	768	587	122	59
49030	693	502	139	52
49031	485	343	100	42
49032	621	493	81	47
49033	517	403	82	32
50001	530	184	322	24
50002	343	138	186	19
50003	487	169	293	25
50004	592	311	236	45
50005	391	118	254	19
50006	555	333	194	28
50007	597	347	205	45
50008	517	358	117	42
50009	432	235	178	19
50010	603	242	326	35
50011	374	68	295	11
50012	250	111	125	14
50013	632	438	144	50
50014	186	66	103	17
50015	601	366	208	27
50016	176	58	108	10
50017	588	317	242	29
50018	93	20	71	2
50019	419	297	100	22
50020	546	306	187	53
50021	479	276	180	23
50022	496	216	252	28
50023	405	191	190	24
50024	427	89	318	20
50025	547	171	357	19
50026	573	332	210	31
50027	192	78	103	11
50028	555	388	129	38
50029	545	373	131	41
50030	416	281	114	21
50031	697	499	154	44
50032	603	443	113	47
50033	417	107	284	26
50034	705	329	331	45
50035	659	456	157	46
50036	527	321	172	34
50037	538	333	148	57
50038	212	71	127	14
50039	370	157	194	19
50040	525	113	397	15
