Precinct	total_votes	votes|Jacob Meister	votes|Iris Y. Martinez	votes|Richard R. Boykin	votes|Michael M. Cabonargi
01001	278	78	126	35	39
01002	260	56	159	20	25
01003	290	63	126	41	60
01004	251	67	105	24	55
01005	272	68	94	41	69
01006	234	56	95	39	44
01007	201	53	98	17	33
01008	206	55	75	31	45
01009	197	65	96	16	20
01010	278	83	97	40	58
01011	290	87	109	40	54
01012	336	89	146	44	57
01013	134	43	71	8	12
01014	274	59	137	41	37
01015	207	48	106	18	35
01016	341	92	172	29	48
01017	262	96	113	21	32
01018	258	62	135	22	39
01019	296	75	143	31	47
01020	247	62	126	31	28
01021	327	79	136	43	69
01022	177	49	95	12	21
01023	421	137	189	40	55
01024	267	56	143	36	32
01025	247	73	127	24	23
01026	194	34	126	16	18
01027	291	76	121	40	54
01028	83	9	55	11	8
01029	320	98	128	40	54
01030	318	87	162	22	47
01031	192	55	91	22	24
01032	246	61	106	30	49
01033	300	79	116	29	76
01034	234	64	111	15	44
01035	300	77	122	24	77
01036	277	75	106	41	55
01037	223	47	101	22	53
01038	204	63	90	22	29
01039	196	45	97	21	33
01040	266	52	123	34	57
01041	182	47	92	19	24
01042	73	19	40	4	10
01043	164	35	88	13	28
01044	234	81	94	25	34
02001	257	63	99	39	56
02002	185	37	57	33	58
02003	288	71	114	46	57
02004	244	64	102	30	48
02005	298	68	149	26	55
02006	248	61	118	16	53
02007	183	42	71	30	40
02008	261	67	105	35	54
02009	162	21	52	42	47
02010	158	28	25	41	64
02011	237	34	66	45	92
02012	259	45	66	72	76
02013	249	39	67	55	88
02014	317	89	135	26	67
02015	236	64	84	37	51
02016	237	65	85	39	48
02017	320	83	114	50	73
02018	245	41	78	44	82
02019	119	26	29	23	41
02020	241	53	87	15	86
02021	292	90	113	30	59
02022	267	55	80	48	84
02023	162	38	32	38	54
02024	179	42	47	43	47
02025	278	65	119	28	66
02026	200	32	77	37	54
02027	179	40	50	44	45
02028	222	43	77	41	61
02029	249	51	79	38	81
02030	191	36	58	30	67
02031	301	56	97	72	76
02032	169	32	60	35	42
02033	384	70	108	80	126
02034	220	39	49	51	81
02035	242	37	77	49	79
02036	213	39	74	33	67
02037	247	37	72	43	95
02038	197	27	65	46	59
02039	129	21	44	28	36
02040	186	42	67	30	47
02041	201	44	70	32	55
02042	207	55	68	35	49
02043	236	52	71	48	65
02044	147	30	40	34	43
02045	240	47	76	46	71
02046	145	32	55	27	31
03001	334	21	71	153	89
03002	428	24	84	221	99
03003	169	33	30	70	36
03004	367	20	78	175	94
03005	172	16	47	75	34
03006	338	45	124	61	108
03007	203	22	41	89	51
03008	198	23	44	88	43
03009	342	40	72	155	75
03010	126	17	22	59	28
03011	276	19	54	141	62
03012	317	28	66	153	70
03013	329	47	100	73	109
03014	311	37	125	69	80
03015	224	17	50	112	45
03016	247	30	64	115	38
03017	385	59	139	104	83
03018	371	39	93	144	95
03019	294	35	85	79	95
03020	323	36	74	138	75
03021	312	32	69	101	110
03022	334	65	114	64	91
03023	210	14	57	102	37
03024	234	20	56	105	53
03025	436	60	132	98	146
03026	325	44	90	80	111
03027	335	54	102	78	101
03028	201	21	46	87	47
03029	279	27	55	138	59
03030	262	32	49	114	67
03031	346	23	71	174	78
03032	332	46	94	88	104
03033	326	75	115	57	79
03034	340	54	121	60	105
03035	136	12	27	77	20
03036	136	15	26	64	31
03037	263	26	61	132	44
03038	253	22	60	123	48
03039	358	66	112	66	114
03040	231	36	60	74	61
03041	242	27	68	96	51
04001	404	116	100	95	93
04002	340	49	125	75	91
04003	233	17	50	98	68
04004	388	28	98	174	88
04005	348	24	77	158	89
04006	397	36	91	180	90
04007	383	18	103	161	101
04008	359	15	67	157	120
04009	434	18	85	206	125
04010	410	25	97	181	107
04011	277	23	42	136	76
04012	371	22	81	175	93
04013	303	60	117	50	76
04014	280	15	57	135	73
04015	366	33	101	152	80
04016	416	78	150	77	111
04017	324	65	121	43	95
04018	325	32	67	145	81
04019	229	26	35	109	59
04020	271	49	71	63	88
04021	334	60	138	49	87
04022	306	48	60	110	88
04023	401	78	103	98	122
04024	298	39	65	110	84
04025	332	52	109	65	106
04026	283	25	53	117	88
04027	399	84	88	124	103
04028	272	19	89	106	58
04029	265	20	61	128	56
04030	365	25	63	166	111
04031	405	29	92	190	94
04032	329	28	71	132	98
04033	325	34	88	130	73
04034	277	13	59	136	69
04035	353	26	81	157	89
04036	363	34	89	156	84
04037	483	94	165	87	137
04038	347	22	87	158	80
05001	229	17	47	114	51
05002	208	19	51	95	43
05003	298	70	100	62	66
05004	381	74	103	125	79
05005	242	21	53	117	51
05006	232	27	34	118	53
05007	307	22	91	135	59
05008	319	76	95	42	106
05009	378	65	107	117	89
05010	211	15	46	107	43
05011	317	57	110	86	64
05012	170	14	39	89	28
05013	257	17	64	126	50
05014	261	20	58	121	62
05015	280	39	73	104	64
05016	247	22	55	123	47
05017	195	20	46	90	39
05018	293	71	92	64	66
05019	297	67	58	79	93
05020	359	42	110	122	85
05021	301	68	88	83	62
05022	375	41	79	133	122
05023	498	99	147	126	126
05024	328	85	98	63	82
05025	277	20	57	126	74
05026	265	33	63	113	56
05027	288	79	86	51	72
05028	313	28	76	139	70
05029	286	20	68	142	56
05030	196	15	44	99	38
05031	195	19	45	96	35
05032	323	19	56	156	92
05033	311	27	71	155	58
05034	330	94	92	47	97
05035	363	67	123	94	79
05036	102	11	20	43	28
05037	324	56	92	67	109
05038	231	12	52	127	40
05039	236	52	61	57	66
05040	208	12	35	119	42
05041	176	17	41	56	62
06001	280	19	52	159	50
06002	290	24	52	142	72
06003	264	10	63	120	71
06004	165	17	36	80	32
06005	134	10	23	76	25
06006	277	18	38	159	62
06007	211	11	42	114	44
06008	258	16	48	136	58
06009	179	11	39	99	30
06010	137	11	33	65	28
06011	204	17	63	93	31
06012	157	20	34	68	35
06013	190	11	35	110	34
06014	223	19	50	113	41
06015	201	28	37	106	30
06016	289	10	68	162	49
06017	137	15	32	61	29
06018	181	45	39	74	23
06019	180	14	40	98	28
06020	126	12	26	59	29
06021	107	14	27	49	17
06022	142	13	33	66	30
06023	92	8	13	50	21
06024	110	15	19	57	19
06025	99	11	21	53	14
06026	134	14	25	69	26
06027	108	14	26	53	15
06028	103	11	16	57	19
06029	256	17	45	146	48
06030	179	16	34	93	36
06031	267	19	57	127	64
06032	222	14	44	118	46
06033	235	14	36	141	44
06034	239	17	66	105	51
06035	243	15	53	118	57
06036	298	17	44	172	65
06037	292	16	47	162	67
06038	274	6	59	151	58
06039	179	22	39	80	38
06040	194	8	35	120	31
06041	253	11	42	141	59
06042	208	23	49	98	38
06043	204	14	34	112	44
06044	238	27	45	120	46
06045	269	18	55	135	61
06046	167	14	36	85	32
06047	169	25	29	86	29
06048	209	11	45	115	38
07001	212	14	50	105	43
07002	194	15	48	89	42
07003	245	20	49	132	44
07004	220	17	44	119	40
07005	192	15	41	94	42
07006	291	22	71	124	74
07007	185	23	46	75	41
07008	131	12	30	61	28
07009	386	32	70	201	83
07010	247	16	63	130	38
07011	206	23	56	98	29
07012	188	18	51	87	32
07013	153	5	35	88	25
07014	208	12	47	113	36
07015	218	11	44	118	45
07016	147	19	32	76	20
07017	183	16	43	84	40
07018	154	18	27	88	21
07019	177	19	30	90	38
07020	143	7	42	64	30
07021	140	16	46	53	25
07022	172	6	62	70	34
07023	233	15	52	119	47
07024	154	15	40	67	32
07025	168	17	62	61	28
07026	182	9	32	97	44
07027	175	17	40	85	33
07028	131	10	29	64	28
07029	179	7	32	90	50
07030	138	12	40	61	25
07031	136	15	39	58	24
07032	325	14	55	187	69
07033	321	16	77	176	52
07034	290	18	61	159	52
07035	236	16	51	122	47
07036	280	17	57	139	67
07037	226	15	43	123	45
07038	173	12	30	94	37
07039	198	3	41	116	38
07040	210	17	35	100	58
07041	210	12	36	113	49
07042	193	12	40	102	39
07043	197	18	48	83	48
07044	184	13	45	87	39
07045	186	10	36	103	37
07046	99	10	21	47	21
08001	163	12	34	74	43
08002	168	15	40	78	35
08003	306	14	49	162	81
08004	294	6	37	186	65
08005	289	10	33	188	58
08006	258	18	33	122	85
08007	286	13	56	150	67
08008	261	11	49	139	62
08009	171	10	37	76	48
08010	345	22	63	182	78
08011	150	7	29	81	33
08012	215	9	51	116	39
08013	244	16	67	110	51
08014	165	14	35	81	35
08015	209	23	46	97	43
08016	72	5	10	27	30
08017	210	11	32	111	56
08018	147	14	32	75	26
08019	292	17	42	174	59
08020	272	8	49	153	62
08021	285	17	55	133	80
08022	225	18	34	113	60
08023	175	18	22	79	56
08024	158	11	40	78	29
08025	208	20	47	102	39
08026	157	10	29	72	46
08027	282	22	52	138	70
08028	230	20	46	115	49
08029	247	12	42	131	62
08030	251	14	57	125	55
08031	178	6	43	97	32
08032	200	22	35	85	58
08033	173	16	31	79	47
08034	241	14	39	120	68
08035	294	18	57	149	70
08036	241	10	57	120	54
08037	209	18	36	107	48
08038	158	12	26	70	50
08039	237	15	45	121	56
08040	202	15	40	97	50
08041	240	20	46	118	56
08042	276	16	65	140	55
08043	129	8	22	70	29
08044	156	14	32	77	33
08045	165	14	32	87	32
08046	166	10	33	87	36
08047	189	14	34	100	41
08048	200	9	43	104	44
08049	250	9	51	139	51
08050	253	11	36	152	54
08051	264	10	29	152	73
08052	334	15	52	185	82
08053	104	10	17	58	19
08054	165	14	32	72	47
08055	242	14	43	123	62
08056	261	12	55	134	60
09001	208	17	38	106	47
09002	196	10	47	100	39
09003	122	15	20	64	23
09004	165	19	27	78	41
09005	200	15	39	103	43
09006	216	22	48	110	36
09007	138	18	28	68	24
09008	184	15	50	79	40
09009	245	17	46	129	53
09010	188	25	32	97	34
09011	146	18	25	77	26
09012	239	10	40	132	57
09013	286	15	49	152	70
09014	278	16	44	141	77
09015	173	14	30	102	27
09016	230	32	48	95	55
09017	141	17	35	58	31
09018	155	17	35	72	31
09019	199	13	40	101	45
09020	200	11	52	101	36
09021	195	12	39	98	46
09022	249	7	45	140	57
09023	264	18	48	150	48
09024	251	21	47	121	62
09025	232	11	45	122	54
09026	170	23	36	72	39
09027	181	17	41	87	36
09028	88	8	34	32	14
09029	115	16	13	61	25
09030	159	13	29	82	35
09031	154	16	29	79	30
09032	216	11	36	133	36
09033	152	8	26	90	28
09034	150	16	37	67	30
09035	219	13	42	118	46
09036	173	9	40	92	32
09037	287	36	96	84	71
09038	199	15	53	103	28
09039	233	34	37	112	50
09040	269	19	47	145	58
09041	174	14	27	96	37
09042	255	5	32	156	62
09043	137	18	32	67	20
09044	209	16	37	120	36
09045	157	14	39	65	39
09046	228	22	52	107	47
09047	269	20	44	151	54
09048	249	8	46	137	58
09049	265	18	51	145	51
09050	347	20	61	190	76
09051	246	14	43	132	57
10001	183	17	87	51	28
10002	170	16	98	15	41
10003	160	6	93	22	39
10004	135	7	76	32	20
10005	135	7	80	12	36
10006	139	13	92	14	20
10007	118	8	85	13	12
10008	86	5	32	35	14
10009	149	11	76	16	46
10010	186	10	130	15	31
10011	233	20	169	24	20
10012	123	8	92	13	10
10013	177	10	121	27	19
10014	236	17	169	18	32
10015	401	32	68	232	69
10016	112	11	50	18	33
10017	257	19	129	27	82
10018	100	7	53	24	16
10019	194	7	121	20	46
10020	208	21	127	26	34
10021	203	9	145	19	30
10022	115	8	93	3	11
10023	166	14	114	10	28
10024	156	9	97	15	35
10025	56	4	20	21	11
10026	136	9	87	20	20
10027	157	16	74	47	20
10028	218	13	159	19	27
10029	194	13	137	13	31
10030	159	13	112	12	22
10031	141	14	96	12	19
10032	179	15	118	12	34
10033	142	17	96	13	16
10034	121	13	68	30	10
10035	200	8	135	16	41
10036	48	7	19	14	8
11001	272	63	96	39	74
11002	14	3	3	6	2
11003	235	56	132	21	26
11004	195	40	83	21	51
11005	354	93	161	44	56
11006	286	48	121	48	69
11007	259	38	114	50	57
11008	223	30	107	30	56
11009	229	60	99	21	49
11010	220	42	76	27	75
11011	231	52	91	28	60
11012	328	45	75	62	146
11013	277	32	73	53	119
11014	124	26	36	16	46
11015	92	18	35	10	29
11016	165	26	49	21	69
11017	351	67	154	42	88
11018	212	40	65	26	81
11019	321	77	151	32	61
11020	179	23	60	19	77
11021	360	59	102	38	161
11022	314	72	116	34	92
11023	175	27	44	21	83
11024	348	50	100	43	155
11025	308	48	135	28	97
11026	296	59	96	20	121
11027	85	23	20	17	25
11028	95	15	34	18	28
11029	290	52	81	34	123
11030	119	27	28	15	49
11031	235	26	72	37	100
11032	115	16	24	15	60
11033	279	39	107	51	82
11034	86	21	23	10	32
11035	37	9	15	7	6
11036	81	14	31	6	30
11037	62	10	17	13	22
11038	123	35	57	9	22
12001	264	42	154	28	40
12002	184	27	117	15	25
12003	346	68	187	41	50
12004	281	57	144	30	50
12005	214	28	105	28	53
12006	246	29	142	20	55
12007	227	43	148	17	19
12008	258	33	146	20	59
12009	210	31	118	16	45
12010	293	40	206	17	30
12011	238	24	171	23	20
12012	224	34	141	14	35
12013	224	24	135	19	46
12014	195	14	146	11	24
12015	196	17	143	19	17
12016	175	17	130	10	18
12017	238	33	145	25	35
12018	165	25	113	16	11
12019	219	37	139	11	32
12020	239	37	148	19	35
12021	221	32	135	24	30
12022	232	34	159	13	26
12023	274	31	172	23	48
13001	191	14	78	11	88
13002	187	9	51	20	107
13003	174	17	110	16	31
13004	197	21	64	12	100
13005	235	23	136	23	53
13006	241	21	71	29	120
13007	159	10	86	9	54
13008	153	14	69	15	55
13009	197	18	118	14	47
13010	191	21	47	20	103
13011	251	37	82	23	109
13012	186	15	93	18	60
13013	222	14	115	20	73
13014	187	14	102	19	52
13015	312	20	181	20	91
13016	144	17	75	9	43
13017	171	14	79	13	65
13018	159	18	52	18	71
13019	267	25	130	35	77
13020	138	16	45	14	63
13021	222	28	51	26	117
13022	192	20	56	23	93
13023	148	9	81	10	48
13024	189	11	83	22	73
13025	209	15	111	12	71
13026	178	21	74	17	66
13027	193	10	79	20	84
13028	165	17	79	8	61
13029	163	7	92	12	52
13030	176	7	105	10	54
13031	205	15	61	26	103
13032	180	19	59	11	91
13033	215	19	73	17	106
13034	281	21	87	18	155
13035	234	12	120	12	90
13036	144	10	86	7	41
13037	216	22	87	29	78
13038	196	15	67	18	96
13039	195	16	92	11	76
13040	185	16	98	11	60
13041	247	19	123	32	73
13042	224	34	61	23	106
13043	202	17	77	16	92
13044	209	16	89	13	91
13045	252	16	75	25	136
13046	230	18	125	21	66
13047	250	15	105	23	107
13048	185	11	62	11	101
14001	250	20	93	27	110
14002	280	38	165	25	52
14003	175	24	108	11	32
14004	202	14	80	22	86
14005	293	17	192	25	59
14006	121	4	65	4	48
14007	258	18	174	20	46
14008	229	19	162	13	35
14009	285	28	134	27	96
14010	148	14	92	8	34
14011	155	13	81	5	56
14012	193	18	116	21	38
14013	192	22	114	18	38
14014	220	15	150	23	32
14015	218	18	143	16	41
14016	170	16	107	17	30
14017	198	13	132	15	38
14018	104	13	68	6	17
14019	162	8	106	18	30
14020	154	12	89	11	42
14021	158	10	103	17	28
14022	274	24	152	17	81
14023	175	16	94	16	49
14024	269	27	90	25	127
14025	120	14	85	6	15
14026	169	16	110	13	30
14027	227	14	142	18	53
14028	158	14	98	10	36
14029	191	14	108	15	54
14030	123	16	78	11	18
14031	132	11	98	13	10
15001	193	13	145	14	21
15002	110	13	21	54	22
15003	127	12	21	61	33
15004	198	16	150	12	20
15005	161	19	105	20	17
15006	186	16	130	19	21
15007	105	11	20	55	19
15008	185	18	140	11	16
15009	230	24	168	19	19
15010	258	25	170	15	48
15011	217	19	150	16	32
15012	221	16	156	18	31
15013	199	13	138	21	27
15014	170	20	122	12	16
15015	163	11	123	10	19
15016	226	16	160	28	22
15017	133	17	31	62	23
15018	92	9	22	45	16
15019	172	19	87	38	28
15020	127	8	25	70	24
15021	123	11	21	66	25
15022	123	16	36	55	16
15023	122	13	24	64	21
15024	99	11	23	42	23
16001	187	19	116	18	34
16002	159	15	55	59	30
16003	114	12	19	55	28
16004	139	11	43	57	28
16005	91	8	18	51	14
16006	151	11	37	64	39
16007	142	13	49	54	26
16008	80	7	31	28	14
16009	140	10	35	68	27
16010	125	11	23	70	21
16011	141	18	55	46	22
16012	116	13	35	48	20
16013	139	12	75	29	23
16014	113	11	29	57	16
16015	154	19	35	68	32
16016	129	13	24	64	28
16017	156	11	68	43	34
16018	103	3	41	41	18
16019	155	19	44	67	25
16020	109	12	19	50	28
16021	124	12	29	59	24
16022	116	8	27	52	29
16023	155	19	95	31	10
16024	83	9	16	42	16
16025	157	15	38	82	22
16026	122	15	24	58	25
16027	110	8	28	53	21
16028	145	17	32	73	23
16029	109	14	23	50	22
16030	95	9	24	49	13
16031	167	10	40	84	33
16032	174	10	111	28	25
16033	94	16	21	43	14
16034	137	9	32	62	34
16035	208	27	99	47	35
16036	99	8	21	56	14
17001	212	13	118	51	30
17002	181	18	31	90	42
17003	188	19	46	72	51
17004	252	31	38	126	57
17005	124	14	25	57	28
17006	164	18	51	48	47
17007	163	16	83	41	23
17008	155	7	54	57	37
17009	146	11	33	63	39
17010	255	17	52	144	42
17011	142	22	30	65	25
17012	240	33	115	52	40
17013	127	13	26	51	37
17014	153	11	74	35	33
17015	202	24	42	97	39
17016	186	15	81	51	39
17017	179	10	47	81	41
17018	239	21	38	130	50
17019	111	15	23	49	24
17020	269	16	48	131	74
17021	280	13	48	137	82
17022	155	18	25	70	42
17023	119	7	21	66	25
17024	220	24	34	126	36
17025	147	8	46	68	25
17026	217	20	32	114	51
17027	190	14	38	87	51
17028	153	11	32	61	49
17029	134	9	21	70	34
17030	141	19	63	45	14
17031	114	9	29	47	29
17032	150	9	37	59	45
17033	94	10	16	41	27
17034	112	14	16	56	26
17035	90	15	14	34	27
17036	178	15	49	70	44
17037	185	16	31	83	55
17038	193	17	36	89	51
17039	208	19	44	99	46
17040	225	14	37	111	63
17041	260	19	55	125	61
18001	202	12	66	84	40
18002	186	19	96	46	25
18003	172	5	74	53	40
18004	273	22	50	164	37
18005	136	19	32	62	23
18006	195	16	58	64	57
18007	189	12	40	106	31
18008	243	22	53	125	43
18009	238	20	54	126	38
18010	355	30	55	209	61
18011	180	14	74	61	31
18012	188	11	42	99	36
18013	246	19	56	128	43
18014	249	22	48	139	40
18015	236	20	106	74	36
18016	214	10	44	125	35
18017	234	22	67	119	26
18018	208	17	28	122	41
18019	205	14	34	124	33
18020	169	14	29	91	35
18021	289	21	60	158	50
18022	294	29	55	160	50
18023	209	23	59	88	39
18024	180	14	107	23	36
18025	200	15	96	34	55
18026	308	23	54	179	52
18027	193	10	55	92	36
18028	194	19	60	69	46
18029	245	18	97	97	33
18030	242	19	131	37	55
18031	242	14	76	114	38
18032	254	19	60	138	37
18033	177	17	45	76	39
18034	302	14	41	191	56
18035	291	18	62	153	58
18036	210	16	54	87	53
18037	297	18	63	162	54
18038	218	11	41	126	40
18039	157	11	48	70	28
18040	239	22	104	71	42
18041	300	16	65	173	46
18042	172	15	57	74	26
18043	151	14	83	22	32
18044	195	16	80	47	52
18045	184	10	94	56	24
18046	230	15	119	48	48
18047	151	11	44	71	25
18048	150	17	30	67	36
18049	131	10	25	71	25
18050	149	17	37	70	25
19001	225	27	35	37	126
19002	396	45	90	153	108
19003	175	23	29	23	100
19004	265	42	44	40	139
19005	346	31	69	124	122
19006	232	30	50	29	123
19007	228	39	41	47	101
19008	229	35	28	46	120
19009	193	23	38	28	104
19010	359	42	77	90	150
19011	224	47	22	37	118
19012	201	21	23	38	119
19013	332	24	91	157	60
19014	277	21	90	68	98
19015	259	38	57	48	116
19016	237	33	46	38	120
19017	219	23	52	43	101
19018	310	34	81	76	119
19019	390	43	83	93	171
19020	303	30	87	92	94
19021	201	35	32	41	93
19022	325	40	68	86	131
19023	288	32	46	45	165
19024	182	28	24	31	99
19025	287	32	57	62	136
19026	276	29	53	56	138
19027	266	18	89	92	67
19028	311	24	79	136	72
19029	211	28	44	36	103
19030	217	28	36	42	111
19031	264	28	45	66	125
19032	230	27	41	47	115
19033	249	38	42	39	130
19034	268	28	49	54	137
19035	269	27	42	66	134
19036	355	19	101	144	91
19037	307	34	87	98	88
19038	250	23	68	78	81
19039	92	10	26	38	18
19040	293	22	70	75	126
19041	195	23	41	33	98
19042	233	24	74	69	66
19043	384	22	95	174	93
19044	248	36	42	40	130
19045	256	28	40	34	154
19046	272	24	47	53	148
19047	435	35	124	160	116
19048	312	23	73	139	77
19049	344	19	77	165	83
19050	222	26	47	43	106
19051	295	30	48	63	154
19052	247	25	51	51	120
19053	235	25	56	45	109
19054	179	36	37	27	79
19055	174	25	18	26	105
19056	325	37	80	65	143
19057	283	26	80	88	89
20001	221	21	49	118	33
20002	53	2	12	21	18
20003	181	14	29	108	30
20004	90	11	42	26	11
20005	242	17	52	132	41
20006	84	7	22	41	14
20007	194	24	48	91	31
20008	197	13	25	122	37
20009	348	40	86	184	38
20010	137	14	36	56	31
20011	267	26	62	135	44
20012	154	6	34	88	26
20013	214	21	54	112	27
20014	119	13	35	47	24
20015	183	16	135	15	17
20016	273	51	66	106	50
20017	127	14	56	39	18
20018	129	11	25	65	28
20019	205	14	54	94	43
20020	130	12	86	15	17
20021	139	12	48	64	15
20022	279	31	66	125	57
20023	178	13	41	89	35
20024	254	36	54	107	57
20025	134	12	30	65	27
20026	215	32	41	99	43
20027	102	14	24	52	12
20028	114	9	26	54	25
20029	221	18	56	104	43
20030	95	7	19	49	20
20031	241	23	55	111	52
20032	165	16	42	76	31
20033	137	15	28	66	28
20034	309	71	93	91	54
20035	132	14	36	55	27
20036	55	3	17	29	6
20037	57	3	15	26	13
20038	63	14	9	31	9
20039	13	0	5	5	3
21001	244	12	46	125	61
21002	180	17	50	83	30
21003	257	14	48	152	43
21004	202	13	32	119	38
21005	272	12	42	170	48
21006	207	24	41	115	27
21007	241	17	50	127	47
21008	234	13	50	120	51
21009	258	16	45	143	54
21010	195	17	38	103	37
21011	222	19	49	108	46
21012	202	14	32	111	45
21013	203	18	42	101	42
21014	250	19	41	143	47
21015	205	10	43	113	39
21016	200	8	48	113	31
21017	173	11	31	90	41
21018	260	16	64	118	62
21019	238	18	39	133	48
21020	199	11	30	123	35
21021	184	11	32	114	27
21022	196	15	42	100	39
21023	201	14	35	120	32
21024	254	17	57	129	51
21025	211	14	34	118	45
21026	194	24	33	109	28
21027	221	18	40	128	35
21028	266	16	50	156	44
21029	272	17	47	146	62
21030	170	12	33	103	22
21031	186	10	28	92	56
21032	207	8	44	123	32
21033	213	12	43	112	46
21034	191	13	39	112	27
21035	272	21	51	159	41
21036	232	20	54	111	47
21037	157	10	27	88	32
21038	196	12	50	92	42
21039	180	18	46	78	38
21040	213	7	43	118	45
21041	240	11	39	148	42
21042	272	19	62	136	55
21043	203	12	37	104	50
21044	250	13	45	126	66
21045	185	12	36	110	27
21046	252	16	43	143	50
21047	187	14	42	96	35
21048	209	16	45	95	53
21049	253	18	53	130	52
21050	169	15	36	90	28
21051	238	9	50	144	35
21052	206	14	32	118	42
21053	194	16	36	101	41
21054	197	12	33	114	38
22001	120	6	34	54	26
22002	244	21	132	19	72
22003	272	26	173	22	51
22004	166	9	121	6	30
22005	172	15	118	8	31
22006	199	19	142	19	19
22007	142	12	98	9	23
22008	267	24	129	45	69
22009	144	13	101	12	18
22010	251	19	163	25	44
22011	178	12	129	16	21
22012	168	14	88	22	44
22013	184	22	133	10	19
22014	174	19	103	24	28
22015	153	23	104	10	16
22016	148	7	99	16	26
22017	208	15	138	20	35
22018	140	15	96	12	17
22019	87	20	23	27	17
22020	204	15	142	15	32
22021	196	16	38	92	50
22022	160	15	101	17	27
22023	266	21	86	91	68
22024	227	16	162	12	37
22025	187	14	147	10	16
23001	176	18	47	25	86
23002	176	16	67	36	57
23003	169	21	55	22	71
23004	214	31	90	20	73
23005	211	21	149	17	24
23006	93	8	49	12	24
23007	176	11	116	18	31
23008	220	23	113	19	65
23009	173	12	125	10	26
23010	218	27	133	16	42
23011	204	9	148	17	30
23012	204	21	64	18	101
23013	180	19	118	19	24
23014	184	21	72	25	66
23015	80	9	56	6	9
23016	199	19	65	30	85
23017	125	5	89	14	17
23018	162	21	48	21	72
23019	169	18	116	17	18
23020	105	9	81	6	9
23021	220	29	79	27	85
23022	187	21	81	20	65
23023	187	15	74	22	76
23024	134	11	87	7	29
23025	169	19	104	13	33
23026	180	21	104	12	43
23027	189	14	76	18	81
23028	200	17	90	22	71
23029	173	16	72	19	66
23030	242	21	150	19	52
23031	172	16	124	14	18
23032	174	14	112	18	30
23033	195	16	139	20	20
23034	208	19	145	23	21
23035	152	17	62	23	50
23036	154	16	59	22	57
23037	200	24	72	25	79
23038	176	17	74	18	67
23039	215	22	148	14	31
24001	172	11	28	109	24
24002	146	22	27	83	14
24003	167	20	40	86	21
24004	129	9	26	72	22
24005	87	7	23	43	14
24006	199	16	38	116	29
24007	114	24	56	12	22
24008	81	7	15	47	12
24009	154	26	38	71	19
24010	80	9	20	40	11
24011	179	11	43	102	23
24012	78	4	17	41	16
24013	78	5	11	51	11
24014	129	16	28	63	22
24015	65	4	10	38	13
24016	398	68	189	104	37
24017	124	15	17	70	22
24018	195	18	36	116	25
24019	205	17	46	113	29
24020	136	13	29	67	27
24021	87	3	21	53	10
24022	221	18	53	122	28
24023	115	11	18	67	19
24024	208	14	47	113	34
24025	126	10	31	63	22
24026	270	27	46	158	39
24027	194	17	54	98	25
24028	139	8	30	80	21
24029	140	15	24	78	23
24030	108	16	19	53	20
24031	188	14	37	120	17
24032	94	11	14	57	12
24033	117	13	28	54	22
24034	167	23	25	94	25
24035	156	16	33	73	34
24036	218	15	41	129	33
24037	98	6	27	56	9
24038	155	16	39	75	25
24039	162	23	56	61	22
24040	182	23	51	82	26
24041	132	11	18	87	16
25001	232	34	157	8	33
25002	320	73	173	24	50
25003	270	53	98	36	83
25004	163	19	54	54	36
25005	303	39	201	17	46
25006	81	17	16	19	29
25007	272	72	150	26	24
25008	308	70	169	26	43
25009	244	53	159	13	19
25010	234	42	67	47	78
25011	304	47	204	26	27
25012	262	60	156	18	28
25013	290	41	195	24	30
25014	158	33	68	19	38
25015	236	40	146	19	31
25016	277	52	83	53	89
25017	263	42	153	33	35
25018	184	32	42	19	91
25019	299	56	182	18	43
25020	118	24	35	44	15
25021	308	70	113	55	70
25022	258	62	155	18	23
25023	303	64	182	32	25
25024	284	67	176	16	25
25025	210	32	67	48	63
25026	277	36	199	14	28
25027	263	53	125	37	48
25028	305	75	168	16	46
25029	193	30	61	59	43
25030	285	55	186	11	33
25031	302	69	94	48	91
25032	206	27	131	8	40
26001	214	59	108	13	34
26002	173	37	100	22	14
26003	221	58	94	33	36
26004	122	18	65	27	12
26005	206	48	109	29	20
26006	181	36	106	15	24
26007	220	66	118	11	25
26008	109	14	76	6	13
26009	156	23	110	11	12
26010	167	43	92	15	17
26011	194	33	123	23	15
26012	212	48	122	14	28
26013	105	4	74	16	11
26014	143	29	91	9	14
26015	103	6	75	10	12
26016	74	7	61	3	3
26017	147	27	59	25	36
26018	87	24	44	5	14
26019	118	9	63	37	9
26020	194	39	112	20	23
26021	222	50	107	29	36
26022	96	16	72	4	4
26023	162	24	107	17	14
26024	120	26	73	12	9
26025	148	51	71	8	18
26026	118	36	58	12	12
26027	185	53	101	12	19
26028	257	58	112	50	37
26029	84	15	51	7	11
26030	160	36	88	13	23
26031	89	6	69	4	10
26032	200	37	87	26	50
26033	236	65	106	23	42
26034	174	45	97	18	14
26035	173	32	118	5	18
26036	173	47	84	18	24
26037	206	57	122	13	14
26038	75	6	48	12	9
26039	212	52	112	18	30
26040	148	29	93	14	12
26041	200	55	115	14	16
26042	153	40	79	13	21
26043	113	10	84	9	10
26044	63	8	33	12	10
26045	85	11	51	14	9
26046	136	37	53	11	35
26047	101	3	79	9	10
26048	178	51	89	16	22
26049	95	7	70	7	11
27001	288	66	96	53	73
27002	184	33	37	59	55
27003	120	14	28	53	25
27004	118	23	37	47	11
27005	172	15	40	79	38
27006	224	37	62	68	57
27007	299	76	132	27	64
27008	159	14	39	59	47
27009	106	21	36	21	28
27010	243	34	52	96	61
27011	169	29	63	24	53
27012	138	30	47	25	36
27013	337	41	90	78	128
27014	89	9	16	49	15
27015	120	13	24	52	31
27016	174	44	51	33	46
27017	216	25	65	81	45
27018	156	18	37	60	41
27019	104	15	29	38	22
27020	134	14	27	55	38
27021	192	23	60	45	64
27022	112	14	31	48	19
27023	168	22	29	71	46
27024	128	18	41	45	24
27025	223	27	74	79	43
27026	171	22	43	70	36
27027	253	31	62	82	78
27028	172	27	67	30	48
27029	133	10	47	35	41
27030	111	8	24	58	21
27031	174	28	32	70	44
27032	215	28	68	74	45
27033	227	36	79	54	58
27034	137	16	23	56	42
27035	250	64	85	31	70
27036	175	26	51	47	51
27037	212	27	56	53	76
27038	276	31	80	76	89
27039	188	13	47	78	50
27040	242	49	70	43	80
27041	206	20	53	85	48
27042	153	25	53	43	32
27043	152	18	43	64	27
27044	146	19	34	67	26
27045	377	84	120	77	96
27046	148	24	45	29	50
27047	166	14	42	61	49
27048	324	46	108	81	89
27049	176	18	34	90	34
27050	218	21	55	91	51
28001	105	8	12	71	14
28002	165	33	43	74	15
28003	133	18	28	72	15
28004	128	20	54	19	35
28005	138	22	38	51	27
28006	82	16	20	27	19
28007	164	8	25	119	12
28008	137	20	47	30	40
28009	156	17	24	103	12
28010	204	38	69	50	47
28011	391	53	178	101	59
28012	150	7	30	96	17
28013	216	13	31	152	20
28014	155	10	18	102	25
28015	45	4	8	28	5
28016	92	10	16	55	11
28017	139	12	25	85	17
28018	155	19	36	73	27
28019	153	25	65	34	29
28020	146	23	21	88	14
28021	146	8	26	99	13
28022	193	32	50	87	24
28023	216	15	36	149	16
28024	146	12	22	96	16
28025	263	12	49	174	28
28026	163	10	27	96	30
28027	186	33	63	31	59
28028	233	37	68	51	77
28029	78	7	16	46	9
28030	32	1	8	17	6
28031	237	20	29	158	30
28032	160	19	34	91	16
28033	185	15	22	128	20
28034	267	19	72	141	35
28035	169	15	48	89	17
28036	99	7	15	68	9
28037	207	10	35	140	22
28038	57	3	18	29	7
28039	107	7	14	75	11
28040	227	25	32	141	29
28041	122	8	25	73	16
28042	158	14	21	104	19
28043	200	16	24	134	26
28044	132	11	21	80	20
28045	173	35	59	29	50
28046	320	58	125	70	67
29001	296	33	76	107	80
29002	293	21	50	191	31
29003	246	10	34	169	33
29004	280	14	48	193	25
29005	153	9	39	91	14
29006	156	11	32	88	25
29007	244	15	56	111	62
29008	177	9	32	107	29
29009	265	27	84	80	74
29010	327	28	75	141	83
29011	122	8	21	76	17
29012	287	18	62	154	53
29013	230	9	36	159	26
29014	221	8	19	175	19
29015	262	9	42	161	50
29016	210	10	29	125	46
29017	213	11	34	92	76
29018	208	22	36	129	21
29019	241	16	32	175	18
29020	233	19	28	159	27
29021	256	22	48	152	34
29022	198	23	56	90	29
29023	245	26	95	67	57
29024	208	23	47	101	37
29025	278	22	44	167	45
29026	196	11	41	113	31
29027	203	10	31	126	36
29028	292	17	35	213	27
29029	196	15	94	32	55
29030	224	18	77	82	47
29031	143	15	66	26	36
29032	168	16	70	21	61
29033	173	8	31	108	26
29034	179	14	44	98	23
29035	152	7	24	101	20
29036	207	10	51	110	36
29037	233	19	37	158	19
29038	215	26	116	35	38
29039	156	23	74	25	34
29040	278	11	46	187	34
29041	185	11	31	115	28
29042	257	9	45	185	18
29043	316	28	84	144	60
29044	265	19	35	177	34
30001	250	41	143	26	40
30002	206	21	131	20	34
30003	199	44	106	27	22
30004	199	20	120	19	40
30005	158	13	117	18	10
30006	210	16	138	26	30
30007	237	46	143	16	32
30008	293	64	163	25	41
30009	182	20	102	29	31
30010	232	19	162	25	26
30011	190	12	145	20	13
30012	177	22	119	20	16
30013	196	16	138	9	33
30014	159	12	122	7	18
30015	271	58	126	32	55
30016	106	6	74	10	16
30017	184	28	105	21	30
30018	291	78	171	16	26
30019	212	22	159	16	15
30020	244	32	146	19	47
30021	156	14	88	21	33
30022	325	66	189	31	39
30023	249	40	153	28	28
30024	335	82	197	19	37
30025	313	69	190	26	28
30026	124	7	90	10	17
30027	156	19	101	11	25
30028	260	44	127	39	50
30029	120	10	86	15	9
30030	95	13	65	8	9
30031	130	23	77	5	25
30032	210	40	112	16	42
31001	122	8	97	6	11
31002	104	13	60	13	18
31003	138	9	104	12	13
31004	167	42	80	17	28
31005	160	16	103	15	26
31006	86	8	51	10	17
31007	272	73	140	21	38
31008	118	10	88	5	15
31009	139	21	80	9	29
31010	168	30	109	16	13
31011	110	13	68	13	16
31012	121	13	73	9	26
31013	161	24	108	11	18
31014	125	10	80	14	21
31015	138	14	93	9	22
31016	226	76	101	21	28
31017	108	14	66	9	19
31018	126	20	85	8	13
31019	141	14	93	18	16
31020	109	5	78	14	12
31021	118	7	82	11	18
31022	116	17	73	11	15
31023	143	29	85	11	18
31024	162	19	114	19	10
31025	138	8	91	18	21
31026	158	13	110	7	28
31027	140	20	97	12	11
31028	92	4	63	12	13
31029	101	11	66	12	12
31030	103	15	67	11	10
31031	104	13	60	10	21
31032	101	8	70	14	9
31033	131	11	84	10	26
31034	151	13	107	10	21
31035	168	10	128	14	16
31036	135	12	102	7	14
31037	147	12	104	15	16
31038	105	11	76	8	10
31039	167	45	97	14	11
31040	172	48	92	17	15
31041	113	17	82	5	9
32001	320	67	158	29	66
32002	263	70	77	55	61
32003	341	98	177	21	45
32004	248	64	80	39	65
32005	272	80	91	31	70
32006	287	83	101	41	62
32007	260	67	89	38	66
32008	284	63	89	56	76
32009	255	44	114	22	75
32010	257	77	82	41	57
32011	265	95	118	21	31
32012	221	72	99	22	28
32013	247	44	107	43	53
32014	308	91	137	30	50
32015	240	51	87	29	73
32016	271	78	101	37	55
32017	342	104	157	36	45
32018	227	55	71	42	59
32019	235	47	95	35	58
32020	309	77	151	33	48
32021	308	76	114	47	71
32022	327	109	142	36	40
32023	269	59	86	52	72
32024	159	39	43	27	50
32025	245	54	89	32	70
32026	345	87	166	34	58
32027	216	58	74	33	51
32028	330	110	139	42	39
32029	294	93	93	38	70
32030	198	45	67	30	56
32031	251	63	98	38	52
32032	292	74	99	35	84
32033	245	78	75	32	60
32034	257	77	90	30	60
32035	222	67	68	31	56
32036	254	56	86	50	62
32037	258	63	118	24	53
32038	244	60	108	29	47
32039	251	71	80	34	66
32040	273	56	93	50	74
32041	266	43	110	49	64
32042	215	47	76	33	59
32043	293	71	147	31	44
33001	353	89	199	32	33
33002	438	83	231	29	95
33003	453	110	251	30	62
33004	448	89	270	31	58
33005	272	54	149	32	37
33006	279	34	175	25	45
33007	329	78	180	29	42
33008	487	127	167	66	127
33009	329	67	179	31	52
33010	271	60	120	22	69
33011	324	78	182	27	37
33012	299	52	198	18	31
33013	312	70	173	23	46
33014	137	34	82	10	11
33015	317	63	196	17	41
33016	421	65	263	37	56
33017	312	57	186	22	47
33018	400	85	230	42	43
33019	364	62	204	41	57
33020	402	105	207	23	67
33021	334	52	197	33	52
33022	309	25	206	27	51
33023	347	75	163	37	72
33024	457	106	163	66	122
33025	409	83	222	38	66
33026	239	67	135	11	26
33027	361	86	192	31	52
33028	310	84	167	20	39
34001	256	35	45	124	52
34002	212	46	34	104	28
34003	236	23	61	100	52
34004	159	38	32	65	24
34005	209	22	55	99	33
34006	261	28	68	117	48
34007	272	49	53	114	56
34008	175	21	47	78	29
34009	126	14	27	59	26
34010	237	41	44	98	54
34011	172	32	32	78	30
34012	258	35	57	119	47
34013	241	44	52	107	38
34014	182	22	35	84	41
34015	169	26	26	84	33
34016	184	26	38	84	36
34017	302	48	50	135	69
34018	150	28	28	66	28
34019	224	28	43	116	37
34020	291	27	71	140	53
34021	297	37	59	135	66
34022	210	29	36	102	43
34023	189	22	40	87	40
34024	192	23	37	91	41
34025	361	39	86	170	66
34026	256	23	51	123	59
34027	173	21	46	74	32
34028	115	29	36	32	18
34029	191	34	37	86	34
34030	235	25	30	138	42
34031	151	11	30	77	33
34032	201	40	38	87	36
34033	152	20	28	68	36
34034	285	22	65	138	60
34035	251	36	61	116	38
34036	213	22	34	109	48
34037	118	16	33	51	18
34038	92	11	25	36	20
34039	137	20	43	56	18
34040	242	49	52	91	50
34041	130	22	21	70	17
34042	250	26	62	122	40
34043	222	23	35	113	51
34044	236	22	50	126	38
34045	194	22	32	94	46
34046	166	19	29	83	35
34047	222	19	46	118	39
34048	271	41	45	127	58
34049	217	15	50	103	49
34050	171	28	39	76	28
34051	277	27	50	144	56
34052	199	16	44	98	41
34053	126	21	27	61	17
35001	285	72	157	18	38
35002	311	88	144	31	48
35003	228	59	124	17	28
35004	267	54	145	19	49
35005	214	38	135	14	27
35006	258	69	136	25	28
35007	285	83	158	20	24
35008	258	66	151	17	24
35009	215	28	118	16	53
35010	377	93	201	20	63
35011	299	74	176	19	30
35012	167	13	128	8	18
35013	155	18	103	15	19
35014	206	32	145	12	17
35015	316	84	174	25	33
35016	142	11	116	8	7
35017	250	90	109	26	25
35018	189	17	145	10	17
35019	159	12	122	10	15
35020	231	38	140	16	37
35021	256	54	153	17	32
35022	312	73	181	19	39
35023	262	46	155	23	38
35024	228	45	133	21	29
35025	227	71	92	23	41
35026	224	27	150	21	26
35027	243	47	130	22	44
35028	265	56	155	11	43
35029	214	22	143	19	30
35030	213	29	138	20	26
35031	232	35	130	21	46
36001	187	14	130	15	28
36002	216	14	141	26	35
36003	181	12	103	37	29
36004	164	14	93	40	17
36005	125	12	75	24	14
36006	160	16	103	18	23
36007	243	31	96	44	72
36008	157	11	111	16	19
36009	180	14	129	26	11
36010	230	18	145	30	37
36011	125	16	80	14	15
36012	115	5	90	13	7
36013	129	11	96	6	16
36014	184	22	95	27	40
36015	219	20	92	24	83
36016	168	17	82	23	46
36017	238	28	133	23	54
36018	203	27	103	27	46
36019	252	19	163	27	43
36020	187	20	113	18	36
36021	171	14	116	18	23
36022	137	13	92	16	16
36023	133	5	101	13	14
36024	218	16	130	20	52
36025	192	20	146	14	12
36026	161	12	91	18	40
36027	186	17	102	23	44
36028	178	22	97	23	36
36029	229	30	121	30	48
36030	184	15	94	22	53
37001	172	28	36	84	24
37002	129	13	44	46	26
37003	119	9	41	50	19
37004	134	12	50	55	17
37005	215	12	38	136	29
37006	193	18	43	101	31
37007	119	12	38	54	15
37008	106	9	39	50	8
37009	197	17	44	110	26
37010	226	23	73	93	37
37011	108	8	22	59	19
37012	151	15	64	56	16
37013	138	20	40	62	16
37014	184	12	36	102	34
37015	219	13	59	127	20
37016	204	9	55	112	28
37017	145	9	17	95	24
37018	185	22	30	107	26
37019	135	5	44	62	24
37020	140	13	34	69	24
37021	141	11	42	68	20
37022	162	13	64	62	23
37023	198	17	32	120	29
37024	192	25	48	92	27
37025	179	10	33	114	22
37026	243	12	61	145	25
37027	167	7	27	103	30
37028	170	16	48	88	18
37029	168	12	30	97	29
37030	175	15	35	106	19
37031	190	8	43	110	29
37032	165	13	27	101	24
37033	215	16	41	133	25
37034	189	12	33	126	18
37035	232	17	49	133	33
37036	168	11	37	96	24
37037	213	13	42	129	29
37038	229	19	47	133	30
37039	168	12	34	104	18
37040	221	14	39	144	24
37041	192	19	32	110	31
38001	183	28	81	20	54
38002	183	14	46	23	100
38003	167	8	77	21	61
38004	207	24	85	24	74
38005	173	23	74	17	59
38006	149	13	54	25	57
38007	168	17	61	18	72
38008	181	28	77	25	51
38009	206	28	70	38	70
38010	166	20	81	30	35
38011	163	32	61	15	55
38012	192	20	59	30	83
38013	219	28	79	24	88
38014	205	25	85	38	57
38015	185	29	82	19	55
38016	196	20	76	34	66
38017	220	22	84	25	89
38018	222	27	82	34	79
38019	226	24	91	33	78
38020	182	25	64	21	72
38021	187	23	88	21	55
38022	203	19	88	27	69
38023	237	24	105	26	82
38024	212	14	71	39	88
38025	185	28	79	26	52
38026	174	13	63	19	79
38027	191	29	75	25	62
38028	219	28	74	27	90
38029	200	21	82	28	69
38030	175	16	57	29	73
38031	254	48	84	30	92
38032	195	35	68	30	62
38033	182	17	96	18	51
38034	205	25	109	20	51
38035	219	24	126	19	50
38036	186	19	68	31	68
38037	208	18	97	32	61
38038	182	18	88	23	53
38039	265	28	124	30	83
38040	228	33	92	31	72
38041	246	42	82	31	91
39001	226	36	78	36	76
39002	192	32	49	28	83
39003	300	58	121	35	86
39004	220	35	71	31	83
39005	239	41	110	25	63
39006	228	36	110	19	63
39007	204	27	93	27	57
39008	224	33	120	13	58
39009	184	34	77	13	60
39010	132	20	65	10	37
39011	193	36	79	25	53
39012	293	58	165	20	50
39013	176	23	80	26	47
39014	226	43	99	29	55
39015	224	27	67	38	92
39016	141	19	73	20	29
39017	251	56	96	26	73
39018	236	44	92	32	68
39019	237	44	108	26	59
39020	272	42	85	47	98
39021	200	23	82	30	65
39022	163	33	87	18	25
39023	257	27	73	53	104
39024	254	35	86	39	94
39025	169	38	78	24	29
39026	192	35	63	20	74
39027	46	9	12	9	16
39028	334	53	159	36	86
39029	147	32	74	17	24
39030	256	44	122	30	60
39031	214	32	117	23	42
39032	178	36	66	31	45
39033	228	59	87	35	47
39034	255	59	124	22	50
39035	221	38	113	21	49
39036	61	12	21	14	14
39037	217	48	54	41	74
39038	149	17	50	20	62
39039	178	26	73	37	42
39040	221	35	74	33	79
39041	255	42	78	40	95
39042	264	38	65	50	111
39043	216	35	64	22	95
39044	182	20	55	35	72
39045	221	38	62	29	92
40001	204	39	84	31	50
40002	222	36	90	32	64
40003	354	89	142	45	78
40004	118	28	47	14	29
40005	283	83	103	34	63
40006	394	123	157	42	72
40007	288	62	97	43	86
40008	393	111	159	43	80
40009	193	28	92	35	38
40010	228	38	107	31	52
40011	308	81	112	43	72
40012	235	57	80	32	66
40013	499	168	189	62	80
40014	193	33	82	30	48
40015	224	37	100	31	56
40016	404	117	159	41	87
40017	230	39	114	29	48
40018	196	40	74	44	38
40019	307	53	139	38	77
40020	207	48	77	22	60
40021	331	60	139	36	96
40022	329	92	110	49	78
40023	397	87	163	50	97
40024	196	39	95	19	43
40025	381	97	153	52	79
40026	362	83	155	41	83
40027	385	92	160	57	76
40028	330	81	124	53	72
40029	275	46	98	39	92
40030	246	39	96	35	76
40031	342	79	141	49	73
40032	337	90	124	32	91
40033	309	89	115	39	66
40034	225	47	94	36	48
40035	114	20	57	19	18
40036	271	62	98	39	72
40037	273	51	118	39	65
40038	396	112	158	39	87
40039	63	7	40	10	6
41001	211	30	54	35	92
41002	206	22	38	46	100
41003	204	32	60	31	81
41004	246	24	61	40	121
41005	251	24	75	36	116
41006	313	54	64	59	136
41007	226	31	57	29	109
41008	228	30	75	27	96
41009	208	18	58	34	98
41010	274	34	65	60	115
41011	244	28	78	39	99
41012	198	26	61	26	85
41013	227	41	71	41	74
41014	309	48	79	41	141
41015	265	54	52	54	105
41016	207	24	56	39	88
41017	210	25	54	38	93
41018	200	28	61	31	80
41019	258	41	68	49	100
41020	156	20	54	25	57
41021	223	28	59	34	102
41022	271	34	74	46	117
41023	200	18	48	31	103
41024	180	21	59	21	79
41025	121	18	49	16	38
41026	223	29	61	41	92
41027	127	19	46	17	45
41028	162	12	63	35	52
41029	107	16	34	23	34
41030	187	36	58	31	62
41031	231	24	63	31	113
41032	198	22	70	27	79
41033	203	28	47	42	86
41034	203	28	46	30	99
41035	272	34	66	45	127
41036	223	32	70	39	82
41037	252	31	64	41	116
41038	194	25	61	28	80
41039	275	40	72	58	105
41040	215	26	48	48	93
41041	187	19	49	34	85
41042	207	26	50	40	91
41043	209	17	63	35	94
41044	226	28	57	38	103
41045	225	36	78	41	70
41046	278	33	99	41	105
41047	261	36	61	38	126
42001	220	52	45	45	78
42002	218	31	92	25	70
42003	235	50	57	53	75
42004	442	72	148	85	137
42005	196	40	46	41	69
42006	279	34	74	61	110
42007	272	40	68	63	101
42008	255	37	85	51	82
42009	301	55	108	48	90
42010	346	65	122	63	96
42011	104	14	26	23	41
42012	227	46	52	52	77
42013	280	37	60	68	115
42014	225	50	61	35	79
42015	243	40	67	48	88
42016	232	44	74	33	81
42017	214	38	61	41	74
42018	188	34	61	39	54
42019	287	47	58	68	114
42020	202	33	66	39	64
42021	192	33	63	37	59
42022	81	12	24	19	26
42023	231	37	60	53	81
42024	178	29	44	36	69
42025	231	40	75	49	67
42026	270	45	80	46	99
42027	217	39	64	33	81
42028	240	29	72	53	86
42029	207	26	49	37	95
42030	192	23	40	58	71
42031	249	33	73	48	95
42032	194	33	61	34	66
42033	293	48	87	77	81
42034	207	37	52	37	81
42035	290	56	98	48	88
42036	262	62	80	43	77
42037	161	38	41	24	58
42038	204	35	69	34	66
42039	263	55	88	31	89
42040	247	43	76	38	90
42041	226	41	62	43	80
42042	432	88	124	90	130
43001	128	18	39	27	44
43002	272	57	96	46	73
43003	269	58	68	42	101
43004	237	53	76	40	68
43005	237	39	59	59	80
43006	185	40	68	21	56
43007	180	27	39	48	66
43008	183	36	64	26	57
43009	269	49	84	59	77
43010	321	60	93	64	104
43011	184	34	51	38	61
43012	145	39	46	22	38
43013	222	45	65	46	66
43014	304	55	75	65	109
43015	249	51	89	28	81
43016	280	50	115	32	83
43017	188	27	64	30	67
43018	276	52	84	61	79
43019	271	52	78	36	105
43020	282	52	91	59	80
43021	264	60	72	47	85
43022	185	41	63	35	46
43023	166	36	58	20	52
43024	171	30	52	19	70
43025	231	38	70	46	77
43026	201	38	56	40	67
43027	257	50	86	51	70
43028	235	46	82	42	65
43029	323	70	106	48	99
43030	300	54	119	52	75
43031	259	42	103	52	62
43032	279	52	78	47	102
43033	265	56	62	45	102
43034	157	32	48	33	44
43035	243	51	53	47	92
43036	142	31	51	24	36
43037	239	64	104	24	47
43038	196	31	46	43	76
43039	168	42	52	32	42
43040	210	45	94	29	42
43041	357	76	111	60	110
43042	233	55	79	28	71
43043	264	48	64	49	103
43044	258	57	84	43	74
43045	186	24	42	45	75
43046	133	33	46	15	39
44001	342	84	118	42	98
44002	253	56	89	40	68
44003	225	36	61	47	81
44004	198	50	67	39	42
44005	227	63	81	38	45
44006	363	101	134	51	77
44007	220	39	71	50	60
44008	268	77	92	40	59
44009	240	38	101	44	57
44010	245	60	81	29	75
44011	305	63	108	46	88
44012	310	72	103	56	79
44013	236	53	69	42	72
44014	171	51	51	34	35
44015	261	62	81	41	77
44016	328	76	124	54	74
44017	352	104	113	54	81
44018	266	63	105	47	51
44019	365	85	131	65	84
44020	267	96	98	32	41
44021	312	93	123	41	55
44022	319	76	104	57	82
44023	286	63	117	39	67
44024	202	44	65	34	59
44025	297	62	124	47	64
44026	335	77	116	49	93
44027	351	90	126	55	80
44028	263	62	107	29	65
44029	305	61	124	57	63
44030	325	84	106	43	92
44031	228	62	89	20	57
44032	314	88	116	48	62
44033	251	72	106	27	46
44034	323	83	101	47	92
44035	254	47	80	41	86
44036	237	85	74	36	42
44037	360	100	126	59	75
44038	239	50	97	35	57
44039	260	60	91	54	55
44040	268	60	103	38	67
44041	372	82	159	54	77
45001	232	46	118	21	47
45002	253	59	120	31	43
45003	269	43	134	39	53
45004	342	63	181	37	61
45005	301	42	151	35	73
45006	380	77	178	39	86
45007	393	70	168	50	105
45008	232	39	115	31	47
45009	223	26	127	14	56
45010	233	38	104	19	72
45011	182	22	99	15	46
45012	212	40	92	27	53
45013	246	51	91	36	68
45014	345	55	154	47	89
45015	356	62	128	38	128
45016	210	43	77	25	65
45017	258	42	96	32	88
45018	235	37	81	33	84
45019	118	24	50	17	27
45020	146	25	59	21	41
45021	187	26	80	21	60
45022	153	20	49	31	53
45023	179	26	60	30	63
45024	149	26	41	21	61
45025	140	12	58	24	46
45026	95	14	24	20	37
45027	212	21	74	37	80
45028	137	18	57	24	38
45029	114	16	37	18	43
45030	199	29	96	22	52
45031	204	20	89	30	65
45032	211	31	87	25	68
45033	177	44	79	19	35
45034	254	41	106	26	81
45035	276	48	92	35	101
45036	267	47	92	27	101
45037	207	27	91	26	63
45038	212	31	84	36	61
45039	208	39	69	29	71
45040	173	21	64	24	64
45041	214	34	85	28	67
45042	244	32	83	34	95
45043	208	27	72	47	62
45044	248	24	82	34	108
45045	136	18	51	22	45
45046	139	23	38	25	53
45047	151	15	57	21	58
45048	149	13	44	29	63
46001	248	86	82	43	37
46002	277	69	85	55	68
46003	374	89	113	67	105
46004	305	74	114	44	73
46005	347	106	120	59	62
46006	259	58	105	45	51
46007	344	64	111	57	112
46008	205	49	80	32	44
46009	370	91	142	55	82
46010	478	137	181	67	93
46011	270	54	102	40	74
46012	396	133	143	48	72
46013	288	52	115	45	76
46014	223	49	54	57	63
46015	312	61	129	49	73
46016	395	91	141	55	108
46017	372	63	140	52	117
46018	343	73	148	51	71
46019	241	50	76	27	88
46020	223	55	75	37	56
46021	171	40	80	20	31
46022	231	70	76	35	50
46023	264	56	110	41	57
46024	367	87	150	55	75
46025	270	73	96	48	53
46026	384	102	164	47	71
46027	395	93	164	56	82
46028	217	41	57	36	83
46029	208	44	59	37	68
46030	343	73	151	54	65
46031	314	82	107	51	74
46032	267	61	102	43	61
46033	333	80	105	43	105
46034	329	88	127	56	58
46035	239	57	86	41	55
46036	309	78	104	44	83
46037	203	55	71	33	44
46038	307	78	110	51	68
46039	253	66	92	39	56
46040	288	77	81	51	79
47001	207	54	67	26	60
47002	333	72	81	48	132
47003	260	43	88	36	93
47004	388	62	102	54	170
47005	340	90	111	50	89
47006	352	78	112	42	120
47007	310	67	115	29	99
47008	331	54	116	34	127
47009	272	67	101	25	79
47010	435	121	148	50	116
47011	281	60	95	44	82
47012	345	71	115	42	117
47013	350	87	135	43	85
47014	307	66	92	29	120
47015	464	186	140	35	103
47016	335	63	105	50	117
47017	331	56	103	39	133
47018	308	71	99	40	98
47019	486	163	179	41	103
47020	317	65	108	31	113
47021	333	79	110	40	104
47022	359	90	104	32	133
47023	422	126	150	44	102
47024	350	90	124	34	102
47025	325	74	97	35	119
47026	419	131	156	37	95
47027	292	64	97	34	97
47028	321	75	93	44	109
47029	336	74	116	50	96
47030	397	109	135	54	99
47031	340	72	140	36	92
47032	403	103	148	50	102
47033	283	51	113	34	85
47034	372	90	135	59	88
47035	324	64	98	48	114
47036	384	111	121	55	97
47037	320	82	107	36	95
47038	312	92	90	44	86
47039	356	92	113	37	114
47040	383	80	130	43	130
47041	397	112	127	48	110
47042	333	105	106	33	89
47043	252	37	89	36	90
47044	236	48	82	36	70
47045	329	66	90	40	133
47046	295	58	92	39	106
47047	355	75	103	47	130
47048	37	7	16	4	10
48001	343	90	137	39	77
48002	163	37	48	29	49
48003	363	88	120	67	88
48004	291	63	115	29	84
48005	207	35	56	31	85
48006	391	83	148	61	99
48007	347	86	124	36	101
48008	157	28	45	19	65
48009	211	29	84	28	70
48010	479	132	154	68	125
48011	297	92	94	24	87
48012	418	102	151	49	116
48013	382	62	147	56	117
48014	151	21	57	27	46
48015	192	33	73	30	56
48016	324	86	126	59	53
48017	280	67	92	42	79
48018	198	30	65	45	58
48019	271	60	89	63	59
48020	387	100	166	41	80
48021	390	78	147	58	107
48022	279	32	111	44	92
48023	311	45	65	88	113
48024	308	49	130	35	94
48025	300	68	100	34	98
48026	131	44	33	17	37
48027	287	69	119	42	57
48028	300	51	108	56	85
48029	77	3	15	16	43
48030	318	79	95	50	94
48031	349	75	140	62	72
48032	327	63	128	49	87
48033	181	35	54	29	63
48034	276	78	89	38	71
48035	196	46	70	41	39
48036	191	32	64	31	64
48037	333	90	131	44	68
48038	375	81	100	61	133
48039	201	28	58	31	84
48040	293	73	102	46	72
48041	376	103	158	45	70
48042	382	125	125	39	93
48043	373	88	145	67	73
48044	422	119	148	54	101
48045	252	67	86	39	60
48046	206	24	86	28	68
49001	186	27	66	60	33
49002	209	50	89	26	44
49003	329	89	101	47	92
49004	436	105	193	42	96
49005	295	57	87	64	87
49006	285	55	93	62	75
49007	268	47	101	37	83
49008	217	35	77	35	70
49009	322	77	100	56	89
49010	341	79	126	49	87
49011	379	93	120	53	113
49012	419	113	157	54	95
49013	353	72	117	61	103
49014	211	45	74	36	56
49015	188	27	60	47	54
49016	292	67	85	64	76
49017	208	51	79	34	44
49018	447	119	158	63	107
49019	262	40	109	53	60
49020	481	129	173	57	122
49021	160	15	67	31	47
49022	285	37	92	52	104
49023	421	118	165	57	81
49024	177	29	61	38	49
49025	319	89	104	51	75
49026	400	112	126	58	104
49027	336	75	132	77	52
49028	462	124	163	75	100
49029	397	98	155	59	85
49030	283	69	103	49	62
49031	236	45	71	68	52
49032	297	60	97	63	77
49033	225	44	81	41	59
50001	225	81	43	46	55
50002	153	41	58	21	33
50003	211	57	51	44	59
50004	228	47	81	49	51
50005	146	62	25	25	34
50006	224	43	79	46	56
50007	308	55	119	53	81
50008	184	30	77	21	56
50009	178	36	49	37	56
50010	185	65	52	33	35
50011	138	67	23	25	23
50012	90	27	30	12	21
50013	189	36	77	33	43
50014	78	20	28	7	23
50015	329	53	103	61	112
50016	65	18	15	8	24
50017	173	39	63	36	35
50018	37	20	3	9	5
50019	133	34	50	18	31
50020	230	46	90	33	61
50021	200	52	55	43	50
50022	157	51	51	30	25
50023	119	30	40	27	22
50024	140	54	30	19	37
50025	191	62	58	32	39
50026	155	32	59	28	36
50027	59	11	19	11	18
50028	205	28	89	41	47
50029	136	30	58	25	23
50030	142	31	46	22	43
50031	233	54	92	38	49
50032	197	41	79	45	32
50033	154	58	29	24	43
50034	315	77	97	48	93
50035	290	50	109	48	83
50036	235	58	91	34	52
50037	247	37	98	37	75
50038	104	31	29	23	21
50039	108	31	34	20	23
50040	197	97	34	30	36
