Precinct	total_votes	votes|Thomas J. Dart
01001	523	523
01002	418	418
01003	569	569
01004	544	544
01005	578	578
01006	466	466
01007	353	353
01008	424	424
01009	356	356
01010	628	628
01011	589	589
01012	554	554
01013	226	226
01014	452	452
01015	438	438
01016	582	582
01017	419	419
01018	466	466
01019	555	555
01020	398	398
01021	658	658
01022	316	316
01023	670	670
01024	406	406
01025	471	471
01026	301	301
01027	518	518
01028	112	112
01029	590	590
01030	516	516
01031	426	426
01032	469	469
01033	549	549
01034	387	387
01035	586	586
01036	489	489
01037	498	498
01038	445	445
01039	431	431
01040	454	454
01041	288	288
01042	157	157
01043	305	305
01044	435	435
02001	551	551
02002	360	360
02003	568	568
02004	436	436
02005	584	584
02006	492	492
02007	464	464
02008	558	558
02009	420	420
02010	385	385
02011	508	508
02012	460	460
02013	429	429
02014	524	524
02015	478	478
02016	447	447
02017	586	586
02018	467	467
02019	334	334
02020	529	529
02021	518	518
02022	504	504
02023	338	338
02024	441	441
02025	522	522
02026	406	406
02027	407	407
02028	528	528
02029	546	546
02030	413	413
02031	555	555
02032	362	362
02033	678	678
02034	379	379
02035	595	595
02036	523	523
02037	456	456
02038	428	428
02039	285	285
02040	656	656
02041	481	481
02042	539	539
02043	636	636
02044	290	290
02045	557	557
02046	253	253
03001	586	586
03002	568	568
03003	403	403
03004	504	504
03005	289	289
03006	601	601
03007	299	299
03008	371	371
03009	470	470
03010	218	218
03011	475	475
03012	465	465
03013	518	518
03014	529	529
03015	424	424
03016	399	399
03017	649	649
03018	673	673
03019	533	533
03020	490	490
03021	533	533
03022	635	635
03023	401	401
03024	391	391
03025	763	763
03026	521	521
03027	599	599
03028	303	303
03029	443	443
03030	404	404
03031	508	508
03032	554	554
03033	563	563
03034	595	595
03035	221	221
03036	250	250
03037	427	427
03038	373	373
03039	761	761
03040	494	494
03041	315	315
04001	725	725
04002	624	624
04003	396	396
04004	655	655
04005	473	473
04006	567	567
04007	571	571
04008	514	514
04009	558	558
04010	610	610
04011	501	501
04012	563	563
04013	592	592
04014	512	512
04015	606	606
04016	841	841
04017	637	637
04018	464	464
04019	374	374
04020	446	446
04021	686	686
04022	500	500
04023	649	649
04024	454	454
04025	539	539
04026	471	471
04027	646	646
04028	410	410
04029	419	419
04030	668	668
04031	507	507
04032	541	541
04033	497	497
04034	427	427
04035	578	578
04036	563	563
04037	884	884
04038	526	526
05001	380	380
05002	315	315
05003	506	506
05004	633	633
05005	417	417
05006	347	347
05007	492	492
05008	485	485
05009	572	572
05010	350	350
05011	499	499
05012	294	294
05013	388	388
05014	363	363
05015	433	433
05016	428	428
05017	382	382
05018	450	450
05019	437	437
05020	548	548
05021	511	511
05022	538	538
05023	804	804
05024	524	524
05025	421	421
05026	453	453
05027	541	541
05028	488	488
05029	471	471
05030	303	303
05031	346	346
05032	566	566
05033	492	492
05034	546	546
05035	567	567
05036	263	263
05037	524	524
05038	394	394
05039	377	377
05040	326	326
05041	266	266
06001	404	404
06002	393	393
06003	417	417
06004	295	295
06005	256	256
06006	396	396
06007	338	338
06008	373	373
06009	332	332
06010	216	216
06011	324	324
06012	269	269
06013	293	293
06014	348	348
06015	301	301
06016	378	378
06017	245	245
06018	271	271
06019	334	334
06020	216	216
06021	199	199
06022	218	218
06023	194	194
06024	187	187
06025	197	197
06026	273	273
06027	205	205
06028	174	174
06029	400	400
06030	287	287
06031	390	390
06032	345	345
06033	370	370
06034	383	383
06035	338	338
06036	440	440
06037	377	377
06038	388	388
06039	298	298
06040	332	332
06041	371	371
06042	371	371
06043	329	329
06044	352	352
06045	390	390
06046	252	252
06047	264	264
06048	390	390
07001	318	318
07002	336	336
07003	377	377
07004	375	375
07005	299	299
07006	446	446
07007	349	349
07008	291	291
07009	609	609
07010	396	396
07011	378	378
07012	330	330
07013	217	217
07014	377	377
07015	338	338
07016	271	271
07017	295	295
07018	313	313
07019	330	330
07020	270	270
07021	269	269
07022	301	301
07023	349	349
07024	293	293
07025	280	280
07026	289	289
07027	288	288
07028	256	256
07029	290	290
07030	251	251
07031	231	231
07032	468	468
07033	473	473
07034	419	419
07035	366	366
07036	421	421
07037	374	374
07038	308	308
07039	325	325
07040	301	301
07041	352	352
07042	295	295
07043	348	348
07044	304	304
07045	329	329
07046	151	151
08001	311	311
08002	344	344
08003	426	426
08004	427	427
08005	416	416
08006	383	383
08007	423	423
08008	371	371
08009	253	253
08010	473	473
08011	315	315
08012	316	316
08013	420	420
08014	262	262
08015	332	332
08016	111	111
08017	335	335
08018	345	345
08019	400	400
08020	421	421
08021	461	461
08022	345	345
08023	309	309
08024	233	233
08025	364	364
08026	341	341
08027	415	415
08028	385	385
08029	419	419
08030	378	378
08031	270	270
08032	308	308
08033	351	351
08034	345	345
08035	411	411
08036	400	400
08037	310	310
08038	247	247
08039	371	371
08040	286	286
08041	426	426
08042	452	452
08043	196	196
08044	256	256
08045	362	362
08046	289	289
08047	301	301
08048	342	342
08049	347	347
08050	382	382
08051	399	399
08052	460	460
08053	212	212
08054	300	300
08055	294	294
08056	370	370
09001	350	350
09002	311	311
09003	255	255
09004	276	276
09005	336	336
09006	328	328
09007	282	282
09008	345	345
09009	371	371
09010	283	283
09011	230	230
09012	389	389
09013	401	401
09014	418	418
09015	369	369
09016	311	311
09017	233	233
09018	249	249
09019	325	325
09020	338	338
09021	295	295
09022	357	357
09023	398	398
09024	359	359
09025	353	353
09026	376	376
09027	299	299
09028	214	214
09029	311	311
09030	286	286
09031	268	268
09032	348	348
09033	258	258
09034	248	248
09035	353	353
09036	278	278
09037	471	471
09038	365	365
09039	381	381
09040	383	383
09041	277	277
09042	352	352
09043	313	313
09044	303	303
09045	278	278
09046	347	347
09047	368	368
09048	395	395
09049	368	368
09050	454	454
09051	342	342
10001	316	316
10002	298	298
10003	312	312
10004	250	250
10005	235	235
10006	251	251
10007	233	233
10008	211	211
10009	258	258
10010	311	311
10011	368	368
10012	201	201
10013	301	301
10014	389	389
10015	643	643
10016	238	238
10017	396	396
10018	216	216
10019	309	309
10020	332	332
10021	320	320
10022	189	189
10023	280	280
10024	298	298
10025	97	97
10026	242	242
10027	315	315
10028	346	346
10029	286	286
10030	279	279
10031	235	235
10032	307	307
10033	223	223
10034	234	234
10035	345	345
10036	88	88
11001	343	343
11002	31	31
11003	385	385
11004	315	315
11005	477	477
11006	603	603
11007	614	614
11008	371	371
11009	295	295
11010	316	316
11011	394	394
11012	450	450
11013	383	383
11014	176	176
11015	140	140
11016	244	244
11017	471	471
11018	264	264
11019	472	472
11020	240	240
11021	451	451
11022	418	418
11023	223	223
11024	408	408
11025	477	477
11026	405	405
11027	124	124
11028	160	160
11029	382	382
11030	177	177
11031	360	360
11032	158	158
11033	468	468
11034	112	112
11035	94	94
11036	157	157
11037	98	98
11038	206	206
12001	327	327
12002	272	272
12003	437	437
12004	358	358
12005	276	276
12006	328	328
12007	307	307
12008	350	350
12009	269	269
12010	399	399
12011	333	333
12012	330	330
12013	319	319
12014	299	299
12015	249	249
12016	287	287
12017	318	318
12018	260	260
12019	314	314
12020	392	392
12021	317	317
12022	268	268
12023	334	334
13001	243	243
13002	244	244
13003	244	244
13004	265	265
13005	361	361
13006	275	275
13007	227	227
13008	240	240
13009	313	313
13010	254	254
13011	312	312
13012	261	261
13013	286	286
13014	301	301
13015	417	417
13016	205	205
13017	233	233
13018	216	216
13019	331	331
13020	164	164
13021	318	318
13022	311	311
13023	206	206
13024	290	290
13025	297	297
13026	266	266
13027	275	275
13028	230	230
13029	234	234
13030	241	241
13031	309	309
13032	219	219
13033	283	283
13034	332	332
13035	262	262
13036	189	189
13037	332	332
13038	232	232
13039	302	302
13040	296	296
13041	330	330
13042	270	270
13043	290	290
13044	274	274
13045	310	310
13046	359	359
13047	328	328
13048	248	248
14001	323	323
14002	406	406
14003	315	315
14004	290	290
14005	418	418
14006	141	141
14007	369	369
14008	344	344
14009	361	361
14010	213	213
14011	186	186
14012	347	347
14013	278	278
14014	287	287
14015	335	335
14016	220	220
14017	250	250
14018	132	132
14019	286	286
14020	229	229
14021	283	283
14022	413	413
14023	244	244
14024	357	357
14025	178	178
14026	240	240
14027	292	292
14028	240	240
14029	246	246
14030	178	178
14031	193	193
15001	279	279
15002	204	204
15003	221	221
15004	296	296
15005	271	271
15006	278	278
15007	221	221
15008	247	247
15009	361	361
15010	394	394
15011	333	333
15012	339	339
15013	279	279
15014	256	256
15015	233	233
15016	323	323
15017	246	246
15018	199	199
15019	259	259
15020	236	236
15021	201	201
15022	255	255
15023	244	244
15024	191	191
16001	352	352
16002	257	257
16003	221	221
16004	254	254
16005	180	180
16006	269	269
16007	238	238
16008	167	167
16009	264	264
16010	244	244
16011	258	258
16012	216	216
16013	248	248
16014	195	195
16015	281	281
16016	250	250
16017	307	307
16018	287	287
16019	227	227
16020	205	205
16021	225	225
16022	210	210
16023	290	290
16024	146	146
16025	300	300
16026	198	198
16027	221	221
16028	227	227
16029	248	248
16030	219	219
16031	269	269
16032	276	276
16033	240	240
16034	240	240
16035	317	317
16036	200	200
17001	313	313
17002	323	323
17003	320	320
17004	402	402
17005	237	237
17006	267	267
17007	245	245
17008	268	268
17009	257	257
17010	424	424
17011	244	244
17012	408	408
17013	278	278
17014	371	371
17015	339	339
17016	307	307
17017	289	289
17018	360	360
17019	182	182
17020	422	422
17021	422	422
17022	282	282
17023	205	205
17024	336	336
17025	241	241
17026	328	328
17027	307	307
17028	259	259
17029	317	317
17030	238	238
17031	200	200
17032	253	253
17033	216	216
17034	238	238
17035	219	219
17036	303	303
17037	265	265
17038	308	308
17039	305	305
17040	331	331
17041	401	401
18001	310	310
18002	300	300
18003	288	288
18004	370	370
18005	223	223
18006	275	275
18007	334	334
18008	358	358
18009	346	346
18010	462	462
18011	293	293
18012	343	343
18013	372	372
18014	376	376
18015	382	382
18016	336	336
18017	342	342
18018	289	289
18019	337	337
18020	284	284
18021	427	427
18022	427	427
18023	333	333
18024	315	315
18025	332	332
18026	446	446
18027	286	286
18028	314	314
18029	388	388
18030	383	383
18031	374	374
18032	357	357
18033	276	276
18034	423	423
18035	418	418
18036	368	368
18037	411	411
18038	332	332
18039	272	272
18040	382	382
18041	404	404
18042	310	310
18043	237	237
18044	286	286
18045	307	307
18046	357	357
18047	267	267
18048	296	296
18049	216	216
18050	263	263
19001	321	321
19002	548	548
19003	236	236
19004	366	366
19005	442	442
19006	351	351
19007	333	333
19008	357	357
19009	248	248
19010	484	484
19011	287	287
19012	261	261
19013	487	487
19014	478	478
19015	409	409
19016	329	329
19017	320	320
19018	370	370
19019	516	516
19020	344	344
19021	296	296
19022	427	427
19023	362	362
19024	235	235
19025	386	386
19026	393	393
19027	406	406
19028	466	466
19029	325	325
19030	328	328
19031	351	351
19032	321	321
19033	357	357
19034	366	366
19035	361	361
19036	562	562
19037	398	398
19038	354	354
19039	161	161
19040	410	410
19041	292	292
19042	328	328
19043	557	557
19044	361	361
19045	356	356
19046	376	376
19047	549	549
19048	461	461
19049	479	479
19050	302	302
19051	397	397
19052	342	342
19053	344	344
19054	255	255
19055	277	277
19056	438	438
19057	322	322
20001	341	341
20002	140	140
20003	302	302
20004	161	161
20005	402	402
20006	151	151
20007	365	365
20008	324	324
20009	507	507
20010	235	235
20011	471	471
20012	271	271
20013	379	379
20014	166	166
20015	272	272
20016	396	396
20017	186	186
20018	237	237
20019	355	355
20020	215	215
20021	244	244
20022	445	445
20023	377	377
20024	392	392
20025	241	241
20026	361	361
20027	175	175
20028	217	217
20029	401	401
20030	159	159
20031	408	408
20032	336	336
20033	201	201
20034	576	576
20035	249	249
20036	108	108
20037	103	103
20038	111	111
20039	20	20
21001	391	391
21002	273	273
21003	391	391
21004	331	331
21005	392	392
21006	293	293
21007	368	368
21008	369	369
21009	408	408
21010	313	313
21011	340	340
21012	318	318
21013	349	349
21014	371	371
21015	327	327
21016	330	330
21017	306	306
21018	398	398
21019	358	358
21020	307	307
21021	307	307
21022	306	306
21023	319	319
21024	360	360
21025	309	309
21026	349	349
21027	359	359
21028	433	433
21029	405	405
21030	282	282
21031	256	256
21032	308	308
21033	312	312
21034	320	320
21035	410	410
21036	330	330
21037	259	259
21038	324	324
21039	300	300
21040	321	321
21041	359	359
21042	390	390
21043	343	343
21044	348	348
21045	333	333
21046	385	385
21047	333	333
21048	347	347
21049	387	387
21050	284	284
21051	329	329
21052	340	340
21053	297	297
21054	306	306
22001	197	197
22002	358	358
22003	394	394
22004	224	224
22005	271	271
22006	271	271
22007	214	214
22008	413	413
22009	225	225
22010	363	363
22011	220	220
22012	271	271
22013	272	272
22014	215	215
22015	242	242
22016	259	259
22017	287	287
22018	251	251
22019	162	162
22020	267	267
22021	330	330
22022	267	267
22023	421	421
22024	304	304
22025	290	290
23001	257	257
23002	297	297
23003	283	283
23004	337	337
23005	319	319
23006	322	322
23007	253	253
23008	356	356
23009	249	249
23010	349	349
23011	323	323
23012	284	284
23013	269	269
23014	259	259
23015	265	265
23016	274	274
23017	205	205
23018	220	220
23019	262	262
23020	163	163
23021	270	270
23022	303	303
23023	262	262
23024	258	258
23025	257	257
23026	318	318
23027	234	234
23028	286	286
23029	252	252
23030	339	339
23031	246	246
23032	296	296
23033	321	321
23034	284	284
23035	188	188
23036	278	278
23037	293	293
23038	262	262
23039	321	321
24001	261	261
24002	275	275
24003	313	313
24004	241	241
24005	154	154
24006	297	297
24007	188	188
24008	147	147
24009	275	275
24010	135	135
24011	325	325
24012	172	172
24013	156	156
24014	269	269
24015	148	148
24016	345	345
24017	235	235
24018	324	324
24019	351	351
24020	249	249
24021	142	142
24022	351	351
24023	228	228
24024	309	309
24025	239	239
24026	417	417
24027	318	318
24028	199	199
24029	234	234
24030	170	170
24031	318	318
24032	151	151
24033	177	177
24034	275	275
24035	272	272
24036	353	353
24037	174	174
24038	238	238
24039	303	303
24040	338	338
24041	200	200
25001	311	311
25002	459	459
25003	661	661
25004	351	351
25005	421	421
25006	122	122
25007	416	416
25008	456	456
25009	366	366
25010	622	622
25011	427	427
25012	401	401
25013	457	457
25014	233	233
25015	346	346
25016	614	614
25017	449	449
25018	205	205
25019	413	413
25020	274	274
25021	756	756
25022	374	374
25023	471	471
25024	400	400
25025	401	401
25026	349	349
25027	521	521
25028	400	400
25029	332	332
25030	368	368
25031	764	764
25032	327	327
26001	354	354
26002	281	281
26003	393	393
26004	204	204
26005	289	289
26006	274	274
26007	343	343
26008	161	161
26009	223	223
26010	296	296
26011	290	290
26012	348	348
26013	171	171
26014	248	248
26015	182	182
26016	168	168
26017	251	251
26018	223	223
26019	202	202
26020	272	272
26021	390	390
26022	148	148
26023	207	207
26024	264	264
26025	295	295
26026	227	227
26027	386	386
26028	472	472
26029	197	197
26030	254	254
26031	133	133
26032	390	390
26033	365	365
26034	407	407
26035	268	268
26036	341	341
26037	351	351
26038	137	137
26039	358	358
26040	223	223
26041	367	367
26042	271	271
26043	165	165
26044	182	182
26045	141	141
26046	221	221
26047	199	199
26048	300	300
26049	174	174
27001	781	781
27002	396	396
27003	211	211
27004	208	208
27005	295	295
27006	425	425
27007	552	552
27008	288	288
27009	185	185
27010	397	397
27011	510	510
27012	287	287
27013	520	520
27014	186	186
27015	191	191
27016	437	437
27017	369	369
27018	259	259
27019	181	181
27020	286	286
27021	399	399
27022	170	170
27023	275	275
27024	261	261
27025	327	327
27026	291	291
27027	455	455
27028	361	361
27029	238	238
27030	176	176
27031	278	278
27032	326	326
27033	409	409
27034	258	258
27035	435	435
27036	308	308
27037	461	461
27038	568	568
27039	266	266
27040	516	516
27041	306	306
27042	267	267
27043	241	241
27044	248	248
27045	814	814
27046	316	316
27047	247	247
27048	726	726
27049	274	274
27050	345	345
28001	212	212
28002	272	272
28003	246	246
28004	289	289
28005	199	199
28006	176	176
28007	289	289
28008	373	373
28009	291	291
28010	392	392
28011	616	616
28012	301	301
28013	338	338
28014	237	237
28015	66	66
28016	189	189
28017	258	258
28018	278	278
28019	266	266
28020	281	281
28021	255	255
28022	267	267
28023	337	337
28024	248	248
28025	409	409
28026	291	291
28027	309	309
28028	383	383
28029	165	165
28030	49	49
28031	397	397
28032	277	277
28033	322	322
28034	515	515
28035	358	358
28036	170	170
28037	376	376
28038	139	139
28039	220	220
28040	408	408
28041	225	225
28042	295	295
28043	379	379
28044	219	219
28045	388	388
28046	578	578
29001	493	493
29002	488	488
29003	396	396
29004	394	394
29005	318	318
29006	309	309
29007	378	378
29008	323	323
29009	402	402
29010	489	489
29011	219	219
29012	460	460
29013	395	395
29014	346	346
29015	423	423
29016	359	359
29017	335	335
29018	359	359
29019	387	387
29020	449	449
29021	474	474
29022	257	257
29023	398	398
29024	331	331
29025	452	452
29026	358	358
29027	345	345
29028	450	450
29029	307	307
29030	501	501
29031	320	320
29032	314	314
29033	268	268
29034	269	269
29035	277	277
29036	337	337
29037	369	369
29038	357	357
29039	310	310
29040	426	426
29041	294	294
29042	421	421
29043	466	466
29044	474	474
30001	417	417
30002	350	350
30003	319	319
30004	333	333
30005	244	244
30006	300	300
30007	393	393
30008	460	460
30009	282	282
30010	375	375
30011	330	330
30012	303	303
30013	344	344
30014	229	229
30015	366	366
30016	163	163
30017	351	351
30018	465	465
30019	322	322
30020	398	398
30021	268	268
30022	503	503
30023	400	400
30024	478	478
30025	528	528
30026	214	214
30027	250	250
30028	381	381
30029	196	196
30030	158	158
30031	239	239
30032	287	287
31001	214	214
31002	197	197
31003	199	199
31004	344	344
31005	260	260
31006	172	172
31007	397	397
31008	202	202
31009	219	219
31010	217	217
31011	189	189
31012	218	218
31013	245	245
31014	203	203
31015	207	207
31016	301	301
31017	209	209
31018	219	219
31019	220	220
31020	218	218
31021	217	217
31022	214	214
31023	239	239
31024	226	226
31025	219	219
31026	269	269
31027	261	261
31028	197	197
31029	250	250
31030	192	192
31031	186	186
31032	191	191
31033	196	196
31034	221	221
31035	255	255
31036	252	252
31037	229	229
31038	189	189
31039	275	275
31040	274	274
31041	206	206
32001	537	537
32002	509	509
32003	554	554
32004	467	467
32005	497	497
32006	594	594
32007	528	528
32008	590	590
32009	461	461
32010	499	499
32011	460	460
32012	367	367
32013	508	508
32014	519	519
32015	480	480
32016	505	505
32017	506	506
32018	447	447
32019	505	505
32020	491	491
32021	530	530
32022	637	637
32023	540	540
32024	353	353
32025	505	505
32026	560	560
32027	474	474
32028	521	521
32029	563	563
32030	488	488
32031	529	529
32032	547	547
32033	511	511
32034	559	559
32035	507	507
32036	533	533
32037	499	499
32038	457	457
32039	526	526
32040	543	543
32041	513	513
32042	440	440
32043	495	495
33001	465	465
33002	596	596
33003	675	675
33004	636	636
33005	445	445
33006	420	420
33007	549	549
33008	662	662
33009	539	539
33010	460	460
33011	550	550
33012	472	472
33013	484	484
33014	254	254
33015	487	487
33016	627	627
33017	533	533
33018	663	663
33019	534	534
33020	582	582
33021	515	515
33022	435	435
33023	522	522
33024	653	653
33025	605	605
33026	415	415
33027	540	540
33028	494	494
34001	392	392
34002	294	294
34003	364	364
34004	277	277
34005	311	311
34006	408	408
34007	412	412
34008	297	297
34009	249	249
34010	344	344
34011	304	304
34012	402	402
34013	350	350
34014	274	274
34015	323	323
34016	289	289
34017	457	457
34018	276	276
34019	384	384
34020	411	411
34021	432	432
34022	362	362
34023	292	292
34024	322	322
34025	544	544
34026	383	383
34027	308	308
34028	235	235
34029	272	272
34030	345	345
34031	296	296
34032	356	356
34033	289	289
34034	381	381
34035	386	386
34036	329	329
34037	218	218
34038	167	167
34039	253	253
34040	392	392
34041	216	216
34042	353	353
34043	336	336
34044	371	371
34045	383	383
34046	242	242
34047	348	348
34048	374	374
34049	333	333
34050	285	285
34051	378	378
34052	276	276
34053	225	225
35001	436	436
35002	474	474
35003	388	388
35004	408	408
35005	389	389
35006	389	389
35007	431	431
35008	460	460
35009	349	349
35010	562	562
35011	473	473
35012	265	265
35013	275	275
35014	291	291
35015	494	494
35016	230	230
35017	476	476
35018	265	265
35019	217	217
35020	372	372
35021	363	363
35022	520	520
35023	427	427
35024	370	370
35025	485	485
35026	369	369
35027	351	351
35028	401	401
35029	357	357
35030	395	395
35031	434	434
36001	315	315
36002	298	298
36003	296	296
36004	295	295
36005	302	302
36006	270	270
36007	375	375
36008	228	228
36009	291	291
36010	384	384
36011	216	216
36012	198	198
36013	218	218
36014	347	347
36015	336	336
36016	347	347
36017	375	375
36018	330	330
36019	374	374
36020	350	350
36021	242	242
36022	248	248
36023	263	263
36024	309	309
36025	307	307
36026	300	300
36027	318	318
36028	279	279
36029	339	339
36030	321	321
37001	221	221
37002	272	272
37003	242	242
37004	255	255
37005	364	364
37006	378	378
37007	230	230
37008	229	229
37009	347	347
37010	380	380
37011	223	223
37012	242	242
37013	228	228
37014	340	340
37015	339	339
37016	361	361
37017	263	263
37018	285	285
37019	231	231
37020	277	277
37021	294	294
37022	279	279
37023	309	309
37024	351	351
37025	296	296
37026	426	426
37027	306	306
37028	277	277
37029	282	282
37030	316	316
37031	342	342
37032	290	290
37033	349	349
37034	303	303
37035	346	346
37036	322	322
37037	347	347
37038	321	321
37039	308	308
37040	335	335
37041	320	320
38001	341	341
38002	303	303
38003	330	330
38004	305	305
38005	328	328
38006	310	310
38007	288	288
38008	291	291
38009	356	356
38010	261	261
38011	297	297
38012	286	286
38013	326	326
38014	374	374
38015	300	300
38016	307	307
38017	400	400
38018	371	371
38019	398	398
38020	321	321
38021	293	293
38022	340	340
38023	364	364
38024	338	338
38025	312	312
38026	352	352
38027	333	333
38028	384	384
38029	328	328
38030	309	309
38031	356	356
38032	345	345
38033	334	334
38034	353	353
38035	360	360
38036	332	332
38037	348	348
38038	317	317
38039	387	387
38040	355	355
38041	341	341
39001	381	381
39002	318	318
39003	427	427
39004	331	331
39005	391	391
39006	367	367
39007	353	353
39008	387	387
39009	357	357
39010	202	202
39011	344	344
39012	522	522
39013	305	305
39014	408	408
39015	391	391
39016	294	294
39017	408	408
39018	376	376
39019	394	394
39020	428	428
39021	336	336
39022	312	312
39023	374	374
39024	439	439
39025	351	351
39026	330	330
39027	65	65
39028	488	488
39029	231	231
39030	485	485
39031	332	332
39032	304	304
39033	431	431
39034	416	416
39035	386	386
39036	115	115
39037	367	367
39038	232	232
39039	244	244
39040	334	334
39041	390	390
39042	383	383
39043	377	377
39044	276	276
39045	340	340
40001	351	351
40002	387	387
40003	581	581
40004	242	242
40005	469	469
40006	578	578
40007	469	469
40008	610	610
40009	351	351
40010	412	412
40011	486	486
40012	401	401
40013	757	757
40014	348	348
40015	392	392
40016	636	636
40017	375	375
40018	342	342
40019	498	498
40020	443	443
40021	516	516
40022	529	529
40023	572	572
40024	360	360
40025	563	563
40026	517	517
40027	618	618
40028	504	504
40029	411	411
40030	357	357
40031	541	541
40032	543	543
40033	483	483
40034	373	373
40035	292	292
40036	425	425
40037	414	414
40038	586	586
40039	167	167
41001	315	315
41002	321	321
41003	351	351
41004	369	369
41005	427	427
41006	436	436
41007	395	395
41008	338	338
41009	351	351
41010	394	394
41011	373	373
41012	361	361
41013	401	401
41014	408	408
41015	451	451
41016	341	341
41017	365	365
41018	324	324
41019	411	411
41020	253	253
41021	393	393
41022	384	384
41023	332	332
41024	289	289
41025	257	257
41026	348	348
41027	290	290
41028	359	359
41029	243	243
41030	360	360
41031	408	408
41032	295	295
41033	329	329
41034	319	319
41035	415	415
41036	344	344
41037	412	412
41038	327	327
41039	382	382
41040	343	343
41041	357	357
41042	326	326
41043	368	368
41044	327	327
41045	314	314
41046	379	379
41047	368	368
42001	433	433
42002	553	553
42003	537	537
42004	965	965
42005	438	438
42006	468	468
42007	610	610
42008	440	440
42009	599	599
42010	672	672
42011	313	313
42012	434	434
42013	427	427
42014	636	636
42015	536	536
42016	522	522
42017	655	655
42018	563	563
42019	622	622
42020	533	533
42021	548	548
42022	255	255
42023	524	524
42024	503	503
42025	481	481
42026	647	647
42027	357	357
42028	539	539
42029	539	539
42030	407	407
42031	580	580
42032	506	506
42033	603	603
42034	420	420
42035	640	640
42036	854	854
42037	374	374
42038	469	469
42039	699	699
42040	701	701
42041	529	529
42042	853	853
43001	275	275
43002	535	535
43003	482	482
43004	577	577
43005	445	445
43006	391	391
43007	329	329
43008	359	359
43009	504	504
43010	589	589
43011	448	448
43012	364	364
43013	484	484
43014	491	491
43015	486	486
43016	584	584
43017	382	382
43018	570	570
43019	563	563
43020	563	563
43021	553	553
43022	346	346
43023	358	358
43024	378	378
43025	409	409
43026	329	329
43027	488	488
43028	647	647
43029	480	480
43030	550	550
43031	483	483
43032	511	511
43033	483	483
43034	361	361
43035	538	538
43036	291	291
43037	567	567
43038	388	388
43039	472	472
43040	362	362
43041	675	675
43042	484	484
43043	450	450
43044	468	468
43045	302	302
43046	294	294
44001	848	848
44002	531	531
44003	339	339
44004	478	478
44005	644	644
44006	689	689
44007	372	372
44008	763	763
44009	553	553
44010	554	554
44011	586	586
44012	584	584
44013	438	438
44014	497	497
44015	496	496
44016	612	612
44017	739	739
44018	603	603
44019	673	673
44020	607	607
44021	695	695
44022	573	573
44023	552	552
44024	408	408
44025	550	550
44026	686	686
44027	646	646
44028	533	533
44029	558	558
44030	671	671
44031	465	465
44032	609	609
44033	618	618
44034	597	597
44035	659	659
44036	579	579
44037	616	616
44038	538	538
44039	571	571
44040	496	496
44041	702	702
45001	339	339
45002	409	409
45003	385	385
45004	507	507
45005	424	424
45006	551	551
45007	580	580
45008	417	417
45009	369	369
45010	394	394
45011	286	286
45012	359	359
45013	339	339
45014	498	498
45015	488	488
45016	337	337
45017	452	452
45018	397	397
45019	199	199
45020	276	276
45021	320	320
45022	348	348
45023	332	332
45024	291	291
45025	226	226
45026	179	179
45027	338	338
45028	289	289
45029	236	236
45030	337	337
45031	305	305
45032	322	322
45033	276	276
45034	375	375
45035	381	381
45036	387	387
45037	357	357
45038	329	329
45039	362	362
45040	348	348
45041	303	303
45042	338	338
45043	327	327
45044	348	348
45045	219	219
45046	251	251
45047	243	243
45048	282	282
46001	376	376
46002	469	469
46003	613	613
46004	479	479
46005	681	681
46006	438	438
46007	528	528
46008	335	335
46009	570	570
46010	816	816
46011	479	479
46012	568	568
46013	512	512
46014	470	470
46015	505	505
46016	612	612
46017	583	583
46018	566	566
46019	368	368
46020	420	420
46021	336	336
46022	376	376
46023	424	424
46024	617	617
46025	498	498
46026	578	578
46027	656	656
46028	498	498
46029	422	422
46030	547	547
46031	528	528
46032	520	520
46033	621	621
46034	615	615
46035	586	586
46036	509	509
46037	444	444
46038	554	554
46039	501	501
46040	434	434
47001	356	356
47002	513	513
47003	497	497
47004	577	577
47005	582	582
47006	637	637
47007	477	477
47008	509	509
47009	491	491
47010	681	681
47011	514	514
47012	557	557
47013	530	530
47014	473	473
47015	658	658
47016	515	515
47017	518	518
47018	502	502
47019	673	673
47020	513	513
47021	524	524
47022	551	551
47023	600	600
47024	557	557
47025	622	622
47026	705	705
47027	495	495
47028	492	492
47029	582	582
47030	671	671
47031	537	537
47032	663	663
47033	487	487
47034	555	555
47035	517	517
47036	618	618
47037	530	530
47038	515	515
47039	519	519
47040	535	535
47041	608	608
47042	557	557
47043	496	496
47044	498	498
47045	521	521
47046	508	508
47047	598	598
47048	43	43
48001	481	481
48002	242	242
48003	554	554
48004	496	496
48005	302	302
48006	615	615
48007	518	518
48008	270	270
48009	299	299
48010	737	737
48011	455	455
48012	626	626
48013	632	632
48014	249	249
48015	343	343
48016	523	523
48017	461	461
48018	349	349
48019	358	358
48020	597	597
48021	636	636
48022	445	445
48023	535	535
48024	535	535
48025	454	454
48026	243	243
48027	736	736
48028	501	501
48029	264	264
48030	456	456
48031	637	637
48032	530	530
48033	277	277
48034	446	446
48035	320	320
48036	295	295
48037	535	535
48038	520	520
48039	405	405
48040	454	454
48041	640	640
48042	598	598
48043	558	558
48044	655	655
48045	391	391
48046	326	326
49001	328	328
49002	357	357
49003	564	564
49004	611	611
49005	519	519
49006	480	480
49007	540	540
49008	419	419
49009	553	553
49010	497	497
49011	591	591
49012	701	701
49013	582	582
49014	437	437
49015	377	377
49016	490	490
49017	357	357
49018	674	674
49019	463	463
49020	751	751
49021	292	292
49022	480	480
49023	687	687
49024	435	435
49025	671	671
49026	554	554
49027	571	571
49028	681	681
49029	612	612
49030	585	585
49031	403	403
49032	508	508
49033	413	413
50001	286	286
50002	202	202
50003	273	273
50004	376	376
50005	193	193
50006	403	403
50007	427	427
50008	368	368
50009	305	305
50010	276	276
50011	162	162
50012	141	141
50013	412	412
50014	102	102
50015	428	428
50016	105	105
50017	311	311
50018	75	75
50019	214	214
50020	330	330
50021	311	311
50022	257	257
50023	207	207
50024	212	212
50025	285	285
50026	311	311
50027	88	88
50028	386	386
50029	311	311
50030	247	247
50031	450	450
50032	396	396
50033	229	229
50034	471	471
50035	484	484
50036	323	323
50037	397	397
50038	143	143
50039	194	194
50040	248	248
Barrington 1	448	448
Barrington 2	435	435
Barrington 3	426	426
Barrington 4	562	562
Barrington 5	372	372
Barrington 6	560	560
Barrington 7	134	134
Barrington 8	579	579
Barrington 9	336	336
Barrington 10	610	610
Barrington 11	298	298
Berwyn Ward 1 Precinct 1	317	317
Berwyn Ward 1 Precinct 2	339	339
Berwyn Ward 1 Precinct 3	564	564
Berwyn Ward 1 Precinct 4	328	328
Berwyn Ward 1 Precinct 5	331	331
Berwyn Ward 2 Precinct 1	264	264
Berwyn Ward 2 Precinct 2	327	327
Berwyn Ward 2 Precinct 3	472	472
Berwyn Ward 2 Precinct 4	582	582
Berwyn Ward 3 Precinct 1	390	390
Berwyn Ward 3 Precinct 2	305	305
Berwyn Ward 3 Precinct 3	307	307
Berwyn Ward 3 Precinct 4	389	389
Berwyn Ward 3 Precinct 5	540	540
Berwyn Ward 4 Precinct 1	259	259
Berwyn Ward 4 Precinct 2	411	411
Berwyn Ward 4 Precinct 3	464	464
Berwyn Ward 4 Precinct 4	260	260
Berwyn Ward 5 Precinct 1	613	613
Berwyn Ward 5 Precinct 2	385	385
Berwyn Ward 5 Precinct 3	348	348
Berwyn Ward 6 Precinct 1	213	213
Berwyn Ward 6 Precinct 2	294	294
Berwyn Ward 6 Precinct 3	394	394
Berwyn Ward 6 Precinct 4	460	460
Berwyn Ward 7 Precinct 1	352	352
Berwyn Ward 7 Precinct 2	379	379
Berwyn Ward 7 Precinct 3	433	433
Berwyn Ward 7 Precinct 4	530	530
Berwyn Ward 8 Precinct 1	638	638
Berwyn Ward 8 Precinct 2	375	375
Berwyn Ward 8 Precinct 3	259	259
Bloom 1	534	534
Bloom 2	505	505
Bloom 3	336	336
Bloom 4	361	361
Bloom 5	297	297
Bloom 6	184	184
Bloom 7	444	444
Bloom 8	383	383
Bloom 9	299	299
Bloom 10	181	181
Bloom 11	242	242
Bloom 12	440	440
Bloom 13	763	763
Bloom 14	627	627
Bloom 15	318	318
Bloom 16	439	439
Bloom 17	351	351
Bloom 18	395	395
Bloom 19	467	467
Bloom 20	422	422
Bloom 21	123	123
Bloom 22	364	364
Bloom 23	434	434
Bloom 24	747	747
Bloom 25	306	306
Bloom 26	279	279
Bloom 27	417	417
Bloom 28	386	386
Bloom 29	173	173
Bloom 30	562	562
Bloom 31	386	386
Bloom 32	331	331
Bloom 33	415	415
Bloom 34	276	276
Bloom 35	224	224
Bloom 36	612	612
Bloom 37	299	299
Bloom 38	1,055	1,055
Bloom 39	298	298
Bloom 40	304	304
Bloom 41	600	600
Bloom 42	445	445
Bloom 43	462	462
Bloom 44	484	484
Bloom 45	661	661
Bloom 46	321	321
Bloom 47	574	574
Bloom 48	370	370
Bloom 49	524	524
Bloom 50	418	418
Bloom 51	215	215
Bloom 52	327	327
Bloom 53	213	213
Bloom 54	395	395
Bloom 55	353	353
Bloom 56	348	348
Bloom 57	380	380
Bloom 58	336	336
Bloom 59	349	349
Bloom 60	416	416
Bloom 61	328	328
Bremen 1	398	398
Bremen 2	423	423
Bremen 3	319	319
Bremen 4	390	390
Bremen 5	261	261
Bremen 6	294	294
Bremen 7	267	267
Bremen 8	356	356
Bremen 9	303	303
Bremen 10	442	442
Bremen 11	444	444
Bremen 12	339	339
Bremen 13	404	404
Bremen 14	303	303
Bremen 15	275	275
Bremen 16	356	356
Bremen 17	403	403
Bremen 18	494	494
Bremen 19	168	168
Bremen 20	290	290
Bremen 21	486	486
Bremen 22	277	277
Bremen 23	149	149
Bremen 24	295	295
Bremen 25	469	469
Bremen 26	433	433
Bremen 27	425	425
Bremen 28	267	267
Bremen 29	642	642
Bremen 30	356	356
Bremen 31	429	429
Bremen 32	413	413
Bremen 33	323	323
Bremen 34	447	447
Bremen 35	291	291
Bremen 36	245	245
Bremen 37	220	220
Bremen 38	348	348
Bremen 39	278	278
Bremen 40	680	680
Bremen 41	241	241
Bremen 42	449	449
Bremen 43	279	279
Bremen 44	369	369
Bremen 45	203	203
Bremen 46	352	352
Bremen 47	384	384
Bremen 48	361	361
Bremen 49	394	394
Bremen 50	375	375
Bremen 51	560	560
Bremen 52	286	286
Bremen 53	220	220
Bremen 54	283	283
Bremen 55	347	347
Bremen 56	493	493
Bremen 57	360	360
Bremen 58	465	465
Bremen 59	372	372
Bremen 60	308	308
Bremen 61	347	347
Bremen 62	419	419
Bremen 63	581	581
Bremen 64	467	467
Bremen 65	201	201
Bremen 66	372	372
Bremen 67	474	474
Bremen 68	218	218
Bremen 69	423	423
Bremen 70	281	281
Bremen 71	328	328
Bremen 72	257	257
Bremen 73	393	393
Bremen 74	410	410
Bremen 75	518	518
Bremen 76	303	303
Bremen 77	555	555
Bremen 78	413	413
Bremen 79	386	386
Bremen 80	417	417
Calumet 1	408	408
Calumet 2	368	368
Calumet 3	435	435
Calumet 4	381	381
Calumet 5	379	379
Calumet 6	635	635
Calumet 7	494	494
Calumet 8	285	285
Calumet 9	347	347
Calumet 10	471	471
Calumet 11	641	641
Calumet 12	333	333
Cicero 1	445	445
Cicero 2	233	233
Cicero 3	292	292
Cicero 4	315	315
Cicero 5	460	460
Cicero 6	393	393
Cicero 7	268	268
Cicero 8	225	225
Cicero 9	388	388
Cicero 10	449	449
Cicero 11	421	421
Cicero 12	319	319
Cicero 13	372	372
Cicero 14	351	351
Cicero 15	407	407
Cicero 16	280	280
Cicero 17	429	429
Cicero 18	250	250
Cicero 19	519	519
Cicero 20	274	274
Cicero 21	378	378
Cicero 22	314	314
Cicero 23	483	483
Cicero 24	435	435
Cicero 25	351	351
Cicero 26	269	269
Cicero 27	394	394
Cicero 28	371	371
Cicero 29	352	352
Cicero 30	352	352
Cicero 31	276	276
Cicero 32	330	330
Elk Grove 1	393	393
Elk Grove 2	359	359
Elk Grove 3	461	461
Elk Grove 4	398	398
Elk Grove 5	615	615
Elk Grove 6	317	317
Elk Grove 7	510	510
Elk Grove 8	340	340
Elk Grove 9	393	393
Elk Grove 10	620	620
Elk Grove 11	471	471
Elk Grove 12	259	259
Elk Grove 13	382	382
Elk Grove 14	467	467
Elk Grove 15	307	307
Elk Grove 16	456	456
Elk Grove 17	359	359
Elk Grove 18	564	564
Elk Grove 19	494	494
Elk Grove 20	423	423
Elk Grove 21	345	345
Elk Grove 22	411	411
Elk Grove 23	639	639
Elk Grove 24	348	348
Elk Grove 25	366	366
Elk Grove 26	317	317
Elk Grove 27	477	477
Elk Grove 28	363	363
Elk Grove 29	370	370
Elk Grove 30	362	362
Elk Grove 31	253	253
Elk Grove 32	253	253
Elk Grove 33	242	242
Elk Grove 34	714	714
Elk Grove 35	336	336
Elk Grove 36	267	267
Elk Grove 37	469	469
Elk Grove 38	285	285
Elk Grove 39	531	531
Elk Grove 40	373	373
Elk Grove 41	291	291
Elk Grove 42	355	355
Elk Grove 43	395	395
Elk Grove 44	320	320
Elk Grove 45	340	340
Elk Grove 46	290	290
Elk Grove 47	521	521
Elk Grove 48	314	314
Elk Grove 49	416	416
Elk Grove 50	213	213
Elk Grove 51	537	537
Elk Grove 52	214	214
Evanston Ward 1 Precinct 1	455	455
Evanston Ward 1 Precinct 2	665	665
Evanston Ward 1 Precinct 3	618	618
Evanston Ward 1 Precinct 4	906	906
Evanston Ward 2 Precinct 1	1,133	1,133
Evanston Ward 2 Precinct 2	463	463
Evanston Ward 2 Precinct 3	564	564
Evanston Ward 2 Precinct 4	743	743
Evanston Ward 2 Precinct 5	528	528
Evanston Ward 3 Precinct 1	669	669
Evanston Ward 3 Precinct 2	778	778
Evanston Ward 3 Precinct 3	731	731
Evanston Ward 3 Precinct 4	358	358
Evanston Ward 3 Precinct 5	713	713
Evanston Ward 3 Precinct 6	621	621
Evanston Ward 3 Precinct 7	557	557
Evanston Ward 4 Precinct 1	381	381
Evanston Ward 4 Precinct 2	582	582
Evanston Ward 4 Precinct 3	477	477
Evanston Ward 4 Precinct 4	933	933
Evanston Ward 4 Precinct 5	347	347
Evanston Ward 4 Precinct 6	807	807
Evanston Ward 5 Precinct 1	537	537
Evanston Ward 5 Precinct 2	837	837
Evanston Ward 5 Precinct 3	590	590
Evanston Ward 5 Precinct 4	314	314
Evanston Ward 6 Precinct 1	961	961
Evanston Ward 6 Precinct 2	501	501
Evanston Ward 6 Precinct 3	530	530
Evanston Ward 6 Precinct 4	650	650
Evanston Ward 6 Precinct 5	835	835
Evanston Ward 6 Precinct 6	449	449
Evanston Ward 6 Precinct 7	800	800
Evanston Ward 7 Precinct 1	964	964
Evanston Ward 7 Precinct 2	1,026	1,026
Evanston Ward 7 Precinct 3	391	391
Evanston Ward 7 Precinct 4	474	474
Evanston Ward 7 Precinct 5	830	830
Evanston Ward 7 Precinct 6	43	43
Evanston Ward 8 Precinct 1	706	706
Evanston Ward 8 Precinct 2	548	548
Evanston Ward 8 Precinct 3	462	462
Evanston Ward 8 Precinct 4	610	610
Evanston Ward 8 Precinct 5	734	734
Evanston Ward 9 Precinct 1	494	494
Evanston Ward 9 Precinct 2	581	581
Evanston Ward 9 Precinct 3	837	837
Evanston Ward 9 Precinct 4	724	724
Evanston Ward 9 Precinct 5	425	425
Evanston Ward 9 Precinct 6	559	559
Hanover 1	567	567
Hanover 2	399	399
Hanover 3	201	201
Hanover 4	396	396
Hanover 5	380	380
Hanover 6	338	338
Hanover 7	448	448
Hanover 8	355	355
Hanover 9	430	430
Hanover 10	248	248
Hanover 11	418	418
Hanover 12	268	268
Hanover 13	296	296
Hanover 14	520	520
Hanover 15	312	312
Hanover 16	535	535
Hanover 17	303	303
Hanover 18	399	399
Hanover 19	330	330
Hanover 20	608	608
Hanover 21	231	231
Hanover 22	381	381
Hanover 23	427	427
Hanover 24	406	406
Hanover 25	389	389
Hanover 26	574	574
Hanover 27	1,200	1,200
Hanover 28	553	553
Hanover 29	258	258
Hanover 30	437	437
Hanover 31	310	310
Hanover 32	340	340
Hanover 33	399	399
Hanover 34	494	494
Hanover 35	418	418
Hanover 36	321	321
Hanover 37	550	550
Hanover 38	446	446
Hanover 39	486	486
Hanover 40	497	497
Hanover 41	630	630
Hanover 42	448	448
Hanover 43	455	455
Hanover 44	526	526
Lemont 1	374	374
Lemont 2	327	327
Lemont 3	502	502
Lemont 4	428	428
Lemont 5	449	449
Lemont 6	448	448
Lemont 7	401	401
Lemont 8	497	497
Lemont 9	257	257
Lemont 10	359	359
Lemont 11	559	559
Lemont 12	523	523
Lemont 13	524	524
Lemont 14	420	420
Leyden 1	261	261
Leyden 2	182	182
Leyden 3	456	456
Leyden 4	352	352
Leyden 5	354	354
Leyden 6	492	492
Leyden 7	218	218
Leyden 8	469	469
Leyden 9	494	494
Leyden 10	512	512
Leyden 11	387	387
Leyden 12	342	342
Leyden 13	453	453
Leyden 14	320	320
Leyden 15	445	445
Leyden 16	412	412
Leyden 17	319	319
Leyden 18	223	223
Leyden 19	400	400
Leyden 20	202	202
Leyden 21	269	269
Leyden 22	298	298
Leyden 23	692	692
Leyden 24	404	404
Leyden 25	235	235
Leyden 26	609	609
Leyden 27	75	75
Leyden 28	191	191
Leyden 29	266	266
Leyden 30	435	435
Leyden 31	413	413
Leyden 32	469	469
Leyden 33	390	390
Leyden 34	289	289
Leyden 35	197	197
Leyden 36	384	384
Leyden 37	247	247
Leyden 38	144	144
Leyden 39	284	284
Leyden 40	363	363
Leyden 41	216	216
Leyden 42	352	352
Leyden 43	302	302
Leyden 44	324	324
Leyden 45	276	276
Leyden 46	337	337
Leyden 47	311	311
Leyden 48	417	417
Leyden 49	564	564
Leyden 50	540	540
Lyons 1	48	48
Lyons 2	379	379
Lyons 3	349	349
Lyons 4	677	677
Lyons 5	445	445
Lyons 6	302	302
Lyons 7	451	451
Lyons 8	263	263
Lyons 9	578	578
Lyons 10	398	398
Lyons 11	356	356
Lyons 12	296	296
Lyons 13	196	196
Lyons 14	573	573
Lyons 15	520	520
Lyons 16	840	840
Lyons 17	281	281
Lyons 18	405	405
Lyons 19	383	383
Lyons 20	763	763
Lyons 21	755	755
Lyons 22	289	289
Lyons 23	450	450
Lyons 24	371	371
Lyons 25	409	409
Lyons 26	277	277
Lyons 27	374	374
Lyons 28	533	533
Lyons 29	302	302
Lyons 30	67	67
Lyons 31	422	422
Lyons 32	201	201
Lyons 33	154	154
Lyons 34	202	202
Lyons 35	325	325
Lyons 36	385	385
Lyons 37	278	278
Lyons 38	199	199
Lyons 39	482	482
Lyons 40	358	358
Lyons 41	244	244
Lyons 42	430	430
Lyons 43	403	403
Lyons 44	690	690
Lyons 45	634	634
Lyons 46	309	309
Lyons 47	458	458
Lyons 48	418	418
Lyons 49	261	261
Lyons 50	515	515
Lyons 51	308	308
Lyons 52	464	464
Lyons 53	427	427
Lyons 54	240	240
Lyons 55	510	510
Lyons 56	545	545
Lyons 57	435	435
Lyons 58	268	268
Lyons 59	342	342
Lyons 60	637	637
Lyons 61	423	423
Lyons 62	196	196
Lyons 63	547	547
Lyons 64	370	370
Lyons 65	513	513
Lyons 66	278	278
Lyons 67	430	430
Lyons 68	307	307
Lyons 69	582	582
Lyons 70	370	370
Lyons 71	171	171
Lyons 72	584	584
Lyons 73	427	427
Lyons 74	201	201
Lyons 75	268	268
Lyons 76	276	276
Lyons 77	282	282
Lyons 78	267	267
Maine 1	268	268
Maine 2	330	330
Maine 3	186	186
Maine 4	435	435
Maine 5	466	466
Maine 6	605	605
Maine 7	301	301
Maine 8	443	443
Maine 9	687	687
Maine 10	324	324
Maine 11	296	296
Maine 12	311	311
Maine 13	424	424
Maine 14	547	547
Maine 15	236	236
Maine 16	313	313
Maine 17	417	417
Maine 18	369	369
Maine 19	284	284
Maine 20	243	243
Maine 21	549	549
Maine 22	555	555
Maine 23	337	337
Maine 24	587	587
Maine 25	486	486
Maine 26	408	408
Maine 27	319	319
Maine 28	205	205
Maine 29	602	602
Maine 30	993	993
Maine 31	391	391
Maine 32	242	242
Maine 33	274	274
Maine 34	510	510
Maine 35	401	401
Maine 36	380	380
Maine 37	404	404
Maine 38	299	299
Maine 39	359	359
Maine 40	347	347
Maine 41	307	307
Maine 42	636	636
Maine 43	323	323
Maine 44	283	283
Maine 45	180	180
Maine 46	390	390
Maine 47	427	427
Maine 48	514	514
Maine 49	393	393
Maine 50	399	399
Maine 51	356	356
Maine 52	395	395
Maine 53	361	361
Maine 54	441	441
Maine 55	313	313
Maine 56	471	471
Maine 57	242	242
Maine 58	388	388
Maine 59	368	368
Maine 60	663	663
Maine 61	242	242
Maine 62	200	200
Maine 63	295	295
Maine 64	290	290
Maine 65	252	252
Maine 66	169	169
Maine 67	536	536
Maine 68	298	298
Maine 69	340	340
Maine 70	418	418
Maine 71	208	208
Maine 72	310	310
Maine 73	123	123
Maine 74	338	338
Maine 75	323	323
Maine 76	214	214
Maine 77	635	635
Maine 78	335	335
Maine 79	351	351
Maine 80	394	394
Maine 81	217	217
Maine 82	382	382
Maine 83	282	282
Maine 84	189	189
Maine 85	226	226
Maine 86	346	346
Maine 87	259	259
Maine 88	229	229
Maine 89	263	263
Maine 90	208	208
Maine 91	575	575
Maine 92	262	262
New Trier 1	778	778
New Trier 2	852	852
New Trier 3	562	562
New Trier 4	700	700
New Trier 5	444	444
New Trier 6	379	379
New Trier 7	535	535
New Trier 8	396	396
New Trier 9	507	507
New Trier 10	498	498
New Trier 11	573	573
New Trier 12	537	537
New Trier 13	677	677
New Trier 14	581	581
New Trier 15	675	675
New Trier 16	650	650
New Trier 17	523	523
New Trier 18	404	404
New Trier 19	319	319
New Trier 20	682	682
New Trier 21	603	603
New Trier 22	454	454
New Trier 23	460	460
New Trier 24	673	673
New Trier 25	446	446
New Trier 26	428	428
New Trier 27	559	559
New Trier 28	431	431
New Trier 29	492	492
New Trier 30	625	625
New Trier 31	592	592
New Trier 32	495	495
New Trier 33	664	664
New Trier 34	422	422
New Trier 35	346	346
New Trier 36	720	720
New Trier 37	564	564
New Trier 38	607	607
New Trier 39	380	380
New Trier 40	319	319
New Trier 41	408	408
Niles 1	442	442
Niles 2	491	491
Niles 3	739	739
Niles 4	332	332
Niles 5	251	251
Niles 6	393	393
Niles 7	697	697
Niles 8	259	259
Niles 9	299	299
Niles 10	492	492
Niles 11	257	257
Niles 12	330	330
Niles 13	506	506
Niles 14	632	632
Niles 15	511	511
Niles 16	609	609
Niles 17	592	592
Niles 18	312	312
Niles 19	502	502
Niles 20	416	416
Niles 21	736	736
Niles 22	432	432
Niles 23	502	502
Niles 24	534	534
Niles 25	284	284
Niles 26	491	491
Niles 27	409	409
Niles 28	561	561
Niles 29	289	289
Niles 30	340	340
Niles 31	526	526
Niles 32	258	258
Niles 33	613	613
Niles 34	453	453
Niles 35	537	537
Niles 36	322	322
Niles 37	484	484
Niles 38	721	721
Niles 39	548	548
Niles 40	219	219
Niles 41	548	548
Niles 42	448	448
Niles 43	566	566
Niles 44	558	558
Niles 45	378	378
Niles 46	543	543
Niles 47	300	300
Niles 48	419	419
Niles 49	734	734
Niles 50	504	504
Niles 51	237	237
Niles 52	353	353
Niles 53	673	673
Niles 54	300	300
Niles 55	342	342
Niles 56	565	565
Niles 57	516	516
Niles 58	481	481
Niles 59	694	694
Niles 60	638	638
Niles 61	608	608
Niles 62	288	288
Niles 63	596	596
Niles 64	599	599
Northfield 1	495	495
Northfield 2	477	477
Northfield 3	385	385
Northfield 4	451	451
Northfield 5	326	326
Northfield 6	467	467
Northfield 7	658	658
Northfield 8	481	481
Northfield 9	368	368
Northfield 10	418	418
Northfield 11	276	276
Northfield 12	784	784
Northfield 13	387	387
Northfield 14	413	413
Northfield 15	405	405
Northfield 16	580	580
Northfield 17	439	439
Northfield 18	675	675
Northfield 19	527	527
Northfield 20	523	523
Northfield 21	738	738
Northfield 22	550	550
Northfield 23	358	358
Northfield 24	473	473
Northfield 25	431	431
Northfield 26	446	446
Northfield 27	478	478
Northfield 28	791	791
Northfield 29	415	415
Northfield 30	549	549
Northfield 31	578	578
Northfield 32	671	671
Northfield 33	246	246
Northfield 34	336	336
Northfield 35	463	463
Northfield 36	323	323
Northfield 37	536	536
Northfield 38	406	406
Northfield 39	258	258
Northfield 40	282	282
Northfield 41	469	469
Northfield 42	441	441
Northfield 43	561	561
Northfield 44	389	389
Northfield 45	616	616
Northfield 46	694	694
Northfield 47	658	658
Northfield 48	448	448
Northfield 49	407	407
Northfield 50	564	564
Northfield 51	1,174	1,174
Northfield 52	491	491
Northfield 53	531	531
Northfield 54	440	440
Northfield 55	525	525
Northfield 56	625	625
Northfield 57	323	323
Northfield 58	262	262
Northfield 59	450	450
Northfield 60	684	684
Northfield 61	352	352
Northfield 62	530	530
Norwood Park 1	379	379
Norwood Park 2	395	395
Norwood Park 3	489	489
Norwood Park 4	457	457
Norwood Park 5	336	336
Norwood Park 6	485	485
Norwood Park 7	275	275
Norwood Park 8	234	234
Norwood Park 9	235	235
Norwood Park 10	248	248
Norwood Park 11	615	615
Norwood Park 12	343	343
Norwood Park 13	273	273
Norwood Park 14	352	352
Norwood Park 15	303	303
Norwood Park 16	257	257
Norwood Park 17	361	361
Oak Park 1	495	495
Oak Park 2	813	813
Oak Park 3	851	851
Oak Park 4	720	720
Oak Park 5	757	757
Oak Park 6	832	832
Oak Park 7	529	529
Oak Park 8	672	672
Oak Park 9	422	422
Oak Park 10	647	647
Oak Park 11	583	583
Oak Park 12	367	367
Oak Park 13	632	632
Oak Park 14	713	713
Oak Park 15	842	842
Oak Park 16	921	921
Oak Park 17	954	954
Oak Park 18	577	577
Oak Park 19	692	692
Oak Park 20	938	938
Oak Park 21	493	493
Oak Park 22	489	489
Oak Park 23	644	644
Oak Park 24	472	472
Oak Park 25	634	634
Oak Park 26	594	594
Oak Park 27	185	185
Oak Park 28	865	865
Oak Park 29	611	611
Oak Park 30	778	778
Oak Park 31	1,014	1,014
Oak Park 32	449	449
Oak Park 33	596	596
Oak Park 34	561	561
Oak Park 35	780	780
Oak Park 36	796	796
Oak Park 37	430	430
Orland 1	617	617
Orland 2	470	470
Orland 3	248	248
Orland 4	281	281
Orland 5	285	285
Orland 6	278	278
Orland 7	237	237
Orland 8	319	319
Orland 9	467	467
Orland 10	418	418
Orland 11	274	274
Orland 12	171	171
Orland 13	601	601
Orland 14	404	404
Orland 15	513	513
Orland 16	353	353
Orland 17	292	292
Orland 18	526	526
Orland 19	270	270
Orland 20	212	212
Orland 21	486	486
Orland 22	405	405
Orland 23	330	330
Orland 24	345	345
Orland 25	660	660
Orland 26	335	335
Orland 27	269	269
Orland 28	269	269
Orland 29	554	554
Orland 30	261	261
Orland 31	295	295
Orland 32	234	234
Orland 33	337	337
Orland 34	428	428
Orland 35	411	411
Orland 36	496	496
Orland 37	440	440
Orland 38	230	230
Orland 39	322	322
Orland 40	431	431
Orland 41	357	357
Orland 42	474	474
Orland 43	370	370
Orland 44	339	339
Orland 45	390	390
Orland 46	314	314
Orland 47	548	548
Orland 48	382	382
Orland 49	292	292
Orland 50	334	334
Orland 51	474	474
Orland 52	413	413
Orland 53	323	323
Orland 54	550	550
Orland 55	307	307
Orland 56	311	311
Orland 57	400	400
Orland 58	409	409
Orland 59	393	393
Orland 60	292	292
Orland 61	329	329
Orland 62	442	442
Orland 63	419	419
Orland 64	494	494
Orland 65	352	352
Orland 66	359	359
Orland 67	278	278
Orland 68	315	315
Orland 69	234	234
Orland 70	533	533
Orland 71	341	341
Orland 72	332	332
Orland 73	534	534
Orland 74	275	275
Orland 75	442	442
Palatine 1	330	330
Palatine 2	616	616
Palatine 3	320	320
Palatine 4	268	268
Palatine 5	570	570
Palatine 6	538	538
Palatine 7	490	490
Palatine 8	526	526
Palatine 9	390	390
Palatine 10	507	507
Palatine 11	373	373
Palatine 12	384	384
Palatine 13	379	379
Palatine 14	437	437
Palatine 15	525	525
Palatine 16	307	307
Palatine 17	450	450
Palatine 18	331	331
Palatine 19	451	451
Palatine 20	415	415
Palatine 21	571	571
Palatine 22	443	443
Palatine 23	281	281
Palatine 24	541	541
Palatine 25	391	391
Palatine 26	591	591
Palatine 27	329	329
Palatine 28	313	313
Palatine 29	574	574
Palatine 30	353	353
Palatine 31	348	348
Palatine 32	426	426
Palatine 33	279	279
Palatine 34	556	556
Palatine 35	409	409
Palatine 36	393	393
Palatine 37	530	530
Palatine 38	411	411
Palatine 39	591	591
Palatine 40	633	633
Palatine 41	603	603
Palatine 42	597	597
Palatine 43	405	405
Palatine 44	452	452
Palatine 45	369	369
Palatine 46	497	497
Palatine 47	453	453
Palatine 48	340	340
Palatine 49	283	283
Palatine 50	652	652
Palatine 51	254	254
Palatine 52	428	428
Palatine 53	348	348
Palatine 54	584	584
Palatine 55	306	306
Palatine 56	521	521
Palatine 57	627	627
Palatine 58	379	379
Palatine 59	621	621
Palatine 60	446	446
Palatine 61	266	266
Palatine 62	366	366
Palatine 63	437	437
Palatine 64	420	420
Palatine 65	393	393
Palatine 66	532	532
Palatine 67	309	309
Palatine 68	365	365
Palatine 69	425	425
Palos 1	238	238
Palos 2	307	307
Palos 3	323	323
Palos 4	300	300
Palos 5	251	251
Palos 6	212	212
Palos 7	436	436
Palos 8	152	152
Palos 9	302	302
Palos 10	423	423
Palos 11	387	387
Palos 12	359	359
Palos 13	355	355
Palos 14	264	264
Palos 15	354	354
Palos 16	511	511
Palos 17	476	476
Palos 18	441	441
Palos 19	480	480
Palos 20	423	423
Palos 21	262	262
Palos 22	71	71
Palos 23	254	254
Palos 24	237	237
Palos 25	430	430
Palos 26	236	236
Palos 27	427	427
Palos 28	350	350
Palos 29	410	410
Palos 30	479	479
Palos 31	402	402
Palos 32	200	200
Palos 33	487	487
Palos 34	273	273
Palos 35	482	482
Palos 36	462	462
Palos 37	430	430
Palos 38	345	345
Palos 39	431	431
Proviso 1	375	375
Proviso 2	360	360
Proviso 3	524	524
Proviso 4	484	484
Proviso 5	482	482
Proviso 6	330	330
Proviso 7	99	99
Proviso 8	313	313
Proviso 9	423	423
Proviso 10	340	340
Proviso 11	314	314
Proviso 12	479	479
Proviso 13	426	426
Proviso 14	276	276
Proviso 15	373	373
Proviso 16	406	406
Proviso 17	309	309
Proviso 18	608	608
Proviso 19	469	469
Proviso 20	422	422
Proviso 21	393	393
Proviso 22	385	385
Proviso 23	201	201
Proviso 24	686	686
Proviso 25	547	547
Proviso 26	581	581
Proviso 27	508	508
Proviso 28	496	496
Proviso 29	610	610
Proviso 30	507	507
Proviso 31	312	312
Proviso 32	541	541
Proviso 33	546	546
Proviso 34	787	787
Proviso 35	515	515
Proviso 36	469	469
Proviso 37	326	326
Proviso 38	434	434
Proviso 39	551	551
Proviso 40	479	479
Proviso 41	406	406
Proviso 42	313	313
Proviso 43	315	315
Proviso 44	346	346
Proviso 45	426	426
Proviso 46	129	129
Proviso 47	258	258
Proviso 48	579	579
Proviso 49	345	345
Proviso 50	676	676
Proviso 51	500	500
Proviso 52	332	332
Proviso 53	480	480
Proviso 54	707	707
Proviso 55	439	439
Proviso 56	370	370
Proviso 57	399	399
Proviso 58	296	296
Proviso 59	393	393
Proviso 60	320	320
Proviso 61	565	565
Proviso 62	606	606
Proviso 63	532	532
Proviso 64	490	490
Proviso 65	386	386
Proviso 66	616	616
Proviso 67	749	749
Proviso 68	315	315
Proviso 69	368	368
Proviso 70	396	396
Proviso 71	773	773
Proviso 72	437	437
Proviso 73	463	463
Proviso 74	530	530
Proviso 75	533	533
Proviso 76	576	576
Proviso 77	287	287
Proviso 78	120	120
Proviso 79	387	387
Proviso 80	276	276
Proviso 81	374	374
Proviso 82	679	679
Proviso 83	569	569
Proviso 84	290	290
Proviso 85	515	515
Proviso 86	461	461
Proviso 87	454	454
Proviso 88	189	189
Proviso 89	372	372
Proviso 90	743	743
Proviso 91	383	383
Proviso 92	602	602
Proviso 93	343	343
Proviso 94	401	401
Proviso 95	366	366
Proviso 96	268	268
Proviso 97	608	608
Proviso 98	456	456
Proviso 99	486	486
Proviso 100	553	553
Proviso 101	400	400
Proviso 102	552	552
Rich 1	1,758	1,758
Rich 2	540	540
Rich 3	761	761
Rich 4	442	442
Rich 5	657	657
Rich 6	735	735
Rich 7	473	473
Rich 8	850	850
Rich 9	687	687
Rich 10	421	421
Rich 11	503	503
Rich 12	602	602
Rich 13	299	299
Rich 14	421	421
Rich 15	864	864
Rich 16	380	380
Rich 17	427	427
Rich 18	565	565
Rich 19	316	316
Rich 20	683	683
Rich 21	626	626
Rich 22	484	484
Rich 23	744	744
Rich 24	592	592
Rich 25	775	775
Rich 26	577	577
Rich 27	590	590
Rich 28	434	434
Rich 29	512	512
Rich 30	747	747
Rich 31	440	440
Rich 32	702	702
Rich 33	405	405
Rich 34	527	527
Rich 35	413	413
Rich 36	1,267	1,267
Rich 37	428	428
Rich 38	503	503
Rich 39	582	582
Rich 40	490	490
Rich 41	358	358
Rich 42	508	508
Rich 43	602	602
Rich 44	405	405
Rich 45	696	696
Rich 46	790	790
Rich 47	807	807
Rich 48	593	593
Rich 49	492	492
Rich 50	210	210
Rich 51	490	490
River Forest 1	739	739
River Forest 2	465	465
River Forest 3	544	544
River Forest 4	654	654
River Forest 5	417	417
River Forest 6	392	392
River Forest 7	545	545
River Forest 8	722	722
Riverside 1	556	556
Riverside 2	47	47
Riverside 3	328	328
Riverside 4	645	645
Riverside 5	346	346
Riverside 6	396	396
Riverside 7	351	351
Riverside 8	573	573
Riverside 9	401	401
Riverside 10	553	553
Riverside 11	635	635
Riverside 12	322	322
Riverside 13	478	478
Schaumburg 1	700	700
Schaumburg 2	618	618
Schaumburg 3	410	410
Schaumburg 4	278	278
Schaumburg 5	259	259
Schaumburg 6	361	361
Schaumburg 7	303	303
Schaumburg 8	345	345
Schaumburg 9	367	367
Schaumburg 10	279	279
Schaumburg 11	355	355
Schaumburg 12	436	436
Schaumburg 13	302	302
Schaumburg 14	447	447
Schaumburg 15	388	388
Schaumburg 16	476	476
Schaumburg 17	409	409
Schaumburg 18	375	375
Schaumburg 19	331	331
Schaumburg 20	319	319
Schaumburg 21	550	550
Schaumburg 22	487	487
Schaumburg 23	444	444
Schaumburg 24	485	485
Schaumburg 25	424	424
Schaumburg 26	467	467
Schaumburg 27	379	379
Schaumburg 28	529	529
Schaumburg 29	495	495
Schaumburg 30	375	375
Schaumburg 31	566	566
Schaumburg 32	543	543
Schaumburg 33	344	344
Schaumburg 34	513	513
Schaumburg 35	311	311
Schaumburg 36	296	296
Schaumburg 37	286	286
Schaumburg 38	409	409
Schaumburg 39	612	612
Schaumburg 40	354	354
Schaumburg 41	359	359
Schaumburg 42	479	479
Schaumburg 43	373	373
Schaumburg 44	516	516
Schaumburg 45	445	445
Schaumburg 46	305	305
Schaumburg 47	358	358
Schaumburg 48	313	313
Schaumburg 49	300	300
Schaumburg 50	293	293
Schaumburg 51	355	355
Schaumburg 52	550	550
Schaumburg 53	409	409
Schaumburg 54	468	468
Schaumburg 55	338	338
Schaumburg 56	456	456
Schaumburg 57	524	524
Schaumburg 58	256	256
Schaumburg 59	503	503
Schaumburg 60	316	316
Schaumburg 61	613	613
Schaumburg 62	504	504
Schaumburg 63	371	371
Schaumburg 64	375	375
Schaumburg 65	325	325
Schaumburg 66	360	360
Schaumburg 67	404	404
Schaumburg 68	378	378
Schaumburg 69	350	350
Schaumburg 70	317	317
Schaumburg 71	391	391
Schaumburg 72	357	357
Schaumburg 73	460	460
Schaumburg 74	324	324
Schaumburg 75	353	353
Schaumburg 76	392	392
Schaumburg 77	546	546
Schaumburg 78	348	348
Stickney 1	188	188
Stickney 2	300	300
Stickney 3	565	565
Stickney 4	433	433
Stickney 5	474	474
Stickney 6	538	538
Stickney 7	234	234
Stickney 8	372	372
Stickney 9	372	372
Stickney 10	477	477
Stickney 11	427	427
Stickney 12	409	409
Stickney 13	347	347
Stickney 14	458	458
Stickney 15	458	458
Stickney 16	482	482
Stickney 17	278	278
Stickney 18	208	208
Stickney 19	336	336
Stickney 20	342	342
Thornton 1	269	269
Thornton 2	210	210
Thornton 3	396	396
Thornton 4	543	543
Thornton 5	325	325
Thornton 6	584	584
Thornton 7	440	440
Thornton 8	440	440
Thornton 9	270	270
Thornton 10	417	417
Thornton 11	233	233
Thornton 12	341	341
Thornton 13	374	374
Thornton 14	448	448
Thornton 15	417	417
Thornton 16	408	408
Thornton 17	465	465
Thornton 18	567	567
Thornton 19	496	496
Thornton 20	258	258
Thornton 21	626	626
Thornton 22	419	419
Thornton 23	397	397
Thornton 24	482	482
Thornton 25	426	426
Thornton 26	405	405
Thornton 27	573	573
Thornton 28	333	333
Thornton 29	268	268
Thornton 30	254	254
Thornton 31	117	117
Thornton 32	315	315
Thornton 33	409	409
Thornton 34	661	661
Thornton 35	632	632
Thornton 36	220	220
Thornton 37	478	478
Thornton 38	626	626
Thornton 39	350	350
Thornton 40	323	323
Thornton 41	296	296
Thornton 42	301	301
Thornton 43	341	341
Thornton 44	301	301
Thornton 45	398	398
Thornton 46	488	488
Thornton 47	322	322
Thornton 48	407	407
Thornton 49	225	225
Thornton 50	344	344
Thornton 51	334	334
Thornton 52	436	436
Thornton 53	300	300
Thornton 54	683	683
Thornton 55	315	315
Thornton 56	401	401
Thornton 57	299	299
Thornton 58	470	470
Thornton 59	317	317
Thornton 60	280	280
Thornton 61	288	288
Thornton 62	132	132
Thornton 63	219	219
Thornton 64	419	419
Thornton 65	509	509
Thornton 66	699	699
Thornton 67	558	558
Thornton 68	414	414
Thornton 69	316	316
Thornton 70	219	219
Thornton 71	236	236
Thornton 72	427	427
Thornton 73	632	632
Thornton 74	467	467
Thornton 75	425	425
Thornton 76	475	475
Thornton 77	670	670
Thornton 78	478	478
Thornton 79	561	561
Thornton 80	418	418
Thornton 81	418	418
Thornton 82	328	328
Thornton 83	586	586
Thornton 84	595	595
Thornton 85	389	389
Thornton 86	395	395
Thornton 87	620	620
Thornton 88	436	436
Thornton 89	621	621
Thornton 90	481	481
Thornton 91	446	446
Thornton 92	478	478
Thornton 93	297	297
Thornton 94	502	502
Thornton 95	332	332
Thornton 96	337	337
Thornton 97	182	182
Thornton 98	154	154
Thornton 99	362	362
Thornton 100	266	266
Thornton 101	372	372
Thornton 102	239	239
Thornton 103	249	249
Thornton 104	174	174
Thornton 105	400	400
Thornton 106	307	307
Thornton 107	619	619
Thornton 108	244	244
Thornton 109	307	307
Thornton 110	269	269
Thornton 111	318	318
Thornton 112	225	225
Thornton 113	218	218
Thornton 114	432	432
Thornton 115	448	448
Thornton 116	465	465
Thornton 117	476	476
Thornton 118	436	436
Thornton 119	417	417
Thornton 120	714	714
Thornton 121	346	346
Thornton 122	592	592
Thornton 123	312	312
Wheeling 1	398	398
Wheeling 2	316	316
Wheeling 3	452	452
Wheeling 4	299	299
Wheeling 5	435	435
Wheeling 6	277	277
Wheeling 7	644	644
Wheeling 8	315	315
Wheeling 9	337	337
Wheeling 10	562	562
Wheeling 11	551	551
Wheeling 12	577	577
Wheeling 13	366	366
Wheeling 14	353	353
Wheeling 15	392	392
Wheeling 16	166	166
Wheeling 17	375	375
Wheeling 18	395	395
Wheeling 19	602	602
Wheeling 20	497	497
Wheeling 21	303	303
Wheeling 22	513	513
Wheeling 23	395	395
Wheeling 24	343	343
Wheeling 25	584	584
Wheeling 26	643	643
Wheeling 27	659	659
Wheeling 28	580	580
Wheeling 29	252	252
Wheeling 30	594	594
Wheeling 31	311	311
Wheeling 32	289	289
Wheeling 33	223	223
Wheeling 34	554	554
Wheeling 35	409	409
Wheeling 36	679	679
Wheeling 37	515	515
Wheeling 38	502	502
Wheeling 39	502	502
Wheeling 40	458	458
Wheeling 41	707	707
Wheeling 42	552	552
Wheeling 43	410	410
Wheeling 44	501	501
Wheeling 45	375	375
Wheeling 46	694	694
Wheeling 47	352	352
Wheeling 48	373	373
Wheeling 49	539	539
Wheeling 50	361	361
Wheeling 51	475	475
Wheeling 52	388	388
Wheeling 53	489	489
Wheeling 54	481	481
Wheeling 55	456	456
Wheeling 56	382	382
Wheeling 57	517	517
Wheeling 58	329	329
Wheeling 59	479	479
Wheeling 60	352	352
Wheeling 61	485	485
Wheeling 62	515	515
Wheeling 63	325	325
Wheeling 64	655	655
Wheeling 65	573	573
Wheeling 66	545	545
Wheeling 67	311	311
Wheeling 68	266	266
Wheeling 69	436	436
Wheeling 70	595	595
Wheeling 71	679	679
Wheeling 72	430	430
Wheeling 73	453	453
Wheeling 74	321	321
Wheeling 75	444	444
Wheeling 76	513	513
Wheeling 77	183	183
Wheeling 78	686	686
Wheeling 79	390	390
Wheeling 80	349	349
Wheeling 81	371	371
Wheeling 82	601	601
Wheeling 83	706	706
Wheeling 84	563	563
Wheeling 85	343	343
Wheeling 86	506	506
Wheeling 87	411	411
Wheeling 88	509	509
Wheeling 89	282	282
Wheeling 90	438	438
Wheeling 91	558	558
Wheeling 92	659	659
Worth 1	237	237
Worth 2	467	467
Worth 3	453	453
Worth 4	614	614
Worth 5	446	446
Worth 6	437	437
Worth 7	380	380
Worth 8	509	509
Worth 9	494	494
Worth 10	561	561
Worth 11	452	452
Worth 12	278	278
Worth 13	517	517
Worth 14	420	420
Worth 15	595	595
Worth 16	524	524
Worth 17	485	485
Worth 18	298	298
Worth 19	430	430
Worth 20	320	320
Worth 21	592	592
Worth 22	347	347
Worth 23	417	417
Worth 24	235	235
Worth 25	492	492
Worth 26	324	324
Worth 27	349	349
Worth 28	300	300
Worth 29	418	418
Worth 30	442	442
Worth 31	591	591
Worth 32	325	325
Worth 33	382	382
Worth 34	418	418
Worth 35	445	445
Worth 36	490	490
Worth 37	366	366
Worth 38	545	545
Worth 39	423	423
Worth 40	477	477
Worth 41	243	243
Worth 42	343	343
Worth 43	299	299
Worth 44	270	270
Worth 45	393	393
Worth 46	527	527
Worth 47	231	231
Worth 48	331	331
Worth 49	274	274
Worth 50	458	458
Worth 51	288	288
Worth 52	279	279
Worth 53	422	422
Worth 54	493	493
Worth 55	230	230
Worth 56	436	436
Worth 57	490	490
Worth 58	461	461
Worth 59	636	636
Worth 60	259	259
Worth 61	344	344
Worth 62	242	242
Worth 63	443	443
Worth 64	561	561
Worth 65	592	592
Worth 66	295	295
Worth 67	239	239
Worth 68	398	398
Worth 69	547	547
Worth 70	502	502
Worth 71	312	312
Worth 72	503	503
Worth 73	285	285
Worth 74	223	223
Worth 75	508	508
Worth 76	213	213
Worth 77	426	426
Worth 78	522	522
Worth 79	255	255
Worth 80	541	541
Worth 81	292	292
Worth 82	409	409
Worth 83	201	201
Worth 84	430	430
Worth 85	446	446
Worth 86	391	391
Worth 87	377	377
Worth 88	252	252
Worth 89	525	525
Worth 90	464	464
Worth 91	246	246
Worth 92	452	452
Worth 93	245	245
Worth 94	453	453
Worth 95	431	431
Worth 96	577	577
Worth 97	385	385
Worth 98	481	481
Worth 99	254	254
Worth 100	427	427
